[90m9:24PM[0m [32mINF[0m [1m🐶 K9s starting up...[0m
[90m9:24PM[0m [32mINF[0m [1m✅ Kubernetes connectivity[0m
[90m9:25PM[0m [31mERR[0m [1mCommand failed[0m [36merror=[0m[31m[1m"exit status 1"[0m[0m
[90m9:25PM[0m [31mERR[0m [1mExec failed "/usr/local/bin/kubectl edit --context default statefulsets.v1.apps/argocd-application-controller -n argocd": exit status 1
[0m [36merror=[0m[31m[1m"exit status 1\n"[0m[0m
[90m9:25PM[0m [31mERR[0m [1mEdit command failed: exit status 1
[0m [36merror=[0m[31m[1m"exit status 1\n"[0m[0m
[90m9:26PM[0m [33mWRN[0m [1mlog-reader EOF[0m [36merror=[0m[31m[1m"Stream closed EOF for arc/arc-actions-runner-controller-694f7b7dc5-4w26x (kube-rbac-proxy)"[0m[0m
[90m9:26PM[0m [33mWRN[0m [1mlog-reader EOF[0m [36merror=[0m[31m[1m"Stream closed EOF for arc/arc-actions-runner-controller-694f7b7dc5-4w26x (manager)"[0m[0m
[90m9:26PM[0m [31mERR[0m [1minvalid command. use `xray xxx`[0m
[90m9:26PM[0m [31mERR[0m [1minvalid command. use `xray xxx`[0m
[90m9:27PM[0m [31mERR[0m [1mReconcile failed[0m [36merror=[0m[31m[1m"Get \"https://192.168.1.101:6443/api/v1/events?resourceVersion=0&resourceVersionMatch=NotOlderThan\": context canceled"[0m[0m
[90m9:27PM[0m [31mERR[0m [1mGet "https://192.168.1.101:6443/api/v1/events?resourceVersion=0&resourceVersionMatch=NotOlderThan": context canceled[0m
[90m9:27PM[0m [31mERR[0m [1minvalid resource name: "arc"[0m
[90m9:27PM[0m [31mERR[0m [1minvalid command. use `xray xxx`[0m
[90m9:27PM[0m [33mWRN[0m [1mMissing ref "v1/secrets"::"tailscale/tailscale"[0m [36merror=[0m[31m[1m"secrets \"tailscale\" not found"[0m[0m
[90m9:27PM[0m [31mERR[0m [1mReconcile failed[0m [36merror=[0m[31m[1m"serviceaccounts \"tailscale\" not found"[0m[0m
[90m9:27PM[0m [31mERR[0m [1mserviceaccounts "tailscale" not found[0m
[90m9:27PM[0m [33mWRN[0m [1mMissing ref "v1/secrets"::"tailscale/tailscale"[0m [36merror=[0m[31m[1m"secrets \"tailscale\" not found"[0m[0m
[90m9:27PM[0m [31mERR[0m [1mReconcile failed[0m [36merror=[0m[31m[1m"serviceaccounts \"argocd-dex-server\" not found"[0m[0m
[90m9:27PM[0m [31mERR[0m [1mserviceaccounts "argocd-dex-server" not found[0m
[90m9:27PM[0m [33mWRN[0m [1mMissing ref "v1/secrets"::"external-dns/cloudflare-api-token-secret"[0m [36merror=[0m[31m[1m"secrets \"cloudflare-api-token-secret\" not found"[0m[0m
[90m9:27PM[0m [33mWRN[0m [1mMissing ref "v1/secrets"::"tailscale/tailscale"[0m [36merror=[0m[31m[1m"secrets \"tailscale\" not found"[0m[0m
[90m9:27PM[0m [31mERR[0m [1mReconcile failed[0m [36merror=[0m[31m[1m"serviceaccounts \"default\" not found"[0m[0m
[90m9:27PM[0m [31mERR[0m [1mserviceaccounts "default" not found[0m
[90m9:28PM[0m [33mWRN[0m [1mMissing ref "v1/configmaps"::"seafile/seafile-mariadb"[0m [36merror=[0m[31m[1m"configmaps \"seafile-mariadb\" not found"[0m[0m
[90m9:28PM[0m [31mERR[0m [1mReconcile failed[0m [36merror=[0m[31m[1m"serviceaccounts \"cert-manager-cainjector\" not found"[0m[0m
[90m9:28PM[0m [31mERR[0m [1mserviceaccounts "cert-manager-cainjector" not found[0m
[90m9:28PM[0m [33mWRN[0m [1mMissing ref "v1/secrets"::"immich/immich-postgresql"[0m [36merror=[0m[31m[1m"secrets \"immich-postgresql\" not found"[0m[0m
[90m9:28PM[0m [33mWRN[0m [1mMissing ref "v1/secrets"::"kube-prometheus-stack/kube-prometheus-stack-admission"[0m [36merror=[0m[31m[1m"secrets \"kube-prometheus-stack-admission\" not found"[0m[0m
[90m9:28PM[0m [33mWRN[0m [1mMissing ref "v1/configmaps"::"kube-prometheus-stack/prometheus-kube-prometheus-stack-prometheus-rulefiles-0"[0m [36merror=[0m[31m[1m"configmaps \"prometheus-kube-prometheus-stack-prometheus-rulefiles-0\" not found"[0m[0m
[90m9:28PM[0m [33mWRN[0m [1mMissing ref "v1/configmaps"::"kube-prometheus-stack/kube-prometheus-stack-grafana"[0m [36merror=[0m[31m[1m"configmaps \"kube-prometheus-stack-grafana\" not found"[0m[0m
[90m9:28PM[0m [33mWRN[0m [1mMissing ref "v1/configmaps"::"kube-prometheus-stack/kube-prometheus-stack-grafana-config-dashboards"[0m [36merror=[0m[31m[1m"configmaps \"kube-prometheus-stack-grafana-config-dashboards\" not found"[0m[0m
[90m9:28PM[0m [33mWRN[0m [1mMissing ref "v1/secrets"::"photoprism/credentials"[0m [36merror=[0m[31m[1m"secrets \"credentials\" not found"[0m[0m
[90m9:28PM[0m [33mWRN[0m [1mMissing ref "v1/secrets"::"external-dns/cloudflare-api-token-secret"[0m [36merror=[0m[31m[1m"secrets \"cloudflare-api-token-secret\" not found"[0m[0m
[90m9:28PM[0m [33mWRN[0m [1mMissing ref "v1/secrets"::"tailscale/tailscale"[0m [36merror=[0m[31m[1m"secrets \"tailscale\" not found"[0m[0m
[90m9:28PM[0m [31mERR[0m [1mReconcile failed[0m [36merror=[0m[31m[1m"serviceaccounts \"default\" not found"[0m[0m
[90m9:28PM[0m [31mERR[0m [1mserviceaccounts "default" not found[0m
[90m9:28PM[0m [33mWRN[0m [1mMissing ref "v1/secrets"::"external-dns/cloudflare-api-token-secret"[0m [36merror=[0m[31m[1m"secrets \"cloudflare-api-token-secret\" not found"[0m[0m
[90m9:28PM[0m [33mWRN[0m [1mMissing ref "v1/secrets"::"tailscale/tailscale"[0m [36merror=[0m[31m[1m"secrets \"tailscale\" not found"[0m[0m
[90m9:28PM[0m [33mWRN[0m [1mMissing ref "v1/secrets"::"external-dns/cloudflare-api-token-secret"[0m [36merror=[0m[31m[1m"secrets \"cloudflare-api-token-secret\" not found"[0m[0m
[90m9:28PM[0m [33mWRN[0m [1mMissing ref "v1/secrets"::"tailscale/tailscale"[0m [36merror=[0m[31m[1m"secrets \"tailscale\" not found"[0m[0m
[90m9:28PM[0m [33mWRN[0m [1mMissing ref "v1/secrets"::"external-dns/cloudflare-api-token-secret"[0m [36merror=[0m[31m[1m"secrets \"cloudflare-api-token-secret\" not found"[0m[0m
[90m9:28PM[0m [33mWRN[0m [1mMissing ref "v1/secrets"::"tailscale/tailscale"[0m [36merror=[0m[31m[1m"secrets \"tailscale\" not found"[0m[0m
[90m9:28PM[0m [33mWRN[0m [1mMissing ref "v1/secrets"::"external-dns/cloudflare-api-token-secret"[0m [36merror=[0m[31m[1m"secrets \"cloudflare-api-token-secret\" not found"[0m[0m
[90m9:28PM[0m [33mWRN[0m [1mMissing ref "v1/secrets"::"tailscale/tailscale"[0m [36merror=[0m[31m[1m"secrets \"tailscale\" not found"[0m[0m
[90m9:28PM[0m [33mWRN[0m [1mMissing ref "v1/secrets"::"external-dns/cloudflare-api-token-secret"[0m [36merror=[0m[31m[1m"secrets \"cloudflare-api-token-secret\" not found"[0m[0m
[90m9:28PM[0m [33mWRN[0m [1mMissing ref "v1/secrets"::"tailscale/tailscale"[0m [36merror=[0m[31m[1m"secrets \"tailscale\" not found"[0m[0m
[90m9:28PM[0m [33mWRN[0m [1mMissing ref "v1/secrets"::"external-dns/cloudflare-api-token-secret"[0m [36merror=[0m[31m[1m"secrets \"cloudflare-api-token-secret\" not found"[0m[0m
[90m9:28PM[0m [33mWRN[0m [1mMissing ref "v1/secrets"::"tailscale/tailscale"[0m [36merror=[0m[31m[1m"secrets \"tailscale\" not found"[0m[0m
[90m9:28PM[0m [33mWRN[0m [1mMissing ref "v1/secrets"::"external-dns/cloudflare-api-token-secret"[0m [36merror=[0m[31m[1m"secrets \"cloudflare-api-token-secret\" not found"[0m[0m
[90m9:28PM[0m [33mWRN[0m [1mMissing ref "v1/secrets"::"tailscale/tailscale"[0m [36merror=[0m[31m[1m"secrets \"tailscale\" not found"[0m[0m
[90m9:28PM[0m [33mWRN[0m [1mMissing ref "v1/secrets"::"external-dns/cloudflare-api-token-secret"[0m [36merror=[0m[31m[1m"secrets \"cloudflare-api-token-secret\" not found"[0m[0m
[90m9:28PM[0m [33mWRN[0m [1mMissing ref "v1/secrets"::"tailscale/tailscale"[0m [36merror=[0m[31m[1m"secrets \"tailscale\" not found"[0m[0m
[90m9:28PM[0m [33mWRN[0m [1mMissing ref "v1/secrets"::"external-dns/cloudflare-api-token-secret"[0m [36merror=[0m[31m[1m"secrets \"cloudflare-api-token-secret\" not found"[0m[0m
[90m9:28PM[0m [33mWRN[0m [1mMissing ref "v1/secrets"::"tailscale/tailscale"[0m [36merror=[0m[31m[1m"secrets \"tailscale\" not found"[0m[0m
[90m9:28PM[0m [33mWRN[0m [1mMissing ref "v1/secrets"::"external-dns/cloudflare-api-token-secret"[0m [36merror=[0m[31m[1m"secrets \"cloudflare-api-token-secret\" not found"[0m[0m
[90m9:28PM[0m [33mWRN[0m [1mMissing ref "v1/secrets"::"tailscale/tailscale"[0m [36merror=[0m[31m[1m"secrets \"tailscale\" not found"[0m[0m
[90m9:28PM[0m [33mWRN[0m [1mMissing ref "v1/secrets"::"external-dns/cloudflare-api-token-secret"[0m [36merror=[0m[31m[1m"secrets \"cloudflare-api-token-secret\" not found"[0m[0m
[90m9:28PM[0m [33mWRN[0m [1mMissing ref "v1/secrets"::"tailscale/tailscale"[0m [36merror=[0m[31m[1m"secrets \"tailscale\" not found"[0m[0m
[90m9:28PM[0m [33mWRN[0m [1mMissing ref "v1/secrets"::"tailscale/tailscale"[0m [36merror=[0m[31m[1m"secrets \"tailscale\" not found"[0m[0m
[90m9:28PM[0m [33mWRN[0m [1mMissing ref "v1/secrets"::"external-dns/cloudflare-api-token-secret"[0m [36merror=[0m[31m[1m"secrets \"cloudflare-api-token-secret\" not found"[0m[0m
[90m9:28PM[0m [33mWRN[0m [1mMissing ref "v1/secrets"::"external-dns/cloudflare-api-token-secret"[0m [36merror=[0m[31m[1m"secrets \"cloudflare-api-token-secret\" not found"[0m[0m
[90m9:28PM[0m [33mWRN[0m [1mMissing ref "v1/secrets"::"tailscale/tailscale"[0m [36merror=[0m[31m[1m"secrets \"tailscale\" not found"[0m[0m
[90m9:28PM[0m [33mWRN[0m [1mMissing ref "v1/secrets"::"external-dns/cloudflare-api-token-secret"[0m [36merror=[0m[31m[1m"secrets \"cloudflare-api-token-secret\" not found"[0m[0m
[90m9:28PM[0m [33mWRN[0m [1mMissing ref "v1/secrets"::"tailscale/tailscale"[0m [36merror=[0m[31m[1m"secrets \"tailscale\" not found"[0m[0m
[90m9:28PM[0m [33mWRN[0m [1mMissing ref "v1/secrets"::"external-dns/cloudflare-api-token-secret"[0m [36merror=[0m[31m[1m"secrets \"cloudflare-api-token-secret\" not found"[0m[0m
[90m9:28PM[0m [33mWRN[0m [1mMissing ref "v1/secrets"::"tailscale/tailscale"[0m [36merror=[0m[31m[1m"secrets \"tailscale\" not found"[0m[0m
[90m9:28PM[0m [33mWRN[0m [1mMissing ref "v1/secrets"::"external-dns/cloudflare-api-token-secret"[0m [36merror=[0m[31m[1m"secrets \"cloudflare-api-token-secret\" not found"[0m[0m
[90m9:28PM[0m [33mWRN[0m [1mMissing ref "v1/secrets"::"tailscale/tailscale"[0m [36merror=[0m[31m[1m"secrets \"tailscale\" not found"[0m[0m
[90m9:28PM[0m [33mWRN[0m [1mMissing ref "v1/secrets"::"external-dns/cloudflare-api-token-secret"[0m [36merror=[0m[31m[1m"secrets \"cloudflare-api-token-secret\" not found"[0m[0m
[90m9:28PM[0m [33mWRN[0m [1mMissing ref "v1/secrets"::"tailscale/tailscale"[0m [36merror=[0m[31m[1m"secrets \"tailscale\" not found"[0m[0m
[90m9:28PM[0m [33mWRN[0m [1mMissing ref "v1/secrets"::"external-dns/cloudflare-api-token-secret"[0m [36merror=[0m[31m[1m"secrets \"cloudflare-api-token-secret\" not found"[0m[0m
[90m9:28PM[0m [33mWRN[0m [1mMissing ref "v1/secrets"::"tailscale/tailscale"[0m [36merror=[0m[31m[1m"secrets \"tailscale\" not found"[0m[0m
[90m9:28PM[0m [33mWRN[0m [1mMissing ref "v1/secrets"::"external-dns/cloudflare-api-token-secret"[0m [36merror=[0m[31m[1m"secrets \"cloudflare-api-token-secret\" not found"[0m[0m
[90m9:28PM[0m [33mWRN[0m [1mMissing ref "v1/secrets"::"tailscale/tailscale"[0m [36merror=[0m[31m[1m"secrets \"tailscale\" not found"[0m[0m
[90m9:28PM[0m [33mWRN[0m [1mMissing ref "v1/secrets"::"external-dns/cloudflare-api-token-secret"[0m [36merror=[0m[31m[1m"secrets \"cloudflare-api-token-secret\" not found"[0m[0m
[90m9:28PM[0m [33mWRN[0m [1mMissing ref "v1/secrets"::"tailscale/tailscale"[0m [36merror=[0m[31m[1m"secrets \"tailscale\" not found"[0m[0m
[90m9:28PM[0m [33mWRN[0m [1mMissing ref "v1/secrets"::"external-dns/cloudflare-api-token-secret"[0m [36merror=[0m[31m[1m"secrets \"cloudflare-api-token-secret\" not found"[0m[0m
[90m9:28PM[0m [33mWRN[0m [1mMissing ref "v1/secrets"::"tailscale/tailscale"[0m [36merror=[0m[31m[1m"secrets \"tailscale\" not found"[0m[0m
[90m9:29PM[0m [33mWRN[0m [1mMissing ref "v1/secrets"::"external-dns/cloudflare-api-token-secret"[0m [36merror=[0m[31m[1m"secrets \"cloudflare-api-token-secret\" not found"[0m[0m
[90m9:29PM[0m [33mWRN[0m [1mMissing ref "v1/secrets"::"tailscale/tailscale"[0m [36merror=[0m[31m[1m"secrets \"tailscale\" not found"[0m[0m
[90m9:29PM[0m [33mWRN[0m [1mMissing ref "v1/secrets"::"external-dns/cloudflare-api-token-secret"[0m [36merror=[0m[31m[1m"secrets \"cloudflare-api-token-secret\" not found"[0m[0m
[90m9:29PM[0m [33mWRN[0m [1mMissing ref "v1/secrets"::"tailscale/tailscale"[0m [36merror=[0m[31m[1m"secrets \"tailscale\" not found"[0m[0m
[90m9:29PM[0m [33mWRN[0m [1mMissing ref "v1/secrets"::"tailscale/tailscale"[0m [36merror=[0m[31m[1m"secrets \"tailscale\" not found"[0m[0m
[90m9:29PM[0m [33mWRN[0m [1mMissing ref "v1/secrets"::"external-dns/cloudflare-api-token-secret"[0m [36merror=[0m[31m[1m"secrets \"cloudflare-api-token-secret\" not found"[0m[0m
[90m9:29PM[0m [33mWRN[0m [1mMissing ref "v1/secrets"::"external-dns/cloudflare-api-token-secret"[0m [36merror=[0m[31m[1m"secrets \"cloudflare-api-token-secret\" not found"[0m[0m
[90m9:29PM[0m [33mWRN[0m [1mMissing ref "v1/secrets"::"tailscale/tailscale"[0m [36merror=[0m[31m[1m"secrets \"tailscale\" not found"[0m[0m
[90m9:29PM[0m [33mWRN[0m [1mMissing ref "v1/secrets"::"external-dns/cloudflare-api-token-secret"[0m [36merror=[0m[31m[1m"secrets \"cloudflare-api-token-secret\" not found"[0m[0m
[90m9:29PM[0m [33mWRN[0m [1mMissing ref "v1/secrets"::"tailscale/tailscale"[0m [36merror=[0m[31m[1m"secrets \"tailscale\" not found"[0m[0m
[90m9:29PM[0m [33mWRN[0m [1mMissing ref "v1/secrets"::"external-dns/cloudflare-api-token-secret"[0m [36merror=[0m[31m[1m"secrets \"cloudflare-api-token-secret\" not found"[0m[0m
[90m9:29PM[0m [33mWRN[0m [1mMissing ref "v1/secrets"::"tailscale/tailscale"[0m [36merror=[0m[31m[1m"secrets \"tailscale\" not found"[0m[0m
[90m9:29PM[0m [33mWRN[0m [1mMissing ref "v1/secrets"::"external-dns/cloudflare-api-token-secret"[0m [36merror=[0m[31m[1m"secrets \"cloudflare-api-token-secret\" not found"[0m[0m
[90m9:29PM[0m [33mWRN[0m [1mMissing ref "v1/secrets"::"tailscale/tailscale"[0m [36merror=[0m[31m[1m"secrets \"tailscale\" not found"[0m[0m
[90m9:29PM[0m [33mWRN[0m [1mMissing ref "v1/secrets"::"tailscale/tailscale"[0m [36merror=[0m[31m[1m"secrets \"tailscale\" not found"[0m[0m
[90m9:29PM[0m [33mWRN[0m [1mMissing ref "v1/secrets"::"external-dns/cloudflare-api-token-secret"[0m [36merror=[0m[31m[1m"secrets \"cloudflare-api-token-secret\" not found"[0m[0m
[90m9:29PM[0m [33mWRN[0m [1mMissing ref "v1/secrets"::"external-dns/cloudflare-api-token-secret"[0m [36merror=[0m[31m[1m"secrets \"cloudflare-api-token-secret\" not found"[0m[0m
[90m9:29PM[0m [33mWRN[0m [1mMissing ref "v1/secrets"::"tailscale/tailscale"[0m [36merror=[0m[31m[1m"secrets \"tailscale\" not found"[0m[0m
[90m9:29PM[0m [33mWRN[0m [1mMissing ref "v1/secrets"::"external-dns/cloudflare-api-token-secret"[0m [36merror=[0m[31m[1m"secrets \"cloudflare-api-token-secret\" not found"[0m[0m
[90m9:29PM[0m [33mWRN[0m [1mMissing ref "v1/secrets"::"tailscale/tailscale"[0m [36merror=[0m[31m[1m"secrets \"tailscale\" not found"[0m[0m
[90m9:29PM[0m [33mWRN[0m [1mMissing ref "v1/secrets"::"external-dns/cloudflare-api-token-secret"[0m [36merror=[0m[31m[1m"secrets \"cloudflare-api-token-secret\" not found"[0m[0m
[90m9:29PM[0m [33mWRN[0m [1mMissing ref "v1/secrets"::"tailscale/tailscale"[0m [36merror=[0m[31m[1m"secrets \"tailscale\" not found"[0m[0m
[90m9:29PM[0m [33mWRN[0m [1mMissing ref "v1/secrets"::"external-dns/cloudflare-api-token-secret"[0m [36merror=[0m[31m[1m"secrets \"cloudflare-api-token-secret\" not found"[0m[0m
[90m9:29PM[0m [33mWRN[0m [1mMissing ref "v1/secrets"::"tailscale/tailscale"[0m [36merror=[0m[31m[1m"secrets \"tailscale\" not found"[0m[0m
[90m9:29PM[0m [33mWRN[0m [1mMissing ref "v1/secrets"::"external-dns/cloudflare-api-token-secret"[0m [36merror=[0m[31m[1m"secrets \"cloudflare-api-token-secret\" not found"[0m[0m
[90m9:29PM[0m [33mWRN[0m [1mMissing ref "v1/secrets"::"tailscale/tailscale"[0m [36merror=[0m[31m[1m"secrets \"tailscale\" not found"[0m[0m
[90m9:29PM[0m [33mWRN[0m [1mMissing ref "v1/secrets"::"external-dns/cloudflare-api-token-secret"[0m [36merror=[0m[31m[1m"secrets \"cloudflare-api-token-secret\" not found"[0m[0m
[90m9:29PM[0m [33mWRN[0m [1mMissing ref "v1/secrets"::"tailscale/tailscale"[0m [36merror=[0m[31m[1m"secrets \"tailscale\" not found"[0m[0m
[90m9:29PM[0m [33mWRN[0m [1mMissing ref "v1/secrets"::"external-dns/cloudflare-api-token-secret"[0m [36merror=[0m[31m[1m"secrets \"cloudflare-api-token-secret\" not found"[0m[0m
[90m9:29PM[0m [33mWRN[0m [1mMissing ref "v1/secrets"::"tailscale/tailscale"[0m [36merror=[0m[31m[1m"secrets \"tailscale\" not found"[0m[0m
[90m9:29PM[0m [33mWRN[0m [1mMissing ref "v1/secrets"::"external-dns/cloudflare-api-token-secret"[0m [36merror=[0m[31m[1m"secrets \"cloudflare-api-token-secret\" not found"[0m[0m
[90m9:29PM[0m [33mWRN[0m [1mMissing ref "v1/secrets"::"tailscale/tailscale"[0m [36merror=[0m[31m[1m"secrets \"tailscale\" not found"[0m[0m
[90m9:29PM[0m [33mWRN[0m [1mMissing ref "v1/secrets"::"external-dns/cloudflare-api-token-secret"[0m [36merror=[0m[31m[1m"secrets \"cloudflare-api-token-secret\" not found"[0m[0m
[90m9:29PM[0m [33mWRN[0m [1mMissing ref "v1/secrets"::"tailscale/tailscale"[0m [36merror=[0m[31m[1m"secrets \"tailscale\" not found"[0m[0m
[90m9:29PM[0m [33mWRN[0m [1mMissing ref "v1/secrets"::"external-dns/cloudflare-api-token-secret"[0m [36merror=[0m[31m[1m"secrets \"cloudflare-api-token-secret\" not found"[0m[0m
[90m9:29PM[0m [33mWRN[0m [1mMissing ref "v1/secrets"::"tailscale/tailscale"[0m [36merror=[0m[31m[1m"secrets \"tailscale\" not found"[0m[0m
[90m9:29PM[0m [33mWRN[0m [1mMissing ref "v1/secrets"::"external-dns/cloudflare-api-token-secret"[0m [36merror=[0m[31m[1m"secrets \"cloudflare-api-token-secret\" not found"[0m[0m
[90m9:29PM[0m [33mWRN[0m [1mMissing ref "v1/secrets"::"tailscale/tailscale"[0m [36merror=[0m[31m[1m"secrets \"tailscale\" not found"[0m[0m
[90m9:29PM[0m [33mWRN[0m [1mMissing ref "v1/secrets"::"external-dns/cloudflare-api-token-secret"[0m [36merror=[0m[31m[1m"secrets \"cloudflare-api-token-secret\" not found"[0m[0m
[90m9:29PM[0m [33mWRN[0m [1mMissing ref "v1/secrets"::"tailscale/tailscale"[0m [36merror=[0m[31m[1m"secrets \"tailscale\" not found"[0m[0m
[90m9:29PM[0m [33mWRN[0m [1mMissing ref "v1/secrets"::"external-dns/cloudflare-api-token-secret"[0m [36merror=[0m[31m[1m"secrets \"cloudflare-api-token-secret\" not found"[0m[0m
[90m9:29PM[0m [33mWRN[0m [1mMissing ref "v1/secrets"::"tailscale/tailscale"[0m [36merror=[0m[31m[1m"secrets \"tailscale\" not found"[0m[0m
[90m9:29PM[0m [33mWRN[0m [1mMissing ref "v1/secrets"::"external-dns/cloudflare-api-token-secret"[0m [36merror=[0m[31m[1m"secrets \"cloudflare-api-token-secret\" not found"[0m[0m
[90m9:29PM[0m [33mWRN[0m [1mMissing ref "v1/secrets"::"tailscale/tailscale"[0m [36merror=[0m[31m[1m"secrets \"tailscale\" not found"[0m[0m
[90m9:29PM[0m [33mWRN[0m [1mMissing ref "v1/secrets"::"external-dns/cloudflare-api-token-secret"[0m [36merror=[0m[31m[1m"secrets \"cloudflare-api-token-secret\" not found"[0m[0m
[90m9:29PM[0m [33mWRN[0m [1mMissing ref "v1/secrets"::"tailscale/tailscale"[0m [36merror=[0m[31m[1m"secrets \"tailscale\" not found"[0m[0m
[90m9:29PM[0m [33mWRN[0m [1mMissing ref "v1/secrets"::"external-dns/cloudflare-api-token-secret"[0m [36merror=[0m[31m[1m"secrets \"cloudflare-api-token-secret\" not found"[0m[0m
[90m9:29PM[0m [33mWRN[0m [1mMissing ref "v1/secrets"::"tailscale/tailscale"[0m [36merror=[0m[31m[1m"secrets \"tailscale\" not found"[0m[0m
[90m9:29PM[0m [33mWRN[0m [1mMissing ref "v1/secrets"::"external-dns/cloudflare-api-token-secret"[0m [36merror=[0m[31m[1m"secrets \"cloudflare-api-token-secret\" not found"[0m[0m
[90m9:29PM[0m [33mWRN[0m [1mMissing ref "v1/secrets"::"tailscale/tailscale"[0m [36merror=[0m[31m[1m"secrets \"tailscale\" not found"[0m[0m
[90m9:29PM[0m [33mWRN[0m [1mMissing ref "v1/secrets"::"external-dns/cloudflare-api-token-secret"[0m [36merror=[0m[31m[1m"secrets \"cloudflare-api-token-secret\" not found"[0m[0m
[90m9:29PM[0m [33mWRN[0m [1mMissing ref "v1/secrets"::"tailscale/tailscale"[0m [36merror=[0m[31m[1m"secrets \"tailscale\" not found"[0m[0m
[90m9:29PM[0m [33mWRN[0m [1mMissing ref "v1/secrets"::"external-dns/cloudflare-api-token-secret"[0m [36merror=[0m[31m[1m"secrets \"cloudflare-api-token-secret\" not found"[0m[0m
[90m9:29PM[0m [33mWRN[0m [1mMissing ref "v1/secrets"::"tailscale/tailscale"[0m [36merror=[0m[31m[1m"secrets \"tailscale\" not found"[0m[0m
[90m9:29PM[0m [33mWRN[0m [1mMissing ref "v1/secrets"::"external-dns/cloudflare-api-token-secret"[0m [36merror=[0m[31m[1m"secrets \"cloudflare-api-token-secret\" not found"[0m[0m
[90m9:29PM[0m [33mWRN[0m [1mMissing ref "v1/secrets"::"tailscale/tailscale"[0m [36merror=[0m[31m[1m"secrets \"tailscale\" not found"[0m[0m
[90m9:29PM[0m [33mWRN[0m [1mMissing ref "v1/secrets"::"external-dns/cloudflare-api-token-secret"[0m [36merror=[0m[31m[1m"secrets \"cloudflare-api-token-secret\" not found"[0m[0m
[90m9:29PM[0m [33mWRN[0m [1mMissing ref "v1/secrets"::"tailscale/tailscale"[0m [36merror=[0m[31m[1m"secrets \"tailscale\" not found"[0m[0m
[90m9:29PM[0m [33mWRN[0m [1mMissing ref "v1/secrets"::"external-dns/cloudflare-api-token-secret"[0m [36merror=[0m[31m[1m"secrets \"cloudflare-api-token-secret\" not found"[0m[0m
[90m9:29PM[0m [33mWRN[0m [1mMissing ref "v1/secrets"::"tailscale/tailscale"[0m [36merror=[0m[31m[1m"secrets \"tailscale\" not found"[0m[0m
[90m9:30PM[0m [33mWRN[0m [1mMissing ref "v1/secrets"::"external-dns/cloudflare-api-token-secret"[0m [36merror=[0m[31m[1m"secrets \"cloudflare-api-token-secret\" not found"[0m[0m
[90m9:30PM[0m [33mWRN[0m [1mMissing ref "v1/secrets"::"tailscale/tailscale"[0m [36merror=[0m[31m[1m"secrets \"tailscale\" not found"[0m[0m
[90m9:30PM[0m [33mWRN[0m [1mMissing ref "v1/secrets"::"external-dns/cloudflare-api-token-secret"[0m [36merror=[0m[31m[1m"secrets \"cloudflare-api-token-secret\" not found"[0m[0m
[90m9:30PM[0m [33mWRN[0m [1mMissing ref "v1/secrets"::"tailscale/tailscale"[0m [36merror=[0m[31m[1m"secrets \"tailscale\" not found"[0m[0m
[90m9:30PM[0m [33mWRN[0m [1mMissing ref "v1/secrets"::"external-dns/cloudflare-api-token-secret"[0m [36merror=[0m[31m[1m"secrets \"cloudflare-api-token-secret\" not found"[0m[0m
[90m9:30PM[0m [33mWRN[0m [1mMissing ref "v1/secrets"::"tailscale/tailscale"[0m [36merror=[0m[31m[1m"secrets \"tailscale\" not found"[0m[0m
[90m9:30PM[0m [33mWRN[0m [1mMissing ref "v1/secrets"::"external-dns/cloudflare-api-token-secret"[0m [36merror=[0m[31m[1m"secrets \"cloudflare-api-token-secret\" not found"[0m[0m
[90m9:30PM[0m [33mWRN[0m [1mMissing ref "v1/secrets"::"tailscale/tailscale"[0m [36merror=[0m[31m[1m"secrets \"tailscale\" not found"[0m[0m
[90m9:30PM[0m [33mWRN[0m [1mMissing ref "v1/secrets"::"external-dns/cloudflare-api-token-secret"[0m [36merror=[0m[31m[1m"secrets \"cloudflare-api-token-secret\" not found"[0m[0m
[90m9:30PM[0m [33mWRN[0m [1mMissing ref "v1/secrets"::"tailscale/tailscale"[0m [36merror=[0m[31m[1m"secrets \"tailscale\" not found"[0m[0m
[90m9:30PM[0m [33mWRN[0m [1mMissing ref "v1/secrets"::"external-dns/cloudflare-api-token-secret"[0m [36merror=[0m[31m[1m"secrets \"cloudflare-api-token-secret\" not found"[0m[0m
[90m9:30PM[0m [33mWRN[0m [1mMissing ref "v1/secrets"::"tailscale/tailscale"[0m [36merror=[0m[31m[1m"secrets \"tailscale\" not found"[0m[0m
[90m9:30PM[0m [33mWRN[0m [1mMissing ref "v1/secrets"::"external-dns/cloudflare-api-token-secret"[0m [36merror=[0m[31m[1m"secrets \"cloudflare-api-token-secret\" not found"[0m[0m
[90m9:30PM[0m [33mWRN[0m [1mMissing ref "v1/secrets"::"tailscale/tailscale"[0m [36merror=[0m[31m[1m"secrets \"tailscale\" not found"[0m[0m
[90m9:30PM[0m [33mWRN[0m [1mMissing ref "v1/secrets"::"external-dns/cloudflare-api-token-secret"[0m [36merror=[0m[31m[1m"secrets \"cloudflare-api-token-secret\" not found"[0m[0m
[90m9:30PM[0m [33mWRN[0m [1mMissing ref "v1/secrets"::"tailscale/tailscale"[0m [36merror=[0m[31m[1m"secrets \"tailscale\" not found"[0m[0m
[90m9:30PM[0m [33mWRN[0m [1mMissing ref "v1/secrets"::"tailscale/tailscale"[0m [36merror=[0m[31m[1m"secrets \"tailscale\" not found"[0m[0m
[90m9:30PM[0m [33mWRN[0m [1mMissing ref "v1/secrets"::"external-dns/cloudflare-api-token-secret"[0m [36merror=[0m[31m[1m"secrets \"cloudflare-api-token-secret\" not found"[0m[0m
[90m9:30PM[0m [33mWRN[0m [1mMissing ref "v1/secrets"::"tailscale/tailscale"[0m [36merror=[0m[31m[1m"secrets \"tailscale\" not found"[0m[0m
[90m9:30PM[0m [33mWRN[0m [1mMissing ref "v1/secrets"::"external-dns/cloudflare-api-token-secret"[0m [36merror=[0m[31m[1m"secrets \"cloudflare-api-token-secret\" not found"[0m[0m
[90m9:30PM[0m [33mWRN[0m [1mMissing ref "v1/secrets"::"external-dns/cloudflare-api-token-secret"[0m [36merror=[0m[31m[1m"secrets \"cloudflare-api-token-secret\" not found"[0m[0m
[90m9:30PM[0m [33mWRN[0m [1mMissing ref "v1/secrets"::"tailscale/tailscale"[0m [36merror=[0m[31m[1m"secrets \"tailscale\" not found"[0m[0m
[90m9:30PM[0m [33mWRN[0m [1mMissing ref "v1/secrets"::"external-dns/cloudflare-api-token-secret"[0m [36merror=[0m[31m[1m"secrets \"cloudflare-api-token-secret\" not found"[0m[0m
[90m9:30PM[0m [33mWRN[0m [1mMissing ref "v1/secrets"::"tailscale/tailscale"[0m [36merror=[0m[31m[1m"secrets \"tailscale\" not found"[0m[0m
[90m9:30PM[0m [33mWRN[0m [1mMissing ref "v1/secrets"::"external-dns/cloudflare-api-token-secret"[0m [36merror=[0m[31m[1m"secrets \"cloudflare-api-token-secret\" not found"[0m[0m
[90m9:30PM[0m [33mWRN[0m [1mMissing ref "v1/secrets"::"tailscale/tailscale"[0m [36merror=[0m[31m[1m"secrets \"tailscale\" not found"[0m[0m
[90m9:30PM[0m [33mWRN[0m [1mMissing ref "v1/secrets"::"external-dns/cloudflare-api-token-secret"[0m [36merror=[0m[31m[1m"secrets \"cloudflare-api-token-secret\" not found"[0m[0m
[90m9:30PM[0m [33mWRN[0m [1mMissing ref "v1/secrets"::"tailscale/tailscale"[0m [36merror=[0m[31m[1m"secrets \"tailscale\" not found"[0m[0m
[90m9:30PM[0m [33mWRN[0m [1mMissing ref "v1/secrets"::"external-dns/cloudflare-api-token-secret"[0m [36merror=[0m[31m[1m"secrets \"cloudflare-api-token-secret\" not found"[0m[0m
[90m9:30PM[0m [33mWRN[0m [1mMissing ref "v1/secrets"::"tailscale/tailscale"[0m [36merror=[0m[31m[1m"secrets \"tailscale\" not found"[0m[0m
[90m9:30PM[0m [33mWRN[0m [1mMissing ref "v1/secrets"::"external-dns/cloudflare-api-token-secret"[0m [36merror=[0m[31m[1m"secrets \"cloudflare-api-token-secret\" not found"[0m[0m
[90m9:30PM[0m [33mWRN[0m [1mMissing ref "v1/secrets"::"tailscale/tailscale"[0m [36merror=[0m[31m[1m"secrets \"tailscale\" not found"[0m[0m
[90m9:30PM[0m [33mWRN[0m [1mMissing ref "v1/secrets"::"external-dns/cloudflare-api-token-secret"[0m [36merror=[0m[31m[1m"secrets \"cloudflare-api-token-secret\" not found"[0m[0m
[90m9:30PM[0m [33mWRN[0m [1mMissing ref "v1/secrets"::"tailscale/tailscale"[0m [36merror=[0m[31m[1m"secrets \"tailscale\" not found"[0m[0m
[90m9:30PM[0m [33mWRN[0m [1mMissing ref "v1/secrets"::"tailscale/tailscale"[0m [36merror=[0m[31m[1m"secrets \"tailscale\" not found"[0m[0m
[90m9:30PM[0m [33mWRN[0m [1mMissing ref "v1/secrets"::"external-dns/cloudflare-api-token-secret"[0m [36merror=[0m[31m[1m"secrets \"cloudflare-api-token-secret\" not found"[0m[0m
[90m9:30PM[0m [32mINF[0m [1m🐶 K9s starting up...[0m
[90m9:30PM[0m [32mINF[0m [1m✅ Kubernetes connectivity[0m
[90m9:30PM[0m [33mWRN[0m [1mMissing ref "v1/secrets"::"external-dns/cloudflare-api-token-secret"[0m [36merror=[0m[31m[1m"secrets \"cloudflare-api-token-secret\" not found"[0m[0m
[90m9:30PM[0m [33mWRN[0m [1mMissing ref "v1/secrets"::"tailscale/tailscale"[0m [36merror=[0m[31m[1m"secrets \"tailscale\" not found"[0m[0m
[90m9:30PM[0m [33mWRN[0m [1mMissing ref "v1/secrets"::"external-dns/cloudflare-api-token-secret"[0m [36merror=[0m[31m[1m"secrets \"cloudflare-api-token-secret\" not found"[0m[0m
[90m9:30PM[0m [33mWRN[0m [1mMissing ref "v1/secrets"::"tailscale/tailscale"[0m [36merror=[0m[31m[1m"secrets \"tailscale\" not found"[0m[0m
[90m9:30PM[0m [33mWRN[0m [1mMissing ref "v1/secrets"::"external-dns/cloudflare-api-token-secret"[0m [36merror=[0m[31m[1m"secrets \"cloudflare-api-token-secret\" not found"[0m[0m
[90m9:30PM[0m [33mWRN[0m [1mMissing ref "v1/secrets"::"tailscale/tailscale"[0m [36merror=[0m[31m[1m"secrets \"tailscale\" not found"[0m[0m
[90m9:30PM[0m [33mWRN[0m [1mMissing ref "v1/secrets"::"external-dns/cloudflare-api-token-secret"[0m [36merror=[0m[31m[1m"secrets \"cloudflare-api-token-secret\" not found"[0m[0m
[90m9:30PM[0m [33mWRN[0m [1mMissing ref "v1/secrets"::"tailscale/tailscale"[0m [36merror=[0m[31m[1m"secrets \"tailscale\" not found"[0m[0m
[90m9:30PM[0m [33mWRN[0m [1mMissing ref "v1/secrets"::"external-dns/cloudflare-api-token-secret"[0m [36merror=[0m[31m[1m"secrets \"cloudflare-api-token-secret\" not found"[0m[0m
[90m9:30PM[0m [33mWRN[0m [1mMissing ref "v1/secrets"::"tailscale/tailscale"[0m [36merror=[0m[31m[1m"secrets \"tailscale\" not found"[0m[0m
[90m9:30PM[0m [33mWRN[0m [1mMissing ref "v1/secrets"::"external-dns/cloudflare-api-token-secret"[0m [36merror=[0m[31m[1m"secrets \"cloudflare-api-token-secret\" not found"[0m[0m
[90m9:30PM[0m [33mWRN[0m [1mMissing ref "v1/secrets"::"tailscale/tailscale"[0m [36merror=[0m[31m[1m"secrets \"tailscale\" not found"[0m[0m
[90m9:30PM[0m [33mWRN[0m [1mMissing ref "v1/secrets"::"external-dns/cloudflare-api-token-secret"[0m [36merror=[0m[31m[1m"secrets \"cloudflare-api-token-secret\" not found"[0m[0m
[90m9:30PM[0m [33mWRN[0m [1mMissing ref "v1/secrets"::"tailscale/tailscale"[0m [36merror=[0m[31m[1m"secrets \"tailscale\" not found"[0m[0m
[90m9:30PM[0m [33mWRN[0m [1mMissing ref "v1/secrets"::"external-dns/cloudflare-api-token-secret"[0m [36merror=[0m[31m[1m"secrets \"cloudflare-api-token-secret\" not found"[0m[0m
[90m9:30PM[0m [33mWRN[0m [1mMissing ref "v1/secrets"::"tailscale/tailscale"[0m [36merror=[0m[31m[1m"secrets \"tailscale\" not found"[0m[0m
[90m9:30PM[0m [33mWRN[0m [1mMissing ref "v1/secrets"::"external-dns/cloudflare-api-token-secret"[0m [36merror=[0m[31m[1m"secrets \"cloudflare-api-token-secret\" not found"[0m[0m
[90m9:30PM[0m [33mWRN[0m [1mMissing ref "v1/secrets"::"tailscale/tailscale"[0m [36merror=[0m[31m[1m"secrets \"tailscale\" not found"[0m[0m
[90m9:30PM[0m [33mWRN[0m [1mMissing ref "v1/secrets"::"external-dns/cloudflare-api-token-secret"[0m [36merror=[0m[31m[1m"secrets \"cloudflare-api-token-secret\" not found"[0m[0m
[90m9:30PM[0m [33mWRN[0m [1mMissing ref "v1/secrets"::"tailscale/tailscale"[0m [36merror=[0m[31m[1m"secrets \"tailscale\" not found"[0m[0m
[90m9:30PM[0m [33mWRN[0m [1mMissing ref "v1/secrets"::"external-dns/cloudflare-api-token-secret"[0m [36merror=[0m[31m[1m"secrets \"cloudflare-api-token-secret\" not found"[0m[0m
[90m9:30PM[0m [33mWRN[0m [1mMissing ref "v1/secrets"::"tailscale/tailscale"[0m [36merror=[0m[31m[1m"secrets \"tailscale\" not found"[0m[0m
[90m9:31PM[0m [33mWRN[0m [1mMissing ref "v1/secrets"::"tailscale/tailscale"[0m [36merror=[0m[31m[1m"secrets \"tailscale\" not found"[0m[0m
[90m9:31PM[0m [33mWRN[0m [1mMissing ref "v1/secrets"::"external-dns/cloudflare-api-token-secret"[0m [36merror=[0m[31m[1m"secrets \"cloudflare-api-token-secret\" not found"[0m[0m
[90m9:31PM[0m [33mWRN[0m [1mMissing ref "v1/secrets"::"external-dns/cloudflare-api-token-secret"[0m [36merror=[0m[31m[1m"secrets \"cloudflare-api-token-secret\" not found"[0m[0m
[90m9:31PM[0m [33mWRN[0m [1mMissing ref "v1/secrets"::"tailscale/tailscale"[0m [36merror=[0m[31m[1m"secrets \"tailscale\" not found"[0m[0m
[90m9:31PM[0m [33mWRN[0m [1mMissing ref "v1/secrets"::"external-dns/cloudflare-api-token-secret"[0m [36merror=[0m[31m[1m"secrets \"cloudflare-api-token-secret\" not found"[0m[0m
[90m9:31PM[0m [33mWRN[0m [1mMissing ref "v1/secrets"::"tailscale/tailscale"[0m [36merror=[0m[31m[1m"secrets \"tailscale\" not found"[0m[0m
[90m9:31PM[0m [33mWRN[0m [1mMissing ref "v1/secrets"::"external-dns/cloudflare-api-token-secret"[0m [36merror=[0m[31m[1m"secrets \"cloudflare-api-token-secret\" not found"[0m[0m
[90m9:31PM[0m [33mWRN[0m [1mMissing ref "v1/secrets"::"tailscale/tailscale"[0m [36merror=[0m[31m[1m"secrets \"tailscale\" not found"[0m[0m
[90m9:31PM[0m [33mWRN[0m [1mMissing ref "v1/secrets"::"external-dns/cloudflare-api-token-secret"[0m [36merror=[0m[31m[1m"secrets \"cloudflare-api-token-secret\" not found"[0m[0m
[90m9:31PM[0m [33mWRN[0m [1mMissing ref "v1/secrets"::"tailscale/tailscale"[0m [36merror=[0m[31m[1m"secrets \"tailscale\" not found"[0m[0m
[90m9:31PM[0m [33mWRN[0m [1mMissing ref "v1/secrets"::"external-dns/cloudflare-api-token-secret"[0m [36merror=[0m[31m[1m"secrets \"cloudflare-api-token-secret\" not found"[0m[0m
[90m9:31PM[0m [33mWRN[0m [1mMissing ref "v1/secrets"::"tailscale/tailscale"[0m [36merror=[0m[31m[1m"secrets \"tailscale\" not found"[0m[0m
[90m9:31PM[0m [33mWRN[0m [1mMissing ref "v1/secrets"::"external-dns/cloudflare-api-token-secret"[0m [36merror=[0m[31m[1m"secrets \"cloudflare-api-token-secret\" not found"[0m[0m
[90m9:31PM[0m [33mWRN[0m [1mMissing ref "v1/secrets"::"tailscale/tailscale"[0m [36merror=[0m[31m[1m"secrets \"tailscale\" not found"[0m[0m
[90m9:31PM[0m [33mWRN[0m [1mMissing ref "v1/secrets"::"external-dns/cloudflare-api-token-secret"[0m [36merror=[0m[31m[1m"secrets \"cloudflare-api-token-secret\" not found"[0m[0m
[90m9:31PM[0m [33mWRN[0m [1mMissing ref "v1/secrets"::"tailscale/tailscale"[0m [36merror=[0m[31m[1m"secrets \"tailscale\" not found"[0m[0m
[90m9:31PM[0m [33mWRN[0m [1mMissing ref "v1/secrets"::"external-dns/cloudflare-api-token-secret"[0m [36merror=[0m[31m[1m"secrets \"cloudflare-api-token-secret\" not found"[0m[0m
[90m9:31PM[0m [33mWRN[0m [1mMissing ref "v1/secrets"::"tailscale/tailscale"[0m [36merror=[0m[31m[1m"secrets \"tailscale\" not found"[0m[0m
[90m9:31PM[0m [33mWRN[0m [1mMissing ref "v1/secrets"::"external-dns/cloudflare-api-token-secret"[0m [36merror=[0m[31m[1m"secrets \"cloudflare-api-token-secret\" not found"[0m[0m
[90m9:31PM[0m [33mWRN[0m [1mMissing ref "v1/secrets"::"tailscale/tailscale"[0m [36merror=[0m[31m[1m"secrets \"tailscale\" not found"[0m[0m
[90m9:31PM[0m [33mWRN[0m [1mMissing ref "v1/secrets"::"external-dns/cloudflare-api-token-secret"[0m [36merror=[0m[31m[1m"secrets \"cloudflare-api-token-secret\" not found"[0m[0m
[90m9:31PM[0m [33mWRN[0m [1mMissing ref "v1/secrets"::"tailscale/tailscale"[0m [36merror=[0m[31m[1m"secrets \"tailscale\" not found"[0m[0m
[90m9:31PM[0m [33mWRN[0m [1mMissing ref "v1/secrets"::"external-dns/cloudflare-api-token-secret"[0m [36merror=[0m[31m[1m"secrets \"cloudflare-api-token-secret\" not found"[0m[0m
[90m9:31PM[0m [33mWRN[0m [1mMissing ref "v1/secrets"::"tailscale/tailscale"[0m [36merror=[0m[31m[1m"secrets \"tailscale\" not found"[0m[0m
[90m9:31PM[0m [33mWRN[0m [1mMissing ref "v1/secrets"::"external-dns/cloudflare-api-token-secret"[0m [36merror=[0m[31m[1m"secrets \"cloudflare-api-token-secret\" not found"[0m[0m
[90m9:31PM[0m [33mWRN[0m [1mMissing ref "v1/secrets"::"tailscale/tailscale"[0m [36merror=[0m[31m[1m"secrets \"tailscale\" not found"[0m[0m
[90m9:31PM[0m [33mWRN[0m [1mMissing ref "v1/secrets"::"external-dns/cloudflare-api-token-secret"[0m [36merror=[0m[31m[1m"secrets \"cloudflare-api-token-secret\" not found"[0m[0m
[90m9:31PM[0m [33mWRN[0m [1mMissing ref "v1/secrets"::"tailscale/tailscale"[0m [36merror=[0m[31m[1m"secrets \"tailscale\" not found"[0m[0m
[90m9:31PM[0m [32mINF[0m [1m🐶 K9s starting up...[0m
[90m9:31PM[0m [32mINF[0m [1m✅ Kubernetes connectivity[0m
[90m9:31PM[0m [33mWRN[0m [1mMissing ref "v1/secrets"::"external-dns/cloudflare-api-token-secret"[0m [36merror=[0m[31m[1m"secrets \"cloudflare-api-token-secret\" not found"[0m[0m
[90m9:31PM[0m [33mWRN[0m [1mMissing ref "v1/secrets"::"tailscale/tailscale"[0m [36merror=[0m[31m[1m"secrets \"tailscale\" not found"[0m[0m
[90m9:31PM[0m [33mWRN[0m [1mMissing ref "v1/secrets"::"external-dns/cloudflare-api-token-secret"[0m [36merror=[0m[31m[1m"secrets \"cloudflare-api-token-secret\" not found"[0m[0m
[90m9:31PM[0m [33mWRN[0m [1mMissing ref "v1/secrets"::"tailscale/tailscale"[0m [36merror=[0m[31m[1m"secrets \"tailscale\" not found"[0m[0m
[90m9:31PM[0m [33mWRN[0m [1mMissing ref "v1/secrets"::"external-dns/cloudflare-api-token-secret"[0m [36merror=[0m[31m[1m"secrets \"cloudflare-api-token-secret\" not found"[0m[0m
[90m9:31PM[0m [33mWRN[0m [1mMissing ref "v1/secrets"::"tailscale/tailscale"[0m [36merror=[0m[31m[1m"secrets \"tailscale\" not found"[0m[0m
[90m9:31PM[0m [33mWRN[0m [1mMissing ref "v1/secrets"::"external-dns/cloudflare-api-token-secret"[0m [36merror=[0m[31m[1m"secrets \"cloudflare-api-token-secret\" not found"[0m[0m
[90m9:31PM[0m [33mWRN[0m [1mMissing ref "v1/secrets"::"tailscale/tailscale"[0m [36merror=[0m[31m[1m"secrets \"tailscale\" not found"[0m[0m
[90m9:31PM[0m [33mWRN[0m [1mMissing ref "v1/secrets"::"external-dns/cloudflare-api-token-secret"[0m [36merror=[0m[31m[1m"secrets \"cloudflare-api-token-secret\" not found"[0m[0m
[90m9:31PM[0m [33mWRN[0m [1mMissing ref "v1/secrets"::"tailscale/tailscale"[0m [36merror=[0m[31m[1m"secrets \"tailscale\" not found"[0m[0m
[90m9:31PM[0m [33mWRN[0m [1mMissing ref "v1/secrets"::"external-dns/cloudflare-api-token-secret"[0m [36merror=[0m[31m[1m"secrets \"cloudflare-api-token-secret\" not found"[0m[0m
[90m9:31PM[0m [33mWRN[0m [1mMissing ref "v1/secrets"::"tailscale/tailscale"[0m [36merror=[0m[31m[1m"secrets \"tailscale\" not found"[0m[0m
[90m9:31PM[0m [33mWRN[0m [1mMissing ref "v1/secrets"::"external-dns/cloudflare-api-token-secret"[0m [36merror=[0m[31m[1m"secrets \"cloudflare-api-token-secret\" not found"[0m[0m
[90m9:31PM[0m [33mWRN[0m [1mMissing ref "v1/secrets"::"tailscale/tailscale"[0m [36merror=[0m[31m[1m"secrets \"tailscale\" not found"[0m[0m
[90m9:31PM[0m [33mWRN[0m [1mMissing ref "v1/secrets"::"external-dns/cloudflare-api-token-secret"[0m [36merror=[0m[31m[1m"secrets \"cloudflare-api-token-secret\" not found"[0m[0m
[90m9:31PM[0m [33mWRN[0m [1mMissing ref "v1/secrets"::"tailscale/tailscale"[0m [36merror=[0m[31m[1m"secrets \"tailscale\" not found"[0m[0m
[90m9:31PM[0m [33mWRN[0m [1mMissing ref "v1/secrets"::"tailscale/tailscale"[0m [36merror=[0m[31m[1m"secrets \"tailscale\" not found"[0m[0m
[90m9:31PM[0m [33mWRN[0m [1mMissing ref "v1/secrets"::"external-dns/cloudflare-api-token-secret"[0m [36merror=[0m[31m[1m"secrets \"cloudflare-api-token-secret\" not found"[0m[0m
[90m9:31PM[0m [33mWRN[0m [1mMissing ref "v1/secrets"::"external-dns/cloudflare-api-token-secret"[0m [36merror=[0m[31m[1m"secrets \"cloudflare-api-token-secret\" not found"[0m[0m
[90m9:31PM[0m [33mWRN[0m [1mMissing ref "v1/secrets"::"tailscale/tailscale"[0m [36merror=[0m[31m[1m"secrets \"tailscale\" not found"[0m[0m
[90m9:31PM[0m [33mWRN[0m [1mMissing ref "v1/secrets"::"external-dns/cloudflare-api-token-secret"[0m [36merror=[0m[31m[1m"secrets \"cloudflare-api-token-secret\" not found"[0m[0m
[90m9:31PM[0m [33mWRN[0m [1mMissing ref "v1/secrets"::"tailscale/tailscale"[0m [36merror=[0m[31m[1m"secrets \"tailscale\" not found"[0m[0m
[90m9:31PM[0m [33mWRN[0m [1mMissing ref "v1/secrets"::"external-dns/cloudflare-api-token-secret"[0m [36merror=[0m[31m[1m"secrets \"cloudflare-api-token-secret\" not found"[0m[0m
[90m9:31PM[0m [33mWRN[0m [1mMissing ref "v1/secrets"::"tailscale/tailscale"[0m [36merror=[0m[31m[1m"secrets \"tailscale\" not found"[0m[0m
[90m9:31PM[0m [33mWRN[0m [1mMissing ref "v1/secrets"::"external-dns/cloudflare-api-token-secret"[0m [36merror=[0m[31m[1m"secrets \"cloudflare-api-token-secret\" not found"[0m[0m
[90m9:31PM[0m [33mWRN[0m [1mMissing ref "v1/secrets"::"tailscale/tailscale"[0m [36merror=[0m[31m[1m"secrets \"tailscale\" not found"[0m[0m
[90m9:31PM[0m [33mWRN[0m [1mMissing ref "v1/secrets"::"external-dns/cloudflare-api-token-secret"[0m [36merror=[0m[31m[1m"secrets \"cloudflare-api-token-secret\" not found"[0m[0m
[90m9:31PM[0m [33mWRN[0m [1mMissing ref "v1/secrets"::"tailscale/tailscale"[0m [36merror=[0m[31m[1m"secrets \"tailscale\" not found"[0m[0m
[90m9:31PM[0m [33mWRN[0m [1mMissing ref "v1/secrets"::"external-dns/cloudflare-api-token-secret"[0m [36merror=[0m[31m[1m"secrets \"cloudflare-api-token-secret\" not found"[0m[0m
[90m9:31PM[0m [33mWRN[0m [1mMissing ref "v1/secrets"::"tailscale/tailscale"[0m [36merror=[0m[31m[1m"secrets \"tailscale\" not found"[0m[0m
[90m9:31PM[0m [33mWRN[0m [1mMissing ref "v1/secrets"::"external-dns/cloudflare-api-token-secret"[0m [36merror=[0m[31m[1m"secrets \"cloudflare-api-token-secret\" not found"[0m[0m
[90m9:31PM[0m [33mWRN[0m [1mMissing ref "v1/secrets"::"tailscale/tailscale"[0m [36merror=[0m[31m[1m"secrets \"tailscale\" not found"[0m[0m
[90m9:32PM[0m [33mWRN[0m [1mMissing ref "v1/secrets"::"external-dns/cloudflare-api-token-secret"[0m [36merror=[0m[31m[1m"secrets \"cloudflare-api-token-secret\" not found"[0m[0m
[90m9:32PM[0m [33mWRN[0m [1mMissing ref "v1/secrets"::"tailscale/tailscale"[0m [36merror=[0m[31m[1m"secrets \"tailscale\" not found"[0m[0m
[90m9:32PM[0m [33mWRN[0m [1mMissing ref "v1/secrets"::"external-dns/cloudflare-api-token-secret"[0m [36merror=[0m[31m[1m"secrets \"cloudflare-api-token-secret\" not found"[0m[0m
[90m9:32PM[0m [33mWRN[0m [1mMissing ref "v1/secrets"::"tailscale/tailscale"[0m [36merror=[0m[31m[1m"secrets \"tailscale\" not found"[0m[0m
[90m9:32PM[0m [33mWRN[0m [1mMissing ref "v1/secrets"::"external-dns/cloudflare-api-token-secret"[0m [36merror=[0m[31m[1m"secrets \"cloudflare-api-token-secret\" not found"[0m[0m
[90m9:32PM[0m [33mWRN[0m [1mMissing ref "v1/secrets"::"tailscale/tailscale"[0m [36merror=[0m[31m[1m"secrets \"tailscale\" not found"[0m[0m
[90m9:32PM[0m [33mWRN[0m [1mMissing ref "v1/secrets"::"external-dns/cloudflare-api-token-secret"[0m [36merror=[0m[31m[1m"secrets \"cloudflare-api-token-secret\" not found"[0m[0m
[90m9:32PM[0m [33mWRN[0m [1mMissing ref "v1/secrets"::"tailscale/tailscale"[0m [36merror=[0m[31m[1m"secrets \"tailscale\" not found"[0m[0m
[90m9:32PM[0m [33mWRN[0m [1mMissing ref "v1/secrets"::"external-dns/cloudflare-api-token-secret"[0m [36merror=[0m[31m[1m"secrets \"cloudflare-api-token-secret\" not found"[0m[0m
[90m9:32PM[0m [33mWRN[0m [1mMissing ref "v1/secrets"::"tailscale/tailscale"[0m [36merror=[0m[31m[1m"secrets \"tailscale\" not found"[0m[0m
[90m9:32PM[0m [31mERR[0m [1mReconcile failed[0m [36merror=[0m[31m[1m"unexpected error when reading response body. Please retry. Original error: context canceled"[0m[0m
[90m9:32PM[0m [31mERR[0m [1munexpected error when reading response body. Please retry. Original error: context canceled[0m
[90m9:33PM[0m [31mERR[0m [1munable to fetch pod[0m [36merror=[0m[31m[1m"pods \"excalidraw-6f6cdbc467-ltwgz\" not found"[0m[0m
[90m9:33PM[0m [31mERR[0m [1mexcalidraw/excalidraw-6f6cdbc467-ltwgz is not in a running state[0m
[90m9:34PM[0m [31mERR[0m [1munable to fetch pod[0m [36merror=[0m[31m[1m"pods \"argocd-server-5d8d58455f-f2nc9\" not found"[0m[0m
[90m9:34PM[0m [31mERR[0m [1margocd/argocd-server-5d8d58455f-f2nc9 is not in a running state[0m
[90m9:34PM[0m [33mWRN[0m [1mlog-reader EOF[0m [36merror=[0m[31m[1m"Stream closed EOF for arc/arc-actions-runner-controller-694f7b7dc5-4w26x (manager)"[0m[0m
[90m9:34PM[0m [31mERR[0m [1mCommand failed[0m [36merror=[0m[31m[1m"exit status 1"[0m[0m
[90m9:34PM[0m [31mERR[0m [1mExec failed "/usr/local/bin/kubectl exec --context default -it -n arc arc-actions-runner-controller-694f7b7dc5-4w26x -c manager -- sh -c command -v bash >/dev/null && exec bash || exec sh": exit status 1
[0m [36merror=[0m[31m[1m"exit status 1\n"[0m[0m
[90m9:34PM[0m [31mERR[0m [1mShell exec failed: exit status 1
[0m [36merror=[0m[31m[1m"exit status 1\n"[0m[0m
[90m9:40PM[0m [32mINF[0m [1m🐶 K9s starting up...[0m
[90m9:40PM[0m [32mINF[0m [1m✅ Kubernetes connectivity[0m
[90m9:40PM[0m [33mWRN[0m [1mlog-reader EOF[0m [36merror=[0m[31m[1m"Stream closed EOF for excalidraw/excalidraw-6f6cdbc467-ltwgz (excalidraw)"[0m[0m
[90m9:40PM[0m [31mERR[0m [1mno port-forward defined[0m
[90m9:41PM[0m [33mWRN[0m [1mlog-reader EOF[0m [36merror=[0m[31m[1m"Stream closed EOF for excalidraw/excalidraw-6f6cdbc467-ltwgz (excalidraw)"[0m[0m
[90m9:42PM[0m [32mINF[0m [1m🐶 K9s starting up...[0m
[90m9:42PM[0m [32mINF[0m [1m✅ Kubernetes connectivity[0m
[90m9:42PM[0m [31mERR[0m [1mCommand failed[0m [36merror=[0m[31m[1m"exit status 1"[0m[0m
[90m9:42PM[0m [31mERR[0m [1mExec failed "dive docker.io/actualbudget/actual-server:24.2.0-alpine": exit status 1
[0m [36merror=[0m[31m[1m"exit status 1\n"[0m[0m
[90m9:42PM[0m [32mINF[0m [1m🐶 K9s starting up...[0m
[90m9:42PM[0m [32mINF[0m [1m✅ Kubernetes connectivity[0m
[90m9:43PM[0m [31mERR[0m [1mWatcher failed for containers -- pods "buget-55c7bc465-tpqlc" not found[0m [36merror=[0m[31m[1m"pods \"buget-55c7bc465-tpqlc\" not found"[0m[0m
[90m9:44PM[0m [33mWRN[0m [1mlog-reader EOF[0m [36merror=[0m[31m[1m"Stream closed EOF for excalidraw/excalidraw-6f6cdbc467-ltwgz (excalidraw)"[0m[0m
[90m9:44PM[0m [32mINF[0m [1m🐶 K9s starting up...[0m
[90m9:44PM[0m [32mINF[0m [1m✅ Kubernetes connectivity[0m
[90m9:46PM[0m [32mINF[0m [1m🐶 K9s starting up...[0m
[90m9:47PM[0m [32mINF[0m [1m✅ Kubernetes connectivity[0m
[90m4:54AM[0m [31mERR[0m [1mcan't connect to cluster[0m [36merror=[0m[31m[1m"Get \"https://192.168.1.101:6443/version?timeout=15s\": net/http: request canceled (Client.Timeout exceeded while awaiting headers)"[0m[0m
[90m4:54AM[0m [31mERR[0m [1mClusterUpdater failed[0m [36merror=[0m[31m[1m"conn check failed (1/5)"[0m[0m
[90m8:18AM[0m [31mERR[0m [1mcan't connect to cluster[0m [36merror=[0m[31m[1m"Get \"https://192.168.1.101:6443/version?timeout=15s\": net/http: request canceled (Client.Timeout exceeded while awaiting headers)"[0m[0m
[90m8:18AM[0m [31mERR[0m [1mClusterUpdater failed[0m [36merror=[0m[31m[1m"conn check failed (1/5)"[0m[0m
[90m8:32AM[0m [31mERR[0m [1mcan't connect to cluster[0m [36merror=[0m[31m[1m"Get \"https://192.168.1.101:6443/version?timeout=15s\": net/http: request canceled (Client.Timeout exceeded while awaiting headers)"[0m[0m
[90m8:32AM[0m [31mERR[0m [1mClusterUpdater failed[0m [36merror=[0m[31m[1m"conn check failed (2/5)"[0m[0m
[90m10:19AM[0m [31mERR[0m [1mcan't connect to cluster[0m [36merror=[0m[31m[1m"Get \"https://192.168.1.101:6443/version?timeout=15s\": net/http: request canceled (Client.Timeout exceeded while awaiting headers)"[0m[0m
[90m10:19AM[0m [31mERR[0m [1mClusterUpdater failed[0m [36merror=[0m[31m[1m"conn check failed (1/5)"[0m[0m
[90m10:31AM[0m [31mERR[0m [1mcan't connect to cluster[0m [36merror=[0m[31m[1m"Get \"https://192.168.1.101:6443/version?timeout=15s\": net/http: request canceled (Client.Timeout exceeded while awaiting headers)"[0m[0m
[90m10:31AM[0m [31mERR[0m [1mClusterUpdater failed[0m [36merror=[0m[31m[1m"conn check failed (1/5)"[0m[0m
[90m10:31AM[0m [31mERR[0m [1mcan't connect to cluster[0m [36merror=[0m[31m[1m"Get \"https://192.168.1.101:6443/version?timeout=15s\": http2: client connection lost"[0m[0m
[90m10:31AM[0m [31mERR[0m [1mClusterUpdater failed[0m [36merror=[0m[31m[1m"conn check failed (2/5)"[0m[0m
[90m12:06PM[0m [31mERR[0m [1mcan't connect to cluster[0m [36merror=[0m[31m[1m"Get \"https://192.168.1.101:6443/version?timeout=15s\": net/http: request canceled (Client.Timeout exceeded while awaiting headers)"[0m[0m
[90m12:06PM[0m [31mERR[0m [1mClusterUpdater failed[0m [36merror=[0m[31m[1m"conn check failed (1/5)"[0m[0m
[90m12:40PM[0m [31mERR[0m [1mcan't connect to cluster[0m [36merror=[0m[31m[1m"Get \"https://192.168.1.101:6443/version?timeout=15s\": net/http: request canceled (Client.Timeout exceeded while awaiting headers)"[0m[0m
[90m12:40PM[0m [31mERR[0m [1mClusterUpdater failed[0m [36merror=[0m[31m[1m"conn check failed (1/5)"[0m[0m
[90m12:59PM[0m [31mERR[0m [1mcan't connect to cluster[0m [36merror=[0m[31m[1m"Get \"https://192.168.1.101:6443/version?timeout=15s\": net/http: request canceled (Client.Timeout exceeded while awaiting headers)"[0m[0m
[90m12:59PM[0m [31mERR[0m [1mClusterUpdater failed[0m [36merror=[0m[31m[1m"conn check failed (1/5)"[0m[0m
[90m1:00PM[0m [31mERR[0m [1mcan't connect to cluster[0m [36merror=[0m[31m[1m"Get \"https://192.168.1.101:6443/version?timeout=15s\": net/http: request canceled (Client.Timeout exceeded while awaiting headers)"[0m[0m
[90m1:00PM[0m [31mERR[0m [1mClusterUpdater failed[0m [36merror=[0m[31m[1m"conn check failed (2/5)"[0m[0m
[90m1:07PM[0m [31mERR[0m [1mcan't connect to cluster[0m [36merror=[0m[31m[1m"Get \"https://192.168.1.101:6443/version?timeout=15s\": net/http: request canceled (Client.Timeout exceeded while awaiting headers)"[0m[0m
[90m1:07PM[0m [31mERR[0m [1mClusterUpdater failed[0m [36merror=[0m[31m[1m"conn check failed (1/5)"[0m[0m
[90m1:07PM[0m [31mERR[0m [1mcan't connect to cluster[0m [36merror=[0m[31m[1m"Get \"https://192.168.1.101:6443/version?timeout=15s\": net/http: request canceled (Client.Timeout exceeded while awaiting headers)"[0m[0m
[90m1:07PM[0m [31mERR[0m [1mClusterUpdater failed[0m [36merror=[0m[31m[1m"conn check failed (2/5)"[0m[0m
[90m1:43PM[0m [31mERR[0m [1mcan't connect to cluster[0m [36merror=[0m[31m[1m"Get \"https://192.168.1.101:6443/version?timeout=15s\": net/http: request canceled (Client.Timeout exceeded while awaiting headers)"[0m[0m
[90m1:43PM[0m [31mERR[0m [1mClusterUpdater failed[0m [36merror=[0m[31m[1m"conn check failed (1/5)"[0m[0m
[90m2:27PM[0m [31mERR[0m [1mcan't connect to cluster[0m [36merror=[0m[31m[1m"Get \"https://192.168.1.101:6443/version?timeout=15s\": net/http: request canceled (Client.Timeout exceeded while awaiting headers)"[0m[0m
[90m2:27PM[0m [31mERR[0m [1mClusterUpdater failed[0m [36merror=[0m[31m[1m"conn check failed (1/5)"[0m[0m
[90m4:35PM[0m [31mERR[0m [1mcan't connect to cluster[0m [36merror=[0m[31m[1m"Get \"https://192.168.1.101:6443/version?timeout=15s\": net/http: request canceled (Client.Timeout exceeded while awaiting headers)"[0m[0m
[90m4:35PM[0m [31mERR[0m [1mClusterUpdater failed[0m [36merror=[0m[31m[1m"conn check failed (1/5)"[0m[0m
[90m7:13PM[0m [31mERR[0m [1mcan't connect to cluster[0m [36merror=[0m[31m[1m"Get \"https://192.168.1.101:6443/version?timeout=15s\": net/http: request canceled (Client.Timeout exceeded while awaiting headers)"[0m[0m
[90m7:13PM[0m [31mERR[0m [1mClusterUpdater failed[0m [36merror=[0m[31m[1m"conn check failed (1/5)"[0m[0m
[90m8:09PM[0m [33mWRN[0m [1m  Dial Failed![0m [36merror=[0m[31m[1m"Post \"https://192.168.1.101:6443/apis/authorization.k8s.io/v1/selfsubjectaccessreviews\": context deadline exceeded"[0m[0m
[90m8:09PM[0m [31mERR[0m [1mcan't connect to cluster[0m [36merror=[0m[31m[1m"Get \"https://192.168.1.101:6443/version?timeout=15s\": net/http: request canceled (Client.Timeout exceeded while awaiting headers)"[0m[0m
[90m8:09PM[0m [31mERR[0m [1mClusterUpdater failed[0m [36merror=[0m[31m[1m"conn check failed (1/5)"[0m[0m
[90m8:09PM[0m [33mWRN[0m [1mreconciler exited[0m [36merror=[0m[31m[1m"context canceled"[0m[0m
[90m8:16PM[0m [31mERR[0m [1mcan't connect to cluster[0m [36merror=[0m[31m[1m"Get \"https://192.168.1.101:6443/version?timeout=15s\": net/http: request canceled (Client.Timeout exceeded while awaiting headers)"[0m[0m
[90m8:16PM[0m [31mERR[0m [1mClusterUpdater failed[0m [36merror=[0m[31m[1m"conn check failed (1/5)"[0m[0m
[90m8:17PM[0m [31mERR[0m [1mcan't connect to cluster[0m [36merror=[0m[31m[1m"Get \"https://192.168.1.101:6443/version?timeout=15s\": http2: client connection lost"[0m[0m
[90m8:17PM[0m [31mERR[0m [1mClusterUpdater failed[0m [36merror=[0m[31m[1m"conn check failed (2/5)"[0m[0m
[90m8:17PM[0m [31mERR[0m [1mcan't connect to cluster[0m [36merror=[0m[31m[1m"Get \"https://192.168.1.101:6443/version?timeout=15s\": dial tcp 192.168.1.101:6443: connect: network is unreachable"[0m[0m
[90m8:17PM[0m [31mERR[0m [1mClusterUpdater failed[0m [36merror=[0m[31m[1m"conn check failed (3/5)"[0m[0m
[90m8:17PM[0m [31mERR[0m [1mcan't connect to cluster[0m [36merror=[0m[31m[1m"Get \"https://192.168.1.101:6443/version?timeout=15s\": dial tcp 192.168.1.101:6443: connect: network is unreachable"[0m[0m
[90m8:17PM[0m [31mERR[0m [1mClusterUpdater failed[0m [36merror=[0m[31m[1m"conn check failed (4/5)"[0m[0m
[90m8:17PM[0m [33mWRN[0m [1mnamespace validation failed for: "argocd"[0m [36merror=[0m[31m[1m"user not authorized to list all namespaces"[0m[0m
[90m8:17PM[0m [33mWRN[0m [1mnamespace validation failed for: "default"[0m [36merror=[0m[31m[1m"user not authorized to list all namespaces"[0m[0m
[90m9:56PM[0m [32mINF[0m [1m🐶 K9s starting up...[0m
[90m9:56PM[0m [32mINF[0m [1m✅ Kubernetes connectivity[0m
[90m10:36PM[0m [33mWRN[0m [1mlog-reader EOF[0m [36merror=[0m[31m[1m"Stream closed EOF for freshrss/freshrss-67754c486f-j7j4z (freshrss)"[0m[0m
[90m10:37PM[0m [33mWRN[0m [1mlog-reader EOF[0m [36merror=[0m[31m[1m"Stream closed EOF for freshrss/freshrss-67754c486f-j7j4z (freshrss)"[0m[0m
[90m10:37PM[0m [33mWRN[0m [1mlog-reader EOF[0m [36merror=[0m[31m[1m"Stream closed EOF for freshrss/freshrss-67754c486f-j7j4z (freshrss)"[0m[0m
[90m10:50PM[0m [33mWRN[0m [1mlog-reader EOF[0m [36merror=[0m[31m[1m"Stream closed EOF for freshrss/freshrss-5cdc79dbd7-s4j99 (freshrss)"[0m[0m
[90m10:57PM[0m [31mERR[0m [1mreconcile failed "v1/pods"[0m [36merror=[0m[31m[1m"Get \"https://192.168.1.101:6443/api/v1/namespaces/freshrss/pods/freshrss-5cdc79dbd7-s4j99\": dial tcp 192.168.1.101:6443: connect: connection refused"[0m[0m
[90m10:57PM[0m [31mERR[0m [1mreconcile failed "v1/pods"[0m [36merror=[0m[31m[1m"Get \"https://192.168.1.101:6443/api/v1/namespaces/freshrss/pods/freshrss-5cdc79dbd7-s4j99\": dial tcp 192.168.1.101:6443: connect: connection refused"[0m[0m
[90m10:57PM[0m [31mERR[0m [1mcan't connect to cluster[0m [36merror=[0m[31m[1m"Get \"https://192.168.1.101:6443/version?timeout=15s\": dial tcp 192.168.1.101:6443: connect: connection refused"[0m[0m
[90m10:57PM[0m [31mERR[0m [1mClusterUpdater failed[0m [36merror=[0m[31m[1m"conn check failed (1/5)"[0m[0m
[90m7:47AM[0m [33mWRN[0m [1m  Dial Failed![0m [36merror=[0m[31m[1m"Post \"https://192.168.1.101:6443/apis/authorization.k8s.io/v1/selfsubjectaccessreviews\": context deadline exceeded"[0m[0m
[90m7:47AM[0m [31mERR[0m [1munable to get pods count for metal1[0m [36merror=[0m[31m[1m"Post \"https://192.168.1.101:6443/apis/authorization.k8s.io/v1/selfsubjectaccessreviews\": context deadline exceeded"[0m[0m
[90m7:47AM[0m [31mERR[0m [1munable to get pods count for metal2[0m [36merror=[0m[31m[1m"[list] access denied on resource \"\":\"v1/pods\""[0m[0m
[90m7:47AM[0m [31mERR[0m [1munable to get pods count for metal3[0m [36merror=[0m[31m[1m"[list] access denied on resource \"\":\"v1/pods\""[0m[0m
[90m7:47AM[0m [31mERR[0m [1mcan't connect to cluster[0m [36merror=[0m[31m[1m"client rate limiter Wait returned an error: context deadline exceeded - error from a previous attempt: read tcp 192.168.2.50:65049->192.168.1.101:6443: read: connection reset by peer"[0m[0m
[90m7:47AM[0m [31mERR[0m [1mClusterUpdater failed[0m [36merror=[0m[31m[1m"conn check failed (1/5)"[0m[0m
[90m8:06AM[0m [31mERR[0m [1mcan't connect to cluster[0m [36merror=[0m[31m[1m"Get \"https://192.168.1.101:6443/version?timeout=15s\": net/http: request canceled (Client.Timeout exceeded while awaiting headers)"[0m[0m
[90m8:06AM[0m [31mERR[0m [1mClusterUpdater failed[0m [36merror=[0m[31m[1m"conn check failed (1/5)"[0m[0m
[90m8:07AM[0m [31mERR[0m [1mcan't connect to cluster[0m [36merror=[0m[31m[1m"Get \"https://192.168.1.101:6443/version?timeout=15s\": http2: client connection lost"[0m[0m
[90m8:07AM[0m [31mERR[0m [1mClusterUpdater failed[0m [36merror=[0m[31m[1m"conn check failed (2/5)"[0m[0m
[90m9:07PM[0m [32mINF[0m [1m🐶 K9s starting up...[0m
[90m9:08PM[0m [31mERR[0m [1mFail to locate metrics-server[0m [36merror=[0m[31m[1m"Get \"https://192.168.1.101:6443/api\": dial tcp 192.168.1.101:6443: i/o timeout"[0m[0m
[90m9:08PM[0m [33mWRN[0m [1mnamespace validation failed for: "argocd"[0m [36merror=[0m[31m[1m"user not authorized to list all namespaces"[0m[0m
[90m9:08PM[0m [33mWRN[0m [1mnamespace validation failed for: "default"[0m [36merror=[0m[31m[1m"user not authorized to list all namespaces"[0m[0m
[90m9:08PM[0m [31mERR[0m [1mcan't connect to cluster[0m [36merror=[0m[31m[1m"Get \"https://192.168.1.101:6443/version?timeout=15s\": net/http: request canceled while waiting for connection (Client.Timeout exceeded while awaiting headers)"[0m[0m
[90m9:08PM[0m [32mINF[0m [1m✅ Kubernetes connectivity[0m
[90m9:08PM[0m [31mERR[0m [1mFail to load global/context configuration[0m [36merror=[0m[31m[1m"Get \"https://192.168.1.101:6443/api\": dial tcp 192.168.1.101:6443: i/o timeout\ncannot connect to context: default\nk8s connection failed for context: default"[0m[0m
[90m9:08PM[0m [31mERR[0m [1mLoad cluster resources - No API server connection[0m
[90m9:08PM[0m [31mERR[0m [1mfailed to list contexts[0m [36merror=[0m[31m[1m"no connection"[0m[0m
[90m9:08PM[0m [33mWRN[0m [1mk9s latest rev fetch failed Get "https://api.github.com/repos/derailed/k9s/releases/latest": context deadline exceeded[0m
[90m9:08PM[0m [33mWRN[0m [1mUnable to dial discovery API[0m [36merror=[0m[31m[1m"no connection to dial"[0m[0m
[90m9:08PM[0m [31mERR[0m [1mcan't connect to cluster[0m [36merror=[0m[31m[1m"Get \"https://192.168.1.101:6443/version?timeout=15s\": net/http: request canceled while waiting for connection (Client.Timeout exceeded while awaiting headers)"[0m[0m
[90m9:08PM[0m [31mERR[0m [1mLoad cluster resources - No API server connection[0m
[90m9:08PM[0m [33mWRN[0m [1mUnable to dial discovery API[0m [36merror=[0m[31m[1m"no connection to dial"[0m[0m
[90m9:08PM[0m [31mERR[0m [1mContext switch failed[0m [36merror=[0m[31m[1m"no connection to cached dial"[0m[0m
[90m9:08PM[0m [31mERR[0m [1mno connection to cached dial[0m
[90m9:10PM[0m [33mWRN[0m [1mlog-reader EOF[0m [36merror=[0m[31m[1m"Stream closed EOF for freshrss/freshrss-5cdc79dbd7-zghmz (freshrss)"[0m[0m
[90m9:10PM[0m [31mERR[0m [1mCommand failed[0m [36merror=[0m[31m[1m"exit status 1"[0m[0m
[90m9:10PM[0m [31mERR[0m [1mExec failed "dive linuxserver/freshrss:latest": exit status 1
[0m [36merror=[0m[31m[1m"exit status 1\n"[0m[0m
[90m10:37PM[0m [31mERR[0m [1mcan't connect to cluster[0m [36merror=[0m[31m[1m"Get \"https://192.168.1.101:6443/version?timeout=15s\": net/http: request canceled (Client.Timeout exceeded while awaiting headers)"[0m[0m
[90m10:37PM[0m [31mERR[0m [1mClusterUpdater failed[0m [36merror=[0m[31m[1m"conn check failed (1/5)"[0m[0m
[90m10:37PM[0m [31mERR[0m [1mcan't connect to cluster[0m [36merror=[0m[31m[1m"Get \"https://192.168.1.101:6443/version?timeout=15s\": http2: client connection lost"[0m[0m
[90m10:37PM[0m [31mERR[0m [1mClusterUpdater failed[0m [36merror=[0m[31m[1m"conn check failed (2/5)"[0m[0m
[90m11:33PM[0m [31mERR[0m [1mcan't connect to cluster[0m [36merror=[0m[31m[1m"Get \"https://192.168.1.101:6443/version?timeout=15s\": net/http: request canceled (Client.Timeout exceeded while awaiting headers)"[0m[0m
[90m11:33PM[0m [31mERR[0m [1mClusterUpdater failed[0m [36merror=[0m[31m[1m"conn check failed (1/5)"[0m[0m
[90m11:33PM[0m [31mERR[0m [1mcan't connect to cluster[0m [36merror=[0m[31m[1m"Get \"https://192.168.1.101:6443/version?timeout=15s\": http2: client connection lost"[0m[0m
[90m11:33PM[0m [31mERR[0m [1mClusterUpdater failed[0m [36merror=[0m[31m[1m"conn check failed (2/5)"[0m[0m
[90m11:34PM[0m [31mERR[0m [1mcan't connect to cluster[0m [36merror=[0m[31m[1m"Get \"https://192.168.1.101:6443/version?timeout=15s\": net/http: request canceled while waiting for connection (Client.Timeout exceeded while awaiting headers)"[0m[0m
[90m11:34PM[0m [31mERR[0m [1mClusterUpdater failed[0m [36merror=[0m[31m[1m"conn check failed (3/5)"[0m[0m
[90m9:24PM[0m [32mINF[0m [1m🐶 K9s starting up...[0m
[90m9:24PM[0m [32mINF[0m [1m✅ Kubernetes connectivity[0m
[90m9:25PM[0m [33mWRN[0m [1mlog-reader canceled[0m [36merror=[0m[31m[1m"Stream canceled context canceled for plex/plex2-plex-media-server-0 (plex2-plex-media-server-pms)"[0m[0m
[90m10:55PM[0m [31mERR[0m [1mcan't connect to cluster[0m [36merror=[0m[31m[1m"Get \"https://192.168.1.101:6443/version?timeout=15s\": net/http: request canceled (Client.Timeout exceeded while awaiting headers)"[0m[0m
[90m10:55PM[0m [31mERR[0m [1mClusterUpdater failed[0m [36merror=[0m[31m[1m"conn check failed (1/5)"[0m[0m
[90m10:55PM[0m [31mERR[0m [1mcan't connect to cluster[0m [36merror=[0m[31m[1m"Get \"https://192.168.1.101:6443/version?timeout=15s\": http2: client connection lost"[0m[0m
[90m10:55PM[0m [31mERR[0m [1mClusterUpdater failed[0m [36merror=[0m[31m[1m"conn check failed (2/5)"[0m[0m
[90m10:56PM[0m [31mERR[0m [1mreconcile failed "v1/pods"[0m [36merror=[0m[31m[1m"Get \"https://192.168.1.101:6443/api/v1/namespaces/plex/pods/plex2-plex-media-server-0\": http2: client connection lost"[0m[0m
[90m10:56PM[0m [31mERR[0m [1mDescribe gave up![0m [36merror=[0m[31m[1m"Get \"https://192.168.1.101:6443/api/v1/namespaces/plex/pods/plex2-plex-media-server-0\": http2: client connection lost"[0m[0m
[90m10:56PM[0m [31mERR[0m [1mcan't connect to cluster[0m [36merror=[0m[31m[1m"Get \"https://192.168.1.101:6443/version?timeout=15s\": net/http: request canceled while waiting for connection (Client.Timeout exceeded while awaiting headers)"[0m[0m
[90m10:56PM[0m [31mERR[0m [1mClusterUpdater failed[0m [36merror=[0m[31m[1m"conn check failed (3/5)"[0m[0m
[90m11:47PM[0m [31mERR[0m [1mcan't connect to cluster[0m [36merror=[0m[31m[1m"Get \"https://192.168.1.101:6443/version?timeout=15s\": net/http: request canceled (Client.Timeout exceeded while awaiting headers)"[0m[0m
[90m11:47PM[0m [31mERR[0m [1mClusterUpdater failed[0m [36merror=[0m[31m[1m"conn check failed (1/5)"[0m[0m
[90m11:48PM[0m [31mERR[0m [1mcan't connect to cluster[0m [36merror=[0m[31m[1m"Get \"https://192.168.1.101:6443/version?timeout=15s\": http2: client connection lost"[0m[0m
[90m11:48PM[0m [31mERR[0m [1mClusterUpdater failed[0m [36merror=[0m[31m[1m"conn check failed (2/5)"[0m[0m
[90m11:49PM[0m [31mERR[0m [1mreconcile failed "v1/pods"[0m [36merror=[0m[31m[1m"Get \"https://192.168.1.101:6443/api/v1/namespaces/plex/pods/plex2-plex-media-server-0\": http2: client connection lost"[0m[0m
[90m11:49PM[0m [31mERR[0m [1mDescribe gave up![0m [36merror=[0m[31m[1m"Get \"https://192.168.1.101:6443/api/v1/namespaces/plex/pods/plex2-plex-media-server-0\": http2: client connection lost"[0m[0m
[90m11:49PM[0m [31mERR[0m [1mcan't connect to cluster[0m [36merror=[0m[31m[1m"Get \"https://192.168.1.101:6443/version?timeout=15s\": net/http: request canceled while waiting for connection (Client.Timeout exceeded while awaiting headers)"[0m[0m
[90m11:49PM[0m [31mERR[0m [1mClusterUpdater failed[0m [36merror=[0m[31m[1m"conn check failed (3/5)"[0m[0m
[90m11:49PM[0m [33mWRN[0m [1mnamespace validation failed for: "plex"[0m [36merror=[0m[31m[1m"user not authorized to list all namespaces"[0m[0m
[90m9:28PM[0m [32mINF[0m [1m🐶 K9s starting up...[0m
[90m9:28PM[0m [32mINF[0m [1m✅ Kubernetes connectivity[0m
[90m9:28PM[0m [33mWRN[0m [1mlog-reader canceled[0m [36merror=[0m[31m[1m"Stream canceled context canceled for plex/plex-0 (plex-pms)"[0m[0m
[90m9:28PM[0m [31mERR[0m [1mCommand failed[0m [36merror=[0m[31m[1m"exit status 127"[0m[0m
[90m9:28PM[0m [31mERR[0m [1mExec failed "/usr/local/bin/kubectl exec --context default -it -n plex plex-0 -c plex-pms -- sh -c command -v bash >/dev/null && exec bash || exec sh": exit status 127
[0m [36merror=[0m[31m[1m"exit status 127\n"[0m[0m
[90m9:28PM[0m [31mERR[0m [1mShell exec failed: exit status 127
[0m [36merror=[0m[31m[1m"exit status 127\n"[0m[0m
[90m9:35PM[0m [33mWRN[0m [1mlog-reader canceled[0m [36merror=[0m[31m[1m"Stream canceled context canceled for plex/plex-0 (plex-pms)"[0m[0m
[90m9:35PM[0m [33mWRN[0m [1mlog-reader canceled[0m [36merror=[0m[31m[1m"Stream canceled context canceled for plex/plex2-plex-media-server-0 (plex2-plex-media-server-pms)"[0m[0m
[90m9:35PM[0m [33mWRN[0m [1mDeleted (0) portforward for "plex/plex2-plex-media-server-0"[0m
[90m9:36PM[0m [33mWRN[0m [1mlog-reader canceled[0m [36merror=[0m[31m[1m"Stream canceled context canceled for plex/plex-0 (plex-pms)"[0m[0m
[90m9:36PM[0m [31mERR[0m [1mCommand failed[0m [36merror=[0m[31m[1m"exit status 1"[0m[0m
[90m9:36PM[0m [31mERR[0m [1mExec failed "dive index.docker.io/plexinc/pms-docker:latest": exit status 1
[0m [36merror=[0m[31m[1m"exit status 1\n"[0m[0m
[90m9:36PM[0m [31mERR[0m [1mCommand failed[0m [36merror=[0m[31m[1m"exit status 1"[0m[0m
[90m9:36PM[0m [31mERR[0m [1mExec failed "dive index.docker.io/plexinc/pms-docker:latest": exit status 1
[0m [36merror=[0m[31m[1m"exit status 1\n"[0m[0m
[90m9:55PM[0m [33mWRN[0m [1mlog-reader EOF[0m [36merror=[0m[31m[1m"Stream closed EOF for plex/plex-0 (plex-pms)"[0m[0m
[90m9:55PM[0m [31mERR[0m [1mlogs-stream[0m [36merror=[0m[31m[1m"stream logs failed container \"plex-pms\" in pod \"plex-0\" is waiting to start: ContainerCreating for plex/plex-0 (plex-pms)"[0m[0m
[90m9:55PM[0m [31mERR[0m [1mlogs-stream[0m [36merror=[0m[31m[1m"stream logs failed container \"plex-pms\" in pod \"plex-0\" is waiting to start: ContainerCreating for plex/plex-0 (plex-pms)"[0m[0m
[90m9:56PM[0m [33mWRN[0m [1mlog-reader canceled[0m [36merror=[0m[31m[1m"Stream canceled context canceled for plex/plex-0 (plex-pms)"[0m[0m
[90m9:57PM[0m [31mERR[0m [1mCommand failed[0m [36merror=[0m[31m[1m"exit status 127"[0m[0m
[90m9:57PM[0m [31mERR[0m [1mExec failed "/usr/local/bin/kubectl exec --context default -it -n plex plex-0 -c plex-pms -- sh -c command -v bash >/dev/null && exec bash || exec sh": exit status 127
[0m [36merror=[0m[31m[1m"exit status 127\n"[0m[0m
[90m9:57PM[0m [31mERR[0m [1mShell exec failed: exit status 127
[0m [36merror=[0m[31m[1m"exit status 127\n"[0m[0m
[90m10:04PM[0m [31mERR[0m [1mCommand failed[0m [36merror=[0m[31m[1m"exit status 137"[0m[0m
[90m10:04PM[0m [31mERR[0m [1mExec failed "/usr/local/bin/kubectl exec --context default -it -n plex plex-0 -c plex-pms -- sh -c command -v bash >/dev/null && exec bash || exec sh": exit status 137
[0m [36merror=[0m[31m[1m"exit status 137\n"[0m[0m
[90m10:04PM[0m [31mERR[0m [1mShell exec failed: exit status 137
[0m [36merror=[0m[31m[1m"exit status 137\n"[0m[0m
[90m10:05PM[0m [33mWRN[0m [1mlog-reader EOF[0m [36merror=[0m[31m[1m"Stream closed EOF for plex/plex-0 (plex-pms)"[0m[0m
[90m10:05PM[0m [31mERR[0m [1mlogs-stream[0m [36merror=[0m[31m[1m"stream logs failed container \"plex-pms\" in pod \"plex-0\" is waiting to start: ContainerCreating for plex/plex-0 (plex-pms)"[0m[0m
[90m10:05PM[0m [31mERR[0m [1mlogs-stream[0m [36merror=[0m[31m[1m"stream logs failed container \"plex-pms\" in pod \"plex-0\" is waiting to start: ContainerCreating for plex/plex-0 (plex-pms)"[0m[0m
[90m10:05PM[0m [31mERR[0m [1mlogs-stream[0m [36merror=[0m[31m[1m"stream logs failed container \"plex-pms\" in pod \"plex-0\" is waiting to start: ContainerCreating for plex/plex-0 (plex-pms)"[0m[0m
[90m10:05PM[0m [31mERR[0m [1mlogs-stream[0m [36merror=[0m[31m[1m"stream logs failed container \"plex-pms\" in pod \"plex-0\" is waiting to start: ContainerCreating for plex/plex-0 (plex-pms)"[0m[0m
[90m10:05PM[0m [31mERR[0m [1mlogs-stream[0m [36merror=[0m[31m[1m"stream logs failed container \"plex-pms\" in pod \"plex-0\" is waiting to start: ContainerCreating for plex/plex-0 (plex-pms)"[0m[0m
[90m10:05PM[0m [31mERR[0m [1mlogs-stream[0m [36merror=[0m[31m[1m"stream logs failed container \"plex-pms\" in pod \"plex-0\" is waiting to start: ContainerCreating for plex/plex-0 (plex-pms)"[0m[0m
[90m10:05PM[0m [31mERR[0m [1mlogs-stream[0m [36merror=[0m[31m[1m"stream logs failed container \"plex-pms\" in pod \"plex-0\" is waiting to start: ContainerCreating for plex/plex-0 (plex-pms)"[0m[0m
[90m10:05PM[0m [31mERR[0m [1mlogs-stream[0m [36merror=[0m[31m[1m"stream logs failed container \"plex-pms\" in pod \"plex-0\" is waiting to start: ContainerCreating for plex/plex-0 (plex-pms)"[0m[0m
[90m10:06PM[0m [33mWRN[0m [1mlog-reader canceled[0m [36merror=[0m[31m[1m"Stream canceled context canceled for plex/plex-0 (plex-pms)"[0m[0m
[90m10:09PM[0m [33mWRN[0m [1mlog-reader EOF[0m [36merror=[0m[31m[1m"Stream closed EOF for plex/plex-0 (plex-pms)"[0m[0m
[90m10:09PM[0m [31mERR[0m [1mlogs-stream[0m [36merror=[0m[31m[1m"stream logs failed container \"plex-pms\" in pod \"plex-0\" is waiting to start: ContainerCreating for plex/plex-0 (plex-pms)"[0m[0m
[90m10:09PM[0m [31mERR[0m [1mlogs-stream[0m [36merror=[0m[31m[1m"stream logs failed container \"plex-pms\" in pod \"plex-0\" is waiting to start: ContainerCreating for plex/plex-0 (plex-pms)"[0m[0m
[90m10:09PM[0m [31mERR[0m [1mlogs-stream[0m [36merror=[0m[31m[1m"stream logs failed container \"plex-pms\" in pod \"plex-0\" is waiting to start: ContainerCreating for plex/plex-0 (plex-pms)"[0m[0m
[90m10:09PM[0m [31mERR[0m [1mlogs-stream[0m [36merror=[0m[31m[1m"stream logs failed container \"plex-pms\" in pod \"plex-0\" is waiting to start: ContainerCreating for plex/plex-0 (plex-pms)"[0m[0m
[90m10:09PM[0m [31mERR[0m [1mlogs-stream[0m [36merror=[0m[31m[1m"stream logs failed container \"plex-pms\" in pod \"plex-0\" is waiting to start: ContainerCreating for plex/plex-0 (plex-pms)"[0m[0m
[90m10:09PM[0m [31mERR[0m [1mlogs-stream[0m [36merror=[0m[31m[1m"stream logs failed container \"plex-pms\" in pod \"plex-0\" is waiting to start: ContainerCreating for plex/plex-0 (plex-pms)"[0m[0m
[90m10:09PM[0m [31mERR[0m [1mlogs-stream[0m [36merror=[0m[31m[1m"stream logs failed container \"plex-pms\" in pod \"plex-0\" is waiting to start: ContainerCreating for plex/plex-0 (plex-pms)"[0m[0m
[90m10:09PM[0m [31mERR[0m [1mlogs-stream[0m [36merror=[0m[31m[1m"stream logs failed container \"plex-pms\" in pod \"plex-0\" is waiting to start: ContainerCreating for plex/plex-0 (plex-pms)"[0m[0m
[90m10:09PM[0m [31mERR[0m [1mlogs-stream[0m [36merror=[0m[31m[1m"stream logs failed container \"plex-pms\" in pod \"plex-0\" is waiting to start: ContainerCreating for plex/plex-0 (plex-pms)"[0m[0m
[90m10:09PM[0m [31mERR[0m [1mlogs-stream[0m [36merror=[0m[31m[1m"stream logs failed container \"plex-pms\" in pod \"plex-0\" is waiting to start: ContainerCreating for plex/plex-0 (plex-pms)"[0m[0m
[90m10:18PM[0m [33mWRN[0m [1mlog-reader canceled[0m [36merror=[0m[31m[1m"Stream canceled context canceled for plex/plex-0 (plex-pms)"[0m[0m
[90m10:19PM[0m [33mWRN[0m [1mDeleted (0) portforward for "longhorn-system/pvc-20b74fe9-22d9-4afc-8e66-836e0f8fa955"[0m
[90m1:03AM[0m [31mERR[0m [1mcan't connect to cluster[0m [36merror=[0m[31m[1m"Get \"https://192.168.1.101:6443/version?timeout=15s\": net/http: request canceled (Client.Timeout exceeded while awaiting headers)"[0m[0m
[90m1:03AM[0m [31mERR[0m [1mClusterUpdater failed[0m [36merror=[0m[31m[1m"conn check failed (1/5)"[0m[0m
[90m1:03AM[0m [33mWRN[0m [1mlog-reader canceled[0m [36merror=[0m[31m[1m"Stream canceled context canceled for plex/plex-0 (plex-pms)"[0m[0m
[90m1:04AM[0m [31mERR[0m [1mcan't connect to cluster[0m [36merror=[0m[31m[1m"Get \"https://192.168.1.101:6443/version?timeout=15s\": http2: client connection lost"[0m[0m
[90m1:04AM[0m [31mERR[0m [1mClusterUpdater failed[0m [36merror=[0m[31m[1m"conn check failed (2/5)"[0m[0m
[90m1:04AM[0m [31mERR[0m [1mcan't connect to cluster[0m [36merror=[0m[31m[1m"Get \"https://192.168.1.101:6443/version?timeout=15s\": net/http: request canceled while waiting for connection (Client.Timeout exceeded while awaiting headers)"[0m[0m
[90m1:04AM[0m [31mERR[0m [1mClusterUpdater failed[0m [36merror=[0m[31m[1m"conn check failed (3/5)"[0m[0m
[90m1:04AM[0m [33mWRN[0m [1mnamespace validation failed for: "plex"[0m [36merror=[0m[31m[1m"user not authorized to list all namespaces"[0m[0m
[90m9:37PM[0m [32mINF[0m [1m🐶 K9s starting up...[0m
[90m9:37PM[0m [32mINF[0m [1m✅ Kubernetes connectivity[0m
[90m9:51PM[0m [31mERR[0m [1mreconcile failed "v1/secrets"[0m [36merror=[0m[31m[1m"secrets \"frigate-rstp-credentials\" not found"[0m[0m
[90m9:51PM[0m [31mERR[0m [1mreconcile failed "v1/secrets"[0m [36merror=[0m[31m[1m"secrets \"frigate-rstp-credentials\" not found"[0m[0m
[90m12:44AM[0m [31mERR[0m [1mcan't connect to cluster[0m [36merror=[0m[31m[1m"Get \"https://192.168.1.101:6443/version?timeout=15s\": net/http: request canceled (Client.Timeout exceeded while awaiting headers)"[0m[0m
[90m12:44AM[0m [31mERR[0m [1mClusterUpdater failed[0m [36merror=[0m[31m[1m"conn check failed (1/5)"[0m[0m
[90m12:44AM[0m [31mERR[0m [1mreconcile failed "v1/secrets"[0m [36merror=[0m[31m[1m"ACCESS -- No API server connection"[0m[0m
[90m12:44AM[0m [31mERR[0m [1mDescribe gave up![0m [36merror=[0m[31m[1m"ACCESS -- No API server connection"[0m[0m
[90m12:44AM[0m [31mERR[0m [1mNo REST mapper for resource v1/secrets[0m [36merror=[0m[31m[1m"no connection to cached dial"[0m[0m
[90m12:44AM[0m [31mERR[0m [1mreconcile failed "v1/secrets"[0m [36merror=[0m[31m[1m"no connection to cached dial"[0m[0m
[90m1:45AM[0m [31mERR[0m [1mNo REST mapper for resource v1/secrets[0m [36merror=[0m[31m[1m"no connection to cached dial"[0m[0m
[90m1:45AM[0m [31mERR[0m [1mreconcile failed "v1/secrets"[0m [36merror=[0m[31m[1m"no connection to cached dial"[0m[0m
[90m3:48AM[0m [31mERR[0m [1mcan't connect to cluster[0m [36merror=[0m[31m[1m"Get \"https://192.168.1.101:6443/version?timeout=15s\": net/http: request canceled (Client.Timeout exceeded while awaiting headers)"[0m[0m
[90m3:48AM[0m [31mERR[0m [1mClusterUpdater failed[0m [36merror=[0m[31m[1m"conn check failed (1/5)"[0m[0m
[90m3:48AM[0m [31mERR[0m [1mreconcile failed "v1/secrets"[0m [36merror=[0m[31m[1m"Get \"https://192.168.1.101:6443/api/v1/namespaces/frigate/secrets/frigate-rstp-credentials\": http2: client connection lost"[0m[0m
[90m3:48AM[0m [31mERR[0m [1mcan't connect to cluster[0m [36merror=[0m[31m[1m"Get \"https://192.168.1.101:6443/version?timeout=15s\": http2: client connection lost"[0m[0m
[90m3:48AM[0m [31mERR[0m [1mClusterUpdater failed[0m [36merror=[0m[31m[1m"conn check failed (2/5)"[0m[0m
[90m3:49AM[0m [31mERR[0m [1mNo REST mapper for resource v1/secrets[0m [36merror=[0m[31m[1m"no connection to cached dial"[0m[0m
[90m3:49AM[0m [31mERR[0m [1mreconcile failed "v1/secrets"[0m [36merror=[0m[31m[1m"no connection to cached dial"[0m[0m
[90m4:49AM[0m [31mERR[0m [1mcan't connect to cluster[0m [36merror=[0m[31m[1m"Get \"https://192.168.1.101:6443/version?timeout=15s\": net/http: request canceled (Client.Timeout exceeded while awaiting headers)"[0m[0m
[90m4:49AM[0m [31mERR[0m [1mClusterUpdater failed[0m [36merror=[0m[31m[1m"conn check failed (1/5)"[0m[0m
[90m4:49AM[0m [31mERR[0m [1mNo GVK for resource v1/secrets[0m [36merror=[0m[31m[1m"Get \"https://192.168.1.101:6443/api?timeout=32s\": http2: client connection lost"[0m[0m
[90m4:49AM[0m [31mERR[0m [1mcan't connect to cluster[0m [36merror=[0m[31m[1m"Get \"https://192.168.1.101:6443/version?timeout=15s\": http2: client connection lost"[0m[0m
[90m4:49AM[0m [31mERR[0m [1mreconcile failed "v1/secrets"[0m [36merror=[0m[31m[1m"Get \"https://192.168.1.101:6443/api?timeout=32s\": http2: client connection lost"[0m[0m
[90m4:49AM[0m [31mERR[0m [1mClusterUpdater failed[0m [36merror=[0m[31m[1m"conn check failed (2/5)"[0m[0m
[90m4:50AM[0m [31mERR[0m [1mNo REST mapper for resource v1/secrets[0m [36merror=[0m[31m[1m"no connection to cached dial"[0m[0m
[90m4:50AM[0m [31mERR[0m [1mreconcile failed "v1/secrets"[0m [36merror=[0m[31m[1m"no connection to cached dial"[0m[0m
[90m4:50AM[0m [31mERR[0m [1mNo REST mapper for resource v1/secrets[0m [36merror=[0m[31m[1m"no connection to cached dial"[0m[0m
[90m4:50AM[0m [31mERR[0m [1mreconcile failed "v1/secrets"[0m [36merror=[0m[31m[1m"no connection to cached dial"[0m[0m
[90m4:51AM[0m [31mERR[0m [1mNo REST mapper for resource v1/secrets[0m [36merror=[0m[31m[1m"no connection to cached dial"[0m[0m
[90m4:51AM[0m [31mERR[0m [1mreconcile failed "v1/secrets"[0m [36merror=[0m[31m[1m"no connection to cached dial"[0m[0m
[90m5:50AM[0m [31mERR[0m [1mcan't connect to cluster[0m [36merror=[0m[31m[1m"Get \"https://192.168.1.101:6443/version?timeout=15s\": net/http: request canceled (Client.Timeout exceeded while awaiting headers)"[0m[0m
[90m5:50AM[0m [31mERR[0m [1mClusterUpdater failed[0m [36merror=[0m[31m[1m"conn check failed (1/5)"[0m[0m
[90m5:51AM[0m [31mERR[0m [1mcan't connect to cluster[0m [36merror=[0m[31m[1m"Get \"https://192.168.1.101:6443/version?timeout=15s\": http2: client connection lost"[0m[0m
[90m5:51AM[0m [31mERR[0m [1mClusterUpdater failed[0m [36merror=[0m[31m[1m"conn check failed (2/5)"[0m[0m
[90m5:51AM[0m [31mERR[0m [1mreconcile failed "v1/secrets"[0m [36merror=[0m[31m[1m"Get \"https://192.168.1.101:6443/api/v1/namespaces/frigate/secrets/frigate-rstp-credentials\": http2: client connection lost"[0m[0m
[90m5:51AM[0m [31mERR[0m [1mDescribe gave up![0m [36merror=[0m[31m[1m"Get \"https://192.168.1.101:6443/api/v1/namespaces/frigate/secrets/frigate-rstp-credentials\": http2: client connection lost"[0m[0m
[90m5:51AM[0m [31mERR[0m [1mNo REST mapper for resource v1/secrets[0m [36merror=[0m[31m[1m"no connection to cached dial"[0m[0m
[90m5:51AM[0m [31mERR[0m [1mreconcile failed "v1/secrets"[0m [36merror=[0m[31m[1m"no connection to cached dial"[0m[0m
[90m5:51AM[0m [31mERR[0m [1mNo REST mapper for resource v1/secrets[0m [36merror=[0m[31m[1m"no connection to cached dial"[0m[0m
[90m5:51AM[0m [31mERR[0m [1mreconcile failed "v1/secrets"[0m [36merror=[0m[31m[1m"no connection to cached dial"[0m[0m
[90m5:51AM[0m [31mERR[0m [1mNo REST mapper for resource v1/secrets[0m [36merror=[0m[31m[1m"no connection to cached dial"[0m[0m
[90m5:51AM[0m [31mERR[0m [1mreconcile failed "v1/secrets"[0m [36merror=[0m[31m[1m"no connection to cached dial"[0m[0m
[90m7:52AM[0m [31mERR[0m [1mcan't connect to cluster[0m [36merror=[0m[31m[1m"Get \"https://192.168.1.101:6443/version?timeout=15s\": net/http: request canceled (Client.Timeout exceeded while awaiting headers)"[0m[0m
[90m7:52AM[0m [31mERR[0m [1mClusterUpdater failed[0m [36merror=[0m[31m[1m"conn check failed (1/5)"[0m[0m
[90m7:52AM[0m [31mERR[0m [1mreconcile failed "v1/secrets"[0m [36merror=[0m[31m[1m"ACCESS -- No API server connection"[0m[0m
[90m7:52AM[0m [31mERR[0m [1mDescribe gave up![0m [36merror=[0m[31m[1m"ACCESS -- No API server connection"[0m[0m
[90m7:52AM[0m [31mERR[0m [1mNo REST mapper for resource v1/secrets[0m [36merror=[0m[31m[1m"no connection to cached dial"[0m[0m
[90m7:52AM[0m [31mERR[0m [1mreconcile failed "v1/secrets"[0m [36merror=[0m[31m[1m"no connection to cached dial"[0m[0m
[90m8:53AM[0m [31mERR[0m [1mcan't connect to cluster[0m [36merror=[0m[31m[1m"Get \"https://192.168.1.101:6443/version?timeout=15s\": net/http: request canceled (Client.Timeout exceeded while awaiting headers)"[0m[0m
[90m8:53AM[0m [31mERR[0m [1mClusterUpdater failed[0m [36merror=[0m[31m[1m"conn check failed (1/5)"[0m[0m
[90m8:53AM[0m [31mERR[0m [1mNo GVK for resource v1/secrets[0m [36merror=[0m[31m[1m"Get \"https://192.168.1.101:6443/api?timeout=32s\": http2: client connection lost"[0m[0m
[90m8:53AM[0m [31mERR[0m [1mcan't connect to cluster[0m [36merror=[0m[31m[1m"Get \"https://192.168.1.101:6443/version?timeout=15s\": http2: client connection lost"[0m[0m
[90m8:53AM[0m [31mERR[0m [1mreconcile failed "v1/secrets"[0m [36merror=[0m[31m[1m"Get \"https://192.168.1.101:6443/api?timeout=32s\": http2: client connection lost"[0m[0m
[90m8:53AM[0m [31mERR[0m [1mClusterUpdater failed[0m [36merror=[0m[31m[1m"conn check failed (2/5)"[0m[0m
[90m8:53AM[0m [31mERR[0m [1mDescribe gave up![0m [36merror=[0m[31m[1m"Get \"https://192.168.1.101:6443/api?timeout=32s\": http2: client connection lost"[0m[0m
[90m8:53AM[0m [31mERR[0m [1mNo REST mapper for resource v1/secrets[0m [36merror=[0m[31m[1m"no connection to cached dial"[0m[0m
[90m8:53AM[0m [31mERR[0m [1mreconcile failed "v1/secrets"[0m [36merror=[0m[31m[1m"no connection to cached dial"[0m[0m
[90m8:53AM[0m [31mERR[0m [1mNo REST mapper for resource v1/secrets[0m [36merror=[0m[31m[1m"no connection to cached dial"[0m[0m
[90m8:53AM[0m [31mERR[0m [1mreconcile failed "v1/secrets"[0m [36merror=[0m[31m[1m"no connection to cached dial"[0m[0m
[90m8:54AM[0m [31mERR[0m [1mNo REST mapper for resource v1/secrets[0m [36merror=[0m[31m[1m"no connection to cached dial"[0m[0m
[90m8:54AM[0m [31mERR[0m [1mreconcile failed "v1/secrets"[0m [36merror=[0m[31m[1m"no connection to cached dial"[0m[0m
[90m8:54AM[0m [31mERR[0m [1mNo REST mapper for resource v1/secrets[0m [36merror=[0m[31m[1m"no connection to cached dial"[0m[0m
[90m8:54AM[0m [31mERR[0m [1mreconcile failed "v1/secrets"[0m [36merror=[0m[31m[1m"no connection to cached dial"[0m[0m
[90m8:55AM[0m [31mERR[0m [1mcan't connect to cluster[0m [36merror=[0m[31m[1m"Get \"https://192.168.1.101:6443/version?timeout=15s\": net/http: request canceled while waiting for connection (Client.Timeout exceeded while awaiting headers)"[0m[0m
[90m8:55AM[0m [31mERR[0m [1mClusterUpdater failed[0m [36merror=[0m[31m[1m"conn check failed (3/5)"[0m[0m
[90m8:55AM[0m [33mWRN[0m [1mnamespace validation failed for: "frigate"[0m [36merror=[0m[31m[1m"user not authorized to list all namespaces"[0m[0m
[90m8:48PM[0m [32mINF[0m [1m🐶 K9s starting up...[0m
[90m8:48PM[0m [32mINF[0m [1m✅ Kubernetes connectivity[0m
[90m8:49PM[0m [33mWRN[0m [1mDeleted (0) portforward for "argocd/platform"[0m
[90m9:03PM[0m [32mINF[0m [1m🐶 K9s starting up...[0m
[90m9:03PM[0m [32mINF[0m [1m✅ Kubernetes connectivity[0m
[90m9:03PM[0m [31mERR[0m [1mlogs-stream[0m [36merror=[0m[31m[1m"stream logs failed Get \"https://192.168.1.103:10250/containerLogs/argocd/argocd-application-controller-0/argocd-application-controller?follow=true&tailLines=100&timestamps=true\": proxy error from 127.0.0.1:6443 while dialing 192.168.1.103:10250, code 502: 502 Bad Gateway for argocd/argocd-application-controller-0 (argocd-application-controller)"[0m[0m
[90m9:03PM[0m [31mERR[0m [1mlogs-stream[0m [36merror=[0m[31m[1m"stream logs failed Get \"https://192.168.1.103:10250/containerLogs/argocd/argocd-application-controller-0/argocd-application-controller?follow=true&tailLines=100&timestamps=true\": proxy error from 127.0.0.1:6443 while dialing 192.168.1.103:10250, code 502: 502 Bad Gateway for argocd/argocd-application-controller-0 (argocd-application-controller)"[0m[0m
[90m9:03PM[0m [31mERR[0m [1mlogs-stream[0m [36merror=[0m[31m[1m"stream logs failed client rate limiter Wait returned an error: context canceled for argocd/argocd-application-controller-0 (argocd-application-controller)"[0m[0m
[90m9:03PM[0m [31mERR[0m [1mlogs-stream[0m [36merror=[0m[31m[1m"stream logs failed Get \"https://192.168.1.103:10250/containerLogs/argocd/argocd-applicationset-controller-65bb5ff89-n97vm/argocd-applicationset-controller?follow=true&tailLines=100&timestamps=true\": proxy error from 127.0.0.1:6443 while dialing 192.168.1.103:10250, code 502: 502 Bad Gateway for argocd/argocd-applicationset-controller-65bb5ff89-n97vm (argocd-applicationset-controller)"[0m[0m
[90m9:03PM[0m [31mERR[0m [1mlogs-stream[0m [36merror=[0m[31m[1m"stream logs failed Get \"https://192.168.1.103:10250/containerLogs/argocd/argocd-applicationset-controller-65bb5ff89-n97vm/argocd-applicationset-controller?follow=true&tailLines=100&timestamps=true\": proxy error from 127.0.0.1:6443 while dialing 192.168.1.103:10250, code 502: 502 Bad Gateway for argocd/argocd-applicationset-controller-65bb5ff89-n97vm (argocd-applicationset-controller)"[0m[0m
[90m9:03PM[0m [31mERR[0m [1mlogs-stream[0m [36merror=[0m[31m[1m"stream logs failed client rate limiter Wait returned an error: context canceled for argocd/argocd-applicationset-controller-65bb5ff89-n97vm (argocd-applicationset-controller)"[0m[0m
[90m9:03PM[0m [33mWRN[0m [1mlog-reader canceled[0m [36merror=[0m[31m[1m"Stream canceled context canceled for argocd/argocd-applicationset-controller-65bb5ff89-62hlx (argocd-applicationset-controller)"[0m[0m
[90m9:03PM[0m [33mWRN[0m [1mlog-reader canceled[0m [36merror=[0m[31m[1m"Stream canceled context canceled for argocd/argocd-server-697df9f478-n4z4c (argocd-server)"[0m[0m
[90m9:04PM[0m [33mWRN[0m [1mDeleted (0) portforward for "argocd/argocd-application-controller-0"[0m
[90m9:04PM[0m [33mWRN[0m [1mDeleted (0) portforward for "argocd/argocd-applicationset-controller-65bb5ff89-n97vm"[0m
[90m9:04PM[0m [33mWRN[0m [1mDeleted (0) portforward for "excalidraw/excalidraw-6f6cdbc467-9bksh"[0m
[90m9:04PM[0m [32mINF[0m [1mCommand completed successfully: "/usr/local/bin/kubectl patch --context default --namespace argocd pods argocd-application-controller-0 -p {\"metadata\":{\"finalizers\":null}} --type merge"[0m
[90m9:04PM[0m [32mINF[0m [1mCommand completed successfully: "/usr/local/bin/kubectl patch --context default --namespace argocd pods argocd-applicationset-controller-65bb5ff89-n97vm -p {\"metadata\":{\"finalizers\":null}} --type merge"[0m
[90m9:04PM[0m [33mWRN[0m [1mScan failed for img longhornio/longhorn-ui:v1.6.2 --[0m [36merror=[0m[31m[1m"failed to catalog longhornio/longhorn-ui:v1.6.2: unable to load image: could not read image: unable to populate layer cache dir=\"/var/folders/9k/fl6gd1tx67dgc9b5njv0sjh40000gn/T/stereoscope-4124704928/oci-registry-image-3236252989/sha256:95c5cbd542de815c025e7a3da042b6c28f6aa75134ac188875082f87ed23e38c.tar\" : stream error: stream ID 3; PROTOCOL_ERROR; received from peer"[0m[0m
[90m9:05PM[0m [33mWRN[0m [1mScan failed for img louislam/uptime-kuma:1.17.1 --[0m [36merror=[0m[31m[1m"failed to catalog louislam/uptime-kuma:1.17.1: unable to load image: could not read image: unable to populate layer cache dir=\"/var/folders/9k/fl6gd1tx67dgc9b5njv0sjh40000gn/T/stereoscope-2587155076/oci-registry-image-1566882021/sha256:b8f07329a86afbea2d82029e9464efef8ad285f6a956476e78c24f595c211f55.tar\" : stream error: stream ID 3; PROTOCOL_ERROR; received from peer"[0m[0m
[90m9:05PM[0m [33mWRN[0m [1mScan failed for img haveagitgat/tdarr:2.00.18 --[0m [36merror=[0m[31m[1m"failed to catalog haveagitgat/tdarr:2.00.18: unable to load image: could not read image: unable to populate layer cache dir=\"/var/folders/9k/fl6gd1tx67dgc9b5njv0sjh40000gn/T/stereoscope-1983999577/oci-registry-image-933706615/sha256:3eef875788762d9389c2a818c7eec7ffdafda8fbd4cdae2191724ebf0c1fd0b4.tar\" : stream error: stream ID 3; PROTOCOL_ERROR; received from peer"[0m[0m
[90m9:08PM[0m [31mERR[0m [1mcan't connect to cluster[0m [36merror=[0m[31m[1m"Get \"https://192.168.1.101:6443/version?timeout=15s\": net/http: request canceled (Client.Timeout exceeded while awaiting headers)"[0m[0m
[90m9:08PM[0m [31mERR[0m [1mClusterUpdater failed[0m [36merror=[0m[31m[1m"conn check failed (1/5)"[0m[0m
[90m9:09PM[0m [33mWRN[0m [1mScan failed for img longhornio/longhorn-instance-manager:v1.6.0 --[0m [36merror=[0m[31m[1m"failed to catalog longhornio/longhorn-instance-manager:v1.6.0: unable to load image: could not read image: unable to populate layer cache dir=\"/var/folders/9k/fl6gd1tx67dgc9b5njv0sjh40000gn/T/stereoscope-578305173/oci-registry-image-89864779/sha256:0f10f44803b42b9f2db57796e82d6be7ec850589a0ca3af0dcde0365a2e6ddb8.tar\" : stream error: stream ID 5; INTERNAL_ERROR; received from peer"[0m[0m
[90m9:09PM[0m [31mERR[0m [1mcan't connect to cluster[0m [36merror=[0m[31m[1m"Get \"https://192.168.1.101:6443/version?timeout=15s\": net/http: request canceled (Client.Timeout exceeded while awaiting headers)"[0m[0m
[90m9:09PM[0m [31mERR[0m [1mClusterUpdater failed[0m [36merror=[0m[31m[1m"conn check failed (2/5)"[0m[0m
[90m9:12PM[0m [33mWRN[0m [1mScan failed for img quay.io/frrouting/frr:9.0.2 --[0m [36merror=[0m[31m[1m"failed to catalog quay.io/frrouting/frr:9.0.2: unable to load image: could not read image: unable to populate layer cache dir=\"/var/folders/9k/fl6gd1tx67dgc9b5njv0sjh40000gn/T/stereoscope-4022160685/oci-registry-image-3460086568/sha256:e9b688bae11e69afa7a5d338c39d450d91f4e232abe23d130de04ce0ec80b714.tar\" : read tcp 192.168.2.50:51932->104.18.37.147:443: read: connection reset by peer"[0m[0m
[90m9:12PM[0m [31mERR[0m [1mcan't connect to cluster[0m [36merror=[0m[31m[1m"Get \"https://192.168.1.101:6443/version?timeout=15s\": net/http: request canceled (Client.Timeout exceeded while awaiting headers)"[0m[0m
[90m9:12PM[0m [31mERR[0m [1mClusterUpdater failed[0m [36merror=[0m[31m[1m"conn check failed (1/5)"[0m[0m
[90m9:13PM[0m [33mWRN[0m [1mScan failed for img ghcr.io/blakeblackshear/frigate:0.13.2 --[0m [36merror=[0m[31m[1m"failed to catalog ghcr.io/blakeblackshear/frigate:0.13.2: unable to load image: could not read image: unable to populate layer cache dir=\"/var/folders/9k/fl6gd1tx67dgc9b5njv0sjh40000gn/T/stereoscope-2238727798/oci-registry-image-1647940638/sha256:6d31713192e20c7d1b22d95e43b390cb67d8a292e523ec8c8202ec1b8fabd2ec.tar\" : read tcp 192.168.2.50:51853->185.199.109.154:443: read: operation timed out"[0m[0m
[90m9:13PM[0m [33mWRN[0m [1mScan failed for img longhornio/longhorn-engine:v1.5.2 --[0m [36merror=[0m[31m[1m"failed to catalog longhornio/longhorn-engine:v1.5.2: unable to load image: could not read image: unable to populate layer cache dir=\"/var/folders/9k/fl6gd1tx67dgc9b5njv0sjh40000gn/T/stereoscope-1581649074/oci-registry-image-3027077892/sha256:4d6585e8c9284c33b8672988cda6cc84dc97d52e8d6e19a3db060781173b11ae.tar\" : read tcp 192.168.2.50:51826->104.16.99.215:443: read: operation timed out"[0m[0m
[90m9:13PM[0m [33mWRN[0m [1mScan failed for img longhornio/longhorn-engine:v1.5.3 --[0m [36merror=[0m[31m[1m"failed to catalog longhornio/longhorn-engine:v1.5.3: unable to load image: could not read image: unable to populate layer cache dir=\"/var/folders/9k/fl6gd1tx67dgc9b5njv0sjh40000gn/T/stereoscope-237021574/oci-registry-image-923195124/sha256:d4f0942bc4704be9ce1183e104a2620b4bb677232fa37478dbc8b24d0a0489bd.tar\" : read tcp 192.168.2.50:51694->104.16.99.215:443: read: operation timed out"[0m[0m
[90m9:18PM[0m [33mWRN[0m [1m  Dial Failed![0m [36merror=[0m[31m[1m"Post \"https://192.168.1.101:6443/apis/authorization.k8s.io/v1/selfsubjectaccessreviews\": dial tcp 192.168.1.101:6443: connect: connection refused"[0m[0m
[90m9:18PM[0m [31mERR[0m [1mcan't connect to cluster[0m [36merror=[0m[31m[1m"Get \"https://192.168.1.101:6443/version?timeout=15s\": dial tcp 192.168.1.101:6443: connect: connection refused"[0m[0m
[90m9:18PM[0m [31mERR[0m [1mClusterUpdater failed[0m [36merror=[0m[31m[1m"conn check failed (1/5)"[0m[0m
[90m9:18PM[0m [33mWRN[0m [1mreconciler exited[0m [36merror=[0m[31m[1m"context canceled"[0m[0m
[90m9:18PM[0m [31mERR[0m [1mcan't connect to cluster[0m [36merror=[0m[31m[1m"Get \"https://192.168.1.101:6443/version?timeout=15s\": dial tcp 192.168.1.101:6443: connect: connection refused"[0m[0m
[90m9:18PM[0m [31mERR[0m [1mClusterUpdater failed[0m [36merror=[0m[31m[1m"conn check failed (2/5)"[0m[0m
[90m9:18PM[0m [31mERR[0m [1mcan't connect to cluster[0m [36merror=[0m[31m[1m"Get \"https://192.168.1.101:6443/version?timeout=15s\": dial tcp 192.168.1.101:6443: connect: connection refused"[0m[0m
[90m9:18PM[0m [31mERR[0m [1mClusterUpdater failed[0m [36merror=[0m[31m[1m"conn check failed (3/5)"[0m[0m
[90m9:18PM[0m [31mERR[0m [1mcan't connect to cluster[0m [36merror=[0m[31m[1m"Get \"https://192.168.1.101:6443/version?timeout=15s\": dial tcp 192.168.1.101:6443: connect: connection refused"[0m[0m
[90m9:18PM[0m [31mERR[0m [1mClusterUpdater failed[0m [36merror=[0m[31m[1m"conn check failed (4/5)"[0m[0m
[90m9:19PM[0m [31mERR[0m [1mcan't connect to cluster[0m [36merror=[0m[31m[1m"Get \"https://192.168.1.101:6443/version?timeout=15s\": dial tcp 192.168.1.101:6443: connect: connection refused"[0m[0m
[90m9:19PM[0m [31mERR[0m [1mConn check failed (5/5). Bailing out![0m
[90m9:19PM[0m [33mWRN[0m [1mnamespace validation failed for: "frigate"[0m [36merror=[0m[31m[1m"user not authorized to list all namespaces"[0m[0m
[90m9:19PM[0m [33mWRN[0m [1mnamespace validation failed for: "argocd"[0m [36merror=[0m[31m[1m"user not authorized to list all namespaces"[0m[0m
[90m9:19PM[0m [33mWRN[0m [1mnamespace validation failed for: "default"[0m [36merror=[0m[31m[1m"user not authorized to list all namespaces"[0m[0m
[90m9:19PM[0m [33mWRN[0m [1mnamespace validation failed for: "default"[0m [36merror=[0m[31m[1m"user not authorized to list all namespaces"[0m[0m
[90m8:27AM[0m [32mINF[0m [1m🐶 K9s starting up...[0m
[90m8:27AM[0m [32mINF[0m [1m✅ Kubernetes connectivity[0m
[90m8:36AM[0m [33mWRN[0m [1mScan failed for img ghcr.io/joekleinsorge/metaphor:6fd4cc2 --[0m [36merror=[0m[31m[1m"failed to catalog ghcr.io/joekleinsorge/metaphor:6fd4cc2: unable to load image: unable to use DockerDaemon source: pull failed: Error response from daemon: Head \"https://ghcr.io/v2/joekleinsorge/metaphor/manifests/6fd4cc2\": unauthorized"[0m[0m
[90m8:36AM[0m [33mWRN[0m [1mScan failed for img public.ecr.aws/kubefirst/kubefirst-api:2508de5 --[0m [36merror=[0m[31m[1m"failed to catalog public.ecr.aws/kubefirst/kubefirst-api:2508de5: unable to load image: unable to use DockerDaemon source: pull failed: Error response from daemon: toomanyrequests: Rate exceeded"[0m[0m
[90m8:37PM[0m [33mWRN[0m [1mDeleted (0) portforward for "cert-manager/cert-manager-cainjector-56bbdd5c47-9qvtw"[0m
[90m8:37PM[0m [33mWRN[0m [1mDeleted (0) portforward for "cert-manager/cert-manager-webhook-d4f4545d7-2bvxb"[0m
[90m8:37PM[0m [33mWRN[0m [1mDeleted (0) portforward for "-/cert-manager"[0m
[90m8:39PM[0m [33mWRN[0m [1mlog-reader canceled[0m [36merror=[0m[31m[1m"Stream canceled context canceled for argocd/argocd-application-controller-0 (argocd-application-controller)"[0m[0m
[90m8:40PM[0m [33mWRN[0m [1mDeleted (0) portforward for "argocd/argocd-application-controller-0"[0m
[90m8:40PM[0m [33mWRN[0m [1mDeleted (0) portforward for "argocd/argocd-redis-ha-haproxy-68cc86d566-h2fq6"[0m
[90m8:44PM[0m [31mERR[0m [1mlogs-stream[0m [36merror=[0m[31m[1m"stream logs failed Get \"https://0.0.0.0:59431/api/v1/namespaces/argocd/pods/argocd-application-controller-0/log?container=argocd-application-controller&follow=true&tailLines=100&timestamps=true\": context canceled for argocd/argocd-application-controller-0 (argocd-application-controller)"[0m[0m
[90m8:44PM[0m [31mERR[0m [1mCommand failed[0m [36merror=[0m[31m[1m"signal: interrupt"[0m[0m
[90m8:44PM[0m [31mERR[0m [1mExec failed "dive quay.io/argoproj/argocd:v2.11.4": signal: interrupt
[0m [36merror=[0m[31m[1m"signal: interrupt\n"[0m[0m
[90m8:45PM[0m [33mWRN[0m [1mlog-reader canceled[0m [36merror=[0m[31m[1m"Stream canceled context canceled for argocd/argocd-application-controller-0 (argocd-application-controller)"[0m[0m
[90m8:45PM[0m [33mWRN[0m [1mno k9s environment matching key "$RESOURCE_NAME":"RESOURCE_NAME"[0m
[90m8:45PM[0m [31mERR[0m [1mCommand failed: exit status 1[0m [36merror=[0m[31m[1m"exit status 1"[0m[0m
[90m8:45PM[0m [32mINF[0m [1mCommand completed successfully: "/usr/local/bin/kubectl patch --context k3d-kubefirst --namespace argocd pods argocd-application-controller-0 -p {\"metadata\":{\"finalizers\":null}} --type merge"[0m
[90m8:45PM[0m [33mWRN[0m [1mDeleted (0) portforward for "argocd/argocd-application-controller-0"[0m
[90m8:45PM[0m [32mINF[0m [1mCommand completed successfully: "/usr/local/bin/kubectl patch --context k3d-kubefirst --namespace argocd applications cert-manager -p {\"metadata\":{\"finalizers\":null}} --type merge"[0m
[90m8:45PM[0m [32mINF[0m [1mCommand completed successfully: "/usr/local/bin/kubectl patch --context k3d-kubefirst --namespace argocd applications cert-manager-components -p {\"metadata\":{\"finalizers\":null}} --type merge"[0m
[90m8:50PM[0m [32mINF[0m [1m🐶 K9s starting up...[0m
[90m8:50PM[0m [32mINF[0m [1m✅ Kubernetes connectivity[0m
[90m12:36PM[0m [33mWRN[0m [1m  Dial Failed![0m [36merror=[0m[31m[1m"Post \"https://0.0.0.0:59431/apis/authorization.k8s.io/v1/selfsubjectaccessreviews\": unexpected EOF"[0m[0m
[90m12:36PM[0m [33mWRN[0m [1mnamespace validation failed for: "argo"[0m [36merror=[0m[31m[1m"user not authorized to list all namespaces"[0m[0m
[90m12:36PM[0m [33mWRN[0m [1mnamespace validation failed for: "default"[0m [36merror=[0m[31m[1m"user not authorized to list all namespaces"[0m[0m
[90m12:36PM[0m [31mERR[0m [1mcan't connect to cluster[0m [36merror=[0m[31m[1m"Get \"https://0.0.0.0:59431/version?timeout=15s\": dial tcp 0.0.0.0:59431: connect: connection refused"[0m[0m
[90m12:36PM[0m [31mERR[0m [1mClusterUpdater failed[0m [36merror=[0m[31m[1m"conn check failed (1/5)"[0m[0m
[90m12:36PM[0m [31mERR[0m [1mcan't connect to cluster[0m [36merror=[0m[31m[1m"Get \"https://0.0.0.0:59431/version?timeout=15s\": dial tcp 0.0.0.0:59431: connect: connection refused"[0m[0m
[90m12:36PM[0m [31mERR[0m [1mClusterUpdater failed[0m [36merror=[0m[31m[1m"conn check failed (2/5)"[0m[0m
[90m12:36PM[0m [31mERR[0m [1mcan't connect to cluster[0m [36merror=[0m[31m[1m"Get \"https://0.0.0.0:59431/version?timeout=15s\": dial tcp 0.0.0.0:59431: connect: connection refused"[0m[0m
[90m12:36PM[0m [31mERR[0m [1mClusterUpdater failed[0m [36merror=[0m[31m[1m"conn check failed (3/5)"[0m[0m
[90m12:37PM[0m [31mERR[0m [1mcan't connect to cluster[0m [36merror=[0m[31m[1m"Get \"https://0.0.0.0:59431/version?timeout=15s\": dial tcp 0.0.0.0:59431: connect: connection refused"[0m[0m
[90m12:37PM[0m [31mERR[0m [1mClusterUpdater failed[0m [36merror=[0m[31m[1m"conn check failed (4/5)"[0m[0m
[90m8:42PM[0m [32mINF[0m [1m🐶 K9s starting up...[0m
[90m8:42PM[0m [32mINF[0m [1m✅ Kubernetes connectivity[0m
[90m8:43PM[0m [31mERR[0m [1mUsing "all" namespace[0m
[90m11:46PM[0m [31mERR[0m [1mcan't connect to cluster[0m [36merror=[0m[31m[1m"Get \"https://192.168.1.101:6443/version?timeout=15s\": net/http: request canceled (Client.Timeout exceeded while awaiting headers)"[0m[0m
[90m11:46PM[0m [31mERR[0m [1mClusterUpdater failed[0m [36merror=[0m[31m[1m"conn check failed (1/5)"[0m[0m
[90m6:36AM[0m [33mWRN[0m [1mScan failed for img alpine:3.13 --[0m [36merror=[0m[31m[1m"failed to catalog alpine:3.13: unable to load image: unable to use DockerDaemon source: unable to inspect existing image: Error response from daemon: No such image: alpine:3.13"[0m[0m
[90m8:43AM[0m [33mWRN[0m [1mScan failed for img registry.k8s.io/descheduler/descheduler:v0.30.1 --[0m [36merror=[0m[31m[1m"failed to catalog registry.k8s.io/descheduler/descheduler:v0.30.1: unable to load image: unable to use DockerDaemon source: unable to inspect existing image: Error response from daemon: No such image: registry.k8s.io/descheduler/descheduler:v0.30.1"[0m[0m
[90m8:43AM[0m [33mWRN[0m [1mScan failed for img fireflyiii/core:version-6.1.1 --[0m [36merror=[0m[31m[1m"failed to catalog fireflyiii/core:version-6.1.1: unable to load image: unable to use DockerDaemon source: unable to inspect existing image: Error response from daemon: No such image: fireflyiii/core:version-6.1.1"[0m[0m
[90m8:50AM[0m [31mERR[0m [1mcan't connect to cluster[0m [36merror=[0m[31m[1m"Get \"https://192.168.1.101:6443/version?timeout=15s\": net/http: request canceled (Client.Timeout exceeded while awaiting headers)"[0m[0m
[90m8:50AM[0m [31mERR[0m [1mClusterUpdater failed[0m [36merror=[0m[31m[1m"conn check failed (1/5)"[0m[0m
[90m8:50AM[0m [31mERR[0m [1mcan't connect to cluster[0m [36merror=[0m[31m[1m"Get \"https://192.168.1.101:6443/version?timeout=15s\": http2: client connection lost"[0m[0m
[90m8:50AM[0m [31mERR[0m [1mClusterUpdater failed[0m [36merror=[0m[31m[1m"conn check failed (2/5)"[0m[0m
[90m11:15AM[0m [31mERR[0m [1mcan't connect to cluster[0m [36merror=[0m[31m[1m"Get \"https://192.168.1.101:6443/version?timeout=15s\": net/http: request canceled (Client.Timeout exceeded while awaiting headers)"[0m[0m
[90m11:15AM[0m [31mERR[0m [1mClusterUpdater failed[0m [36merror=[0m[31m[1m"conn check failed (1/5)"[0m[0m
[90m7:27PM[0m [31mERR[0m [1mcan't connect to cluster[0m [36merror=[0m[31m[1m"Get \"https://192.168.1.101:6443/version?timeout=15s\": net/http: request canceled (Client.Timeout exceeded while awaiting headers)"[0m[0m
[90m7:27PM[0m [31mERR[0m [1mClusterUpdater failed[0m [36merror=[0m[31m[1m"conn check failed (1/5)"[0m[0m
[90m9:00PM[0m [31mERR[0m [1mcan't connect to cluster[0m [36merror=[0m[31m[1m"Get \"https://192.168.1.101:6443/version?timeout=15s\": net/http: request canceled (Client.Timeout exceeded while awaiting headers)"[0m[0m
[90m9:00PM[0m [31mERR[0m [1mClusterUpdater failed[0m [36merror=[0m[31m[1m"conn check failed (1/5)"[0m[0m
[90m9:33PM[0m [31mERR[0m [1mcan't connect to cluster[0m [36merror=[0m[31m[1m"Get \"https://192.168.1.101:6443/version?timeout=15s\": net/http: request canceled (Client.Timeout exceeded while awaiting headers)"[0m[0m
[90m9:33PM[0m [31mERR[0m [1mClusterUpdater failed[0m [36merror=[0m[31m[1m"conn check failed (1/5)"[0m[0m
[90m9:50PM[0m [31mERR[0m [1mcan't connect to cluster[0m [36merror=[0m[31m[1m"Get \"https://192.168.1.101:6443/version?timeout=15s\": net/http: request canceled (Client.Timeout exceeded while awaiting headers)"[0m[0m
[90m9:50PM[0m [31mERR[0m [1mClusterUpdater failed[0m [36merror=[0m[31m[1m"conn check failed (1/5)"[0m[0m
[90m12:00AM[0m [31mERR[0m [1mcan't connect to cluster[0m [36merror=[0m[31m[1m"Get \"https://192.168.1.101:6443/version?timeout=15s\": net/http: request canceled (Client.Timeout exceeded while awaiting headers)"[0m[0m
[90m12:00AM[0m [31mERR[0m [1mClusterUpdater failed[0m [36merror=[0m[31m[1m"conn check failed (1/5)"[0m[0m
[90m2:31AM[0m [31mERR[0m [1mcan't connect to cluster[0m [36merror=[0m[31m[1m"Get \"https://192.168.1.101:6443/version?timeout=15s\": net/http: request canceled (Client.Timeout exceeded while awaiting headers)"[0m[0m
[90m2:31AM[0m [31mERR[0m [1mClusterUpdater failed[0m [36merror=[0m[31m[1m"conn check failed (1/5)"[0m[0m
[90m4:17AM[0m [31mERR[0m [1mcan't connect to cluster[0m [36merror=[0m[31m[1m"Get \"https://192.168.1.101:6443/version?timeout=15s\": net/http: request canceled (Client.Timeout exceeded while awaiting headers)"[0m[0m
[90m4:17AM[0m [31mERR[0m [1mClusterUpdater failed[0m [36merror=[0m[31m[1m"conn check failed (1/5)"[0m[0m
[90m4:18AM[0m [31mERR[0m [1mcan't connect to cluster[0m [36merror=[0m[31m[1m"Get \"https://192.168.1.101:6443/version?timeout=15s\": http2: client connection lost"[0m[0m
[90m4:18AM[0m [31mERR[0m [1mClusterUpdater failed[0m [36merror=[0m[31m[1m"conn check failed (2/5)"[0m[0m
[90m4:55AM[0m [31mERR[0m [1mcan't connect to cluster[0m [36merror=[0m[31m[1m"Get \"https://192.168.1.101:6443/version?timeout=15s\": net/http: request canceled (Client.Timeout exceeded while awaiting headers)"[0m[0m
[90m4:55AM[0m [31mERR[0m [1mClusterUpdater failed[0m [36merror=[0m[31m[1m"conn check failed (1/5)"[0m[0m
[90m4:55AM[0m [31mERR[0m [1mcan't connect to cluster[0m [36merror=[0m[31m[1m"Get \"https://192.168.1.101:6443/version?timeout=15s\": http2: client connection lost"[0m[0m
[90m4:55AM[0m [31mERR[0m [1mClusterUpdater failed[0m [36merror=[0m[31m[1m"conn check failed (2/5)"[0m[0m
[90m6:07AM[0m [31mERR[0m [1mcan't connect to cluster[0m [36merror=[0m[31m[1m"Get \"https://192.168.1.101:6443/version?timeout=15s\": net/http: request canceled (Client.Timeout exceeded while awaiting headers)"[0m[0m
[90m6:07AM[0m [31mERR[0m [1mClusterUpdater failed[0m [36merror=[0m[31m[1m"conn check failed (1/5)"[0m[0m
[90m8:00AM[0m [31mERR[0m [1mcan't connect to cluster[0m [36merror=[0m[31m[1m"Get \"https://192.168.1.101:6443/version?timeout=15s\": net/http: request canceled (Client.Timeout exceeded while awaiting headers)"[0m[0m
[90m8:00AM[0m [31mERR[0m [1mClusterUpdater failed[0m [36merror=[0m[31m[1m"conn check failed (1/5)"[0m[0m
[90m8:00AM[0m [31mERR[0m [1mcan't connect to cluster[0m [36merror=[0m[31m[1m"Get \"https://192.168.1.101:6443/version?timeout=15s\": http2: client connection lost"[0m[0m
[90m8:00AM[0m [31mERR[0m [1mClusterUpdater failed[0m [36merror=[0m[31m[1m"conn check failed (2/5)"[0m[0m
[90m8:45AM[0m [31mERR[0m [1mcan't connect to cluster[0m [36merror=[0m[31m[1m"Get \"https://192.168.1.101:6443/version?timeout=15s\": net/http: request canceled (Client.Timeout exceeded while awaiting headers)"[0m[0m
[90m8:45AM[0m [31mERR[0m [1mClusterUpdater failed[0m [36merror=[0m[31m[1m"conn check failed (1/5)"[0m[0m
[90m8:46AM[0m [31mERR[0m [1mcan't connect to cluster[0m [36merror=[0m[31m[1m"Get \"https://192.168.1.101:6443/version?timeout=15s\": http2: client connection lost"[0m[0m
[90m8:46AM[0m [31mERR[0m [1mClusterUpdater failed[0m [36merror=[0m[31m[1m"conn check failed (2/5)"[0m[0m
[90m9:07AM[0m [31mERR[0m [1mcan't connect to cluster[0m [36merror=[0m[31m[1m"Get \"https://192.168.1.101:6443/version?timeout=15s\": net/http: request canceled (Client.Timeout exceeded while awaiting headers)"[0m[0m
[90m9:07AM[0m [31mERR[0m [1mClusterUpdater failed[0m [36merror=[0m[31m[1m"conn check failed (1/5)"[0m[0m
[90m9:08AM[0m [31mERR[0m [1mcan't connect to cluster[0m [36merror=[0m[31m[1m"Get \"https://192.168.1.101:6443/version?timeout=15s\": http2: client connection lost"[0m[0m
[90m9:08AM[0m [31mERR[0m [1mClusterUpdater failed[0m [36merror=[0m[31m[1m"conn check failed (2/5)"[0m[0m
[90m9:08AM[0m [31mERR[0m [1mcan't connect to cluster[0m [36merror=[0m[31m[1m"Get \"https://192.168.1.101:6443/version?timeout=15s\": net/http: request canceled (Client.Timeout exceeded while awaiting headers)"[0m[0m
[90m9:08AM[0m [31mERR[0m [1mClusterUpdater failed[0m [36merror=[0m[31m[1m"conn check failed (3/5)"[0m[0m
[90m11:53AM[0m [31mERR[0m [1mcan't connect to cluster[0m [36merror=[0m[31m[1m"Get \"https://192.168.1.101:6443/version?timeout=15s\": net/http: request canceled (Client.Timeout exceeded while awaiting headers)"[0m[0m
[90m11:53AM[0m [31mERR[0m [1mClusterUpdater failed[0m [36merror=[0m[31m[1m"conn check failed (1/5)"[0m[0m
[90m12:27PM[0m [31mERR[0m [1mcan't connect to cluster[0m [36merror=[0m[31m[1m"Get \"https://192.168.1.101:6443/version?timeout=15s\": net/http: request canceled (Client.Timeout exceeded while awaiting headers)"[0m[0m
[90m12:27PM[0m [31mERR[0m [1mClusterUpdater failed[0m [36merror=[0m[31m[1m"conn check failed (1/5)"[0m[0m
[90m1:28PM[0m [31mERR[0m [1mcan't connect to cluster[0m [36merror=[0m[31m[1m"Get \"https://192.168.1.101:6443/version?timeout=15s\": net/http: request canceled (Client.Timeout exceeded while awaiting headers)"[0m[0m
[90m1:28PM[0m [31mERR[0m [1mClusterUpdater failed[0m [36merror=[0m[31m[1m"conn check failed (1/5)"[0m[0m
[90m2:10PM[0m [31mERR[0m [1mcan't connect to cluster[0m [36merror=[0m[31m[1m"Get \"https://192.168.1.101:6443/version?timeout=15s\": net/http: request canceled (Client.Timeout exceeded while awaiting headers)"[0m[0m
[90m2:10PM[0m [31mERR[0m [1mClusterUpdater failed[0m [36merror=[0m[31m[1m"conn check failed (2/5)"[0m[0m
[90m4:24PM[0m [31mERR[0m [1mcan't connect to cluster[0m [36merror=[0m[31m[1m"client rate limiter Wait returned an error: context deadline exceeded - error from a previous attempt: read tcp 192.168.2.50:63769->192.168.1.101:6443: read: connection reset by peer"[0m[0m
[90m4:24PM[0m [31mERR[0m [1mClusterUpdater failed[0m [36merror=[0m[31m[1m"conn check failed (1/5)"[0m[0m
[90m5:35PM[0m [31mERR[0m [1mcan't connect to cluster[0m [36merror=[0m[31m[1m"Get \"https://192.168.1.101:6443/version?timeout=15s\": net/http: request canceled (Client.Timeout exceeded while awaiting headers)"[0m[0m
[90m5:35PM[0m [31mERR[0m [1mClusterUpdater failed[0m [36merror=[0m[31m[1m"conn check failed (2/5)"[0m[0m
[90m6:31PM[0m [31mERR[0m [1mcan't connect to cluster[0m [36merror=[0m[31m[1m"Get \"https://192.168.1.101:6443/version?timeout=15s\": net/http: request canceled (Client.Timeout exceeded while awaiting headers)"[0m[0m
[90m6:31PM[0m [31mERR[0m [1mClusterUpdater failed[0m [36merror=[0m[31m[1m"conn check failed (3/5)"[0m[0m
[90m6:31PM[0m [33mWRN[0m [1mnamespace validation failed for: "plex"[0m [36merror=[0m[31m[1m"user not authorized to list all namespaces"[0m[0m
[90m6:31PM[0m [33mWRN[0m [1mnamespace validation failed for: "frigate"[0m [36merror=[0m[31m[1m"user not authorized to list all namespaces"[0m[0m
[90m6:31PM[0m [33mWRN[0m [1mnamespace validation failed for: "default"[0m [36merror=[0m[31m[1m"user not authorized to list all namespaces"[0m[0m
[90m6:31PM[0m [33mWRN[0m [1mnamespace validation failed for: "default"[0m [36merror=[0m[31m[1m"user not authorized to list all namespaces"[0m[0m
[90m6:31PM[0m [33mWRN[0m [1mnamespace validation failed for: "default"[0m [36merror=[0m[31m[1m"user not authorized to list all namespaces"[0m[0m
[90m9:38PM[0m [32mINF[0m [1m🐶 K9s starting up...[0m
[90m9:38PM[0m [32mINF[0m [1m✅ Kubernetes connectivity[0m
[90m9:40PM[0m [32mINF[0m [1m🐶 K9s starting up...[0m
[90m9:40PM[0m [32mINF[0m [1m✅ Kubernetes connectivity[0m
[90m10:17AM[0m [32mINF[0m [1m🐶 K9s starting up...[0m
[90m10:17AM[0m [32mINF[0m [1m✅ Kubernetes connectivity[0m
[90m12:40PM[0m [32mINF[0m [1m🐶 K9s starting up...[0m
[90m12:40PM[0m [32mINF[0m [1m✅ Kubernetes connectivity[0m
[90m1:04PM[0m [31mERR[0m [1mcan't connect to cluster[0m [36merror=[0m[31m[1m"Get \"https://192.168.1.101:6443/version?timeout=15s\": net/http: request canceled (Client.Timeout exceeded while awaiting headers)"[0m[0m
[90m1:04PM[0m [31mERR[0m [1mClusterUpdater failed[0m [36merror=[0m[31m[1m"conn check failed (1/5)"[0m[0m
[90m1:04PM[0m [33mWRN[0m [1mlog-reader canceled[0m [36merror=[0m[31m[1m"Stream canceled context canceled for sealed-secrets/sealed-secrets-68b7d8c5f4-nj5wn (controller)"[0m[0m
[90m5:04PM[0m [33mWRN[0m [1mlog-reader EOF[0m [36merror=[0m[31m[1m"Stream closed EOF for sealed-secrets/sealed-secrets-68b7d8c5f4-nj5wn (controller)"[0m[0m
[90m6:47AM[0m [31mERR[0m [1mcan't connect to cluster[0m [36merror=[0m[31m[1m"Get \"https://192.168.1.101:6443/version?timeout=15s\": net/http: request canceled (Client.Timeout exceeded while awaiting headers)"[0m[0m
[90m6:47AM[0m [31mERR[0m [1mClusterUpdater failed[0m [36merror=[0m[31m[1m"conn check failed (1/5)"[0m[0m
[90m7:30AM[0m [33mWRN[0m [1mlog-reader EOF[0m [36merror=[0m[31m[1m"Stream closed EOF for sealed-secrets/sealed-secrets-68b7d8c5f4-nj5wn (controller)"[0m[0m
[90m8:00AM[0m [31mERR[0m [1mcan't connect to cluster[0m [36merror=[0m[31m[1m"Get \"https://192.168.1.101:6443/version?timeout=15s\": context deadline exceeded - error from a previous attempt: read tcp 192.168.2.50:62053->192.168.1.101:6443: read: connection reset by peer"[0m[0m
[90m8:00AM[0m [31mERR[0m [1mClusterUpdater failed[0m [36merror=[0m[31m[1m"conn check failed (1/5)"[0m[0m
[90m8:25AM[0m [33mWRN[0m [1mlog-reader EOF[0m [36merror=[0m[31m[1m"Stream closed EOF for sealed-secrets/sealed-secrets-68b7d8c5f4-nj5wn (controller)"[0m[0m
[90m8:42AM[0m [31mERR[0m [1mcan't connect to cluster[0m [36merror=[0m[31m[1m"Get \"https://192.168.1.101:6443/version?timeout=15s\": net/http: request canceled (Client.Timeout exceeded while awaiting headers)"[0m[0m
[90m8:42AM[0m [31mERR[0m [1mClusterUpdater failed[0m [36merror=[0m[31m[1m"conn check failed (1/5)"[0m[0m
[90m8:43AM[0m [31mERR[0m [1mcan't connect to cluster[0m [36merror=[0m[31m[1m"Get \"https://192.168.1.101:6443/version?timeout=15s\": http2: client connection lost"[0m[0m
[90m8:43AM[0m [31mERR[0m [1mClusterUpdater failed[0m [36merror=[0m[31m[1m"conn check failed (2/5)"[0m[0m
[90m8:43AM[0m [33mWRN[0m [1mlog-reader EOF[0m [36merror=[0m[31m[1m"Stream closed EOF for sealed-secrets/sealed-secrets-68b7d8c5f4-nj5wn (controller)"[0m[0m
[90m8:59AM[0m [31mERR[0m [1mcan't connect to cluster[0m [36merror=[0m[31m[1m"Get \"https://192.168.1.101:6443/version?timeout=15s\": net/http: request canceled (Client.Timeout exceeded while awaiting headers)"[0m[0m
[90m8:59AM[0m [31mERR[0m [1mClusterUpdater failed[0m [36merror=[0m[31m[1m"conn check failed (1/5)"[0m[0m
[90m9:00AM[0m [33mWRN[0m [1mlog-reader EOF[0m [36merror=[0m[31m[1m"Stream closed EOF for sealed-secrets/sealed-secrets-68b7d8c5f4-nj5wn (controller)"[0m[0m
[90m1:22AM[0m [31mERR[0m [1mcan't connect to cluster[0m [36merror=[0m[31m[1m"Get \"https://192.168.1.101:6443/version?timeout=15s\": net/http: request canceled (Client.Timeout exceeded while awaiting headers)"[0m[0m
[90m1:22AM[0m [31mERR[0m [1mClusterUpdater failed[0m [36merror=[0m[31m[1m"conn check failed (1/5)"[0m[0m
[90m4:41AM[0m [31mERR[0m [1mTail logs failed[0m [36merror=[0m[31m[1m"pods \"sealed-secrets-68b7d8c5f4-nj5wn\" not found"[0m[0m
[90m12:59AM[0m [31mERR[0m [1mcan't connect to cluster[0m [36merror=[0m[31m[1m"client rate limiter Wait returned an error: context deadline exceeded - error from a previous attempt: read tcp 192.168.2.50:60034->192.168.1.101:6443: read: connection reset by peer"[0m[0m
[90m12:59AM[0m [31mERR[0m [1mClusterUpdater failed[0m [36merror=[0m[31m[1m"conn check failed (1/5)"[0m[0m
[90m2:38AM[0m [31mERR[0m [1mTail logs failed[0m [36merror=[0m[31m[1m"pods \"sealed-secrets-68b7d8c5f4-nj5wn\" not found"[0m[0m
[90m8:51AM[0m [31mERR[0m [1mWatcher failed for containers -- pods "sealed-secrets-68b7d8c5f4-nj5wn" not found[0m [36merror=[0m[31m[1m"pods \"sealed-secrets-68b7d8c5f4-nj5wn\" not found"[0m[0m
[90m8:51AM[0m [32mINF[0m [1m🐶 K9s starting up...[0m
[90m8:51AM[0m [32mINF[0m [1m✅ Kubernetes connectivity[0m
[90m10:06AM[0m [31mERR[0m [1mcan't connect to cluster[0m [36merror=[0m[31m[1m"Get \"https://192.168.1.101:6443/version?timeout=15s\": net/http: request canceled (Client.Timeout exceeded while awaiting headers)"[0m[0m
[90m10:06AM[0m [31mERR[0m [1mClusterUpdater failed[0m [36merror=[0m[31m[1m"conn check failed (1/5)"[0m[0m
[90m1:05PM[0m [31mERR[0m [1mcan't connect to cluster[0m [36merror=[0m[31m[1m"Get \"https://192.168.1.101:6443/version?timeout=15s\": net/http: request canceled (Client.Timeout exceeded while awaiting headers)"[0m[0m
[90m1:05PM[0m [31mERR[0m [1mClusterUpdater failed[0m [36merror=[0m[31m[1m"conn check failed (1/5)"[0m[0m
[90m2:58PM[0m [31mERR[0m [1mcan't connect to cluster[0m [36merror=[0m[31m[1m"Get \"https://192.168.1.101:6443/version?timeout=15s\": net/http: request canceled (Client.Timeout exceeded while awaiting headers)"[0m[0m
[90m2:58PM[0m [31mERR[0m [1mClusterUpdater failed[0m [36merror=[0m[31m[1m"conn check failed (1/5)"[0m[0m
[90m6:57PM[0m [31mERR[0m [1mcan't connect to cluster[0m [36merror=[0m[31m[1m"Get \"https://192.168.1.101:6443/version?timeout=15s\": net/http: request canceled (Client.Timeout exceeded while awaiting headers)"[0m[0m
[90m6:57PM[0m [31mERR[0m [1mClusterUpdater failed[0m [36merror=[0m[31m[1m"conn check failed (1/5)"[0m[0m
[90m12:49AM[0m [31mERR[0m [1mcan't connect to cluster[0m [36merror=[0m[31m[1m"Get \"https://192.168.1.101:6443/version?timeout=15s\": net/http: request canceled (Client.Timeout exceeded while awaiting headers)"[0m[0m
[90m12:49AM[0m [31mERR[0m [1mClusterUpdater failed[0m [36merror=[0m[31m[1m"conn check failed (1/5)"[0m[0m
[90m12:49AM[0m [31mERR[0m [1mcan't connect to cluster[0m [36merror=[0m[31m[1m"Get \"https://192.168.1.101:6443/version?timeout=15s\": http2: client connection lost"[0m[0m
[90m12:49AM[0m [31mERR[0m [1mClusterUpdater failed[0m [36merror=[0m[31m[1m"conn check failed (2/5)"[0m[0m
[90m7:56AM[0m [31mERR[0m [1mcan't connect to cluster[0m [36merror=[0m[31m[1m"Get \"https://192.168.1.101:6443/version?timeout=15s\": net/http: request canceled (Client.Timeout exceeded while awaiting headers)"[0m[0m
[90m7:56AM[0m [31mERR[0m [1mClusterUpdater failed[0m [36merror=[0m[31m[1m"conn check failed (1/5)"[0m[0m
[90m8:49AM[0m [31mERR[0m [1mcan't connect to cluster[0m [36merror=[0m[31m[1m"Get \"https://192.168.1.101:6443/version?timeout=15s\": net/http: request canceled (Client.Timeout exceeded while awaiting headers)"[0m[0m
[90m8:49AM[0m [31mERR[0m [1mClusterUpdater failed[0m [36merror=[0m[31m[1m"conn check failed (1/5)"[0m[0m
[90m2:58PM[0m [31mERR[0m [1mcan't connect to cluster[0m [36merror=[0m[31m[1m"Get \"https://192.168.1.101:6443/version?timeout=15s\": net/http: request canceled (Client.Timeout exceeded while awaiting headers)"[0m[0m
[90m2:58PM[0m [31mERR[0m [1mClusterUpdater failed[0m [36merror=[0m[31m[1m"conn check failed (1/5)"[0m[0m
[90m9:43PM[0m [31mERR[0m [1mcan't connect to cluster[0m [36merror=[0m[31m[1m"Get \"https://192.168.1.101:6443/version?timeout=15s\": net/http: request canceled (Client.Timeout exceeded while awaiting headers)"[0m[0m
[90m9:43PM[0m [31mERR[0m [1mClusterUpdater failed[0m [36merror=[0m[31m[1m"conn check failed (1/5)"[0m[0m
[90m9:43PM[0m [31mERR[0m [1mcan't connect to cluster[0m [36merror=[0m[31m[1m"Get \"https://192.168.1.101:6443/version?timeout=15s\": http2: client connection lost"[0m[0m
[90m9:43PM[0m [31mERR[0m [1mClusterUpdater failed[0m [36merror=[0m[31m[1m"conn check failed (2/5)"[0m[0m
[90m2:02AM[0m [31mERR[0m [1mcan't connect to cluster[0m [36merror=[0m[31m[1m"Get \"https://192.168.1.101:6443/version?timeout=15s\": net/http: request canceled (Client.Timeout exceeded while awaiting headers)"[0m[0m
[90m2:02AM[0m [31mERR[0m [1mClusterUpdater failed[0m [36merror=[0m[31m[1m"conn check failed (1/5)"[0m[0m
[90m8:05AM[0m [31mERR[0m [1mcan't connect to cluster[0m [36merror=[0m[31m[1m"Get \"https://192.168.1.101:6443/version?timeout=15s\": net/http: request canceled (Client.Timeout exceeded while awaiting headers)"[0m[0m
[90m8:05AM[0m [31mERR[0m [1mClusterUpdater failed[0m [36merror=[0m[31m[1m"conn check failed (1/5)"[0m[0m
[90m10:29AM[0m [32mINF[0m [1m🐶 K9s starting up...[0m
[90m10:29AM[0m [32mINF[0m [1m✅ Kubernetes connectivity[0m
[90m10:30AM[0m [33mWRN[0m [1mlog-reader EOF[0m [36merror=[0m[31m[1m"Stream closed EOF for argocd/argocd-repo-server-7fcf5f5654-2zhts (argocd-repo-server)"[0m[0m
[90m10:30AM[0m [31mERR[0m [1mlogs-stream[0m [36merror=[0m[31m[1m"stream logs failed Get \"https://192.168.1.103:10250/containerLogs/argocd/argocd-repo-server-7fcf5f5654-csnsz/argocd-repo-server?follow=true&tailLines=100&timestamps=true\": proxy error from 127.0.0.1:6443 while dialing 192.168.1.103:10250, code 502: 502 Bad Gateway for argocd/argocd-repo-server-7fcf5f5654-csnsz (argocd-repo-server)"[0m[0m
[90m10:30AM[0m [31mERR[0m [1mlogs-stream[0m [36merror=[0m[31m[1m"stream logs failed client rate limiter Wait returned an error: context canceled for argocd/argocd-repo-server-7fcf5f5654-csnsz (argocd-repo-server)"[0m[0m
[90m10:30AM[0m [31mERR[0m [1mlogs-stream[0m [36merror=[0m[31m[1m"stream logs failed container \"argocd-repo-server\" in pod \"argocd-repo-server-7fcf5f5654-rz5kp\" is waiting to start: PodInitializing for argocd/argocd-repo-server-7fcf5f5654-rz5kp (argocd-repo-server)"[0m[0m
[90m10:30AM[0m [31mERR[0m [1mlogs-stream[0m [36merror=[0m[31m[1m"stream logs failed client rate limiter Wait returned an error: context canceled for argocd/argocd-repo-server-7fcf5f5654-rz5kp (argocd-repo-server)"[0m[0m
[90m10:30AM[0m [33mWRN[0m [1mlog-reader EOF[0m [36merror=[0m[31m[1m"Stream closed EOF for argocd/argocd-repo-server-7fcf5f5654-tf4hc (argocd-repo-server)"[0m[0m
[90m9:26PM[0m [32mINF[0m [1m🐶 K9s starting up...[0m
[90m9:26PM[0m [32mINF[0m [1m✅ Kubernetes connectivity[0m
[90m9:34PM[0m [32mINF[0m [1m🐶 K9s starting up...[0m
[90m9:34PM[0m [32mINF[0m [1m✅ Kubernetes connectivity[0m
[90m9:38PM[0m [33mWRN[0m [1mlog-reader canceled[0m [36merror=[0m[31m[1m"Stream canceled context canceled for metallb-system/metallb-controller-b4fc4d7b8-bwwj5 (controller)"[0m[0m
[90m9:38PM[0m [33mWRN[0m [1mlog-reader EOF[0m [36merror=[0m[31m[1m"Stream closed EOF for metallb-system/metallb-speaker-xtmn5 (cp-frr-files)"[0m[0m
[90m9:38PM[0m [33mWRN[0m [1mlog-reader canceled[0m [36merror=[0m[31m[1m"Stream canceled context canceled for metallb-system/metallb-controller-b4fc4d7b8-bwwj5 (controller)"[0m[0m
[90m9:38PM[0m [32mINF[0m [1m🐶 K9s starting up...[0m
[90m9:38PM[0m [32mINF[0m [1m✅ Kubernetes connectivity[0m
[90m9:39PM[0m [33mWRN[0m [1mlog-reader canceled[0m [36merror=[0m[31m[1m"Stream canceled context canceled for metallb-system/metallb-controller-b4fc4d7b8-bwwj5 (controller)"[0m[0m
[90m9:39PM[0m [33mWRN[0m [1mlog-reader canceled[0m [36merror=[0m[31m[1m"Stream canceled context canceled for metallb-system/metallb-speaker-xtmn5 (speaker)"[0m[0m
[90m10:32AM[0m [32mINF[0m [1m🐶 K9s starting up...[0m
[90m10:32AM[0m [32mINF[0m [1m✅ Kubernetes connectivity[0m
[90m10:33AM[0m [33mWRN[0m [1mlog-reader canceled[0m [36merror=[0m[31m[1m"Stream canceled context canceled for metallb-system/metallb-speaker-xtmn5 (frr)"[0m[0m
[90m10:33AM[0m [33mWRN[0m [1mlog-reader canceled[0m [36merror=[0m[31m[1m"Stream canceled context canceled for metallb-system/metallb-speaker-xtmn5 (frr-metrics)"[0m[0m
[90m10:33AM[0m [33mWRN[0m [1mlog-reader canceled[0m [36merror=[0m[31m[1m"Stream canceled context canceled for metallb-system/metallb-speaker-xtmn5 (reloader)"[0m[0m
[90m10:33AM[0m [33mWRN[0m [1mlog-reader canceled[0m [36merror=[0m[31m[1m"Stream canceled context canceled for metallb-system/metallb-speaker-xtmn5 (speaker)"[0m[0m
[90m10:34AM[0m [33mWRN[0m [1mlog-reader canceled[0m [36merror=[0m[31m[1m"Stream canceled context canceled for metallb-system/metallb-controller-b4fc4d7b8-bwwj5 (controller)"[0m[0m
[90m10:44AM[0m [33mWRN[0m [1mlog-reader canceled[0m [36merror=[0m[31m[1m"Stream canceled context canceled for ingress-nginx/nginx-ingress-controller-64558bdbdf-hxthl (nginx-ingress)"[0m[0m
[90m12:51PM[0m [31mERR[0m [1mcan't connect to cluster[0m [36merror=[0m[31m[1m"Get \"https://192.168.1.101:6443/version?timeout=15s\": net/http: request canceled (Client.Timeout exceeded while awaiting headers)"[0m[0m
[90m12:51PM[0m [31mERR[0m [1mClusterUpdater failed[0m [36merror=[0m[31m[1m"conn check failed (1/5)"[0m[0m
[90m12:51PM[0m [33mWRN[0m [1mlog-reader canceled[0m [36merror=[0m[31m[1m"Stream canceled context canceled for ingress-nginx/nginx-ingress-controller-64558bdbdf-hxthl (nginx-ingress)"[0m[0m
[90m1:29PM[0m [32mINF[0m [1m🐶 K9s starting up...[0m
[90m1:29PM[0m [31mERR[0m [1mFail to locate metrics-server[0m [36merror=[0m[31m[1m"Get \"https://192.168.1.101:6443/api\": dial tcp 192.168.1.101:6443: connect: connection refused"[0m[0m
[90m1:29PM[0m [33mWRN[0m [1mnamespace validation failed for: "ingress-nginx"[0m [36merror=[0m[31m[1m"user not authorized to list all namespaces"[0m[0m
[90m1:29PM[0m [33mWRN[0m [1mnamespace validation failed for: "sealed-secrets"[0m [36merror=[0m[31m[1m"user not authorized to list all namespaces"[0m[0m
[90m1:29PM[0m [33mWRN[0m [1mnamespace validation failed for: "argocd"[0m [36merror=[0m[31m[1m"user not authorized to list all namespaces"[0m[0m
[90m1:29PM[0m [33mWRN[0m [1mnamespace validation failed for: "default"[0m [36merror=[0m[31m[1m"user not authorized to list all namespaces"[0m[0m
[90m1:29PM[0m [33mWRN[0m [1mnamespace validation failed for: "frigate"[0m [36merror=[0m[31m[1m"user not authorized to list all namespaces"[0m[0m
[90m1:29PM[0m [33mWRN[0m [1mnamespace validation failed for: "frigate"[0m [36merror=[0m[31m[1m"user not authorized to list all namespaces"[0m[0m
[90m1:29PM[0m [33mWRN[0m [1mnamespace validation failed for: "frigate"[0m [36merror=[0m[31m[1m"user not authorized to list all namespaces"[0m[0m
[90m1:29PM[0m [33mWRN[0m [1mnamespace validation failed for: "frigate"[0m [36merror=[0m[31m[1m"user not authorized to list all namespaces"[0m[0m
[90m1:29PM[0m [31mERR[0m [1mcan't connect to cluster[0m [36merror=[0m[31m[1m"Get \"https://192.168.1.101:6443/version?timeout=15s\": dial tcp 192.168.1.101:6443: connect: connection refused"[0m[0m
[90m1:29PM[0m [32mINF[0m [1m✅ Kubernetes connectivity[0m
[90m1:29PM[0m [33mWRN[0m [1mnamespace validation failed for: "metallb-system"[0m [36merror=[0m[31m[1m"user not authorized to list all namespaces"[0m[0m
[90m1:29PM[0m [33mWRN[0m [1mnamespace validation failed for: "plex"[0m [36merror=[0m[31m[1m"user not authorized to list all namespaces"[0m[0m
[90m1:29PM[0m [33mWRN[0m [1mnamespace validation failed for: "plex"[0m [36merror=[0m[31m[1m"user not authorized to list all namespaces"[0m[0m
[90m1:29PM[0m [31mERR[0m [1mFail to load global/context configuration[0m [36merror=[0m[31m[1m"Get \"https://192.168.1.101:6443/api\": dial tcp 192.168.1.101:6443: connect: connection refused\ncannot connect to context: default\nk8s connection failed for context: default"[0m[0m
[90m1:29PM[0m [31mERR[0m [1mLoad cluster resources - No API server connection[0m
[90m1:29PM[0m [31mERR[0m [1mfailed to list contexts[0m [36merror=[0m[31m[1m"no connection"[0m[0m
[90m1:29PM[0m [33mWRN[0m [1mUnable to dial discovery API[0m [36merror=[0m[31m[1m"no connection to dial"[0m[0m
[90m1:29PM[0m [31mERR[0m [1mcan't connect to cluster[0m [36merror=[0m[31m[1m"Get \"https://192.168.1.101:6443/version?timeout=15s\": dial tcp 192.168.1.101:6443: connect: connection refused"[0m[0m
[90m1:29PM[0m [31mERR[0m [1mLoad cluster resources - No API server connection[0m
[90m1:29PM[0m [33mWRN[0m [1mUnable to dial discovery API[0m [36merror=[0m[31m[1m"no connection to dial"[0m[0m
[90m1:29PM[0m [31mERR[0m [1mContext switch failed[0m [36merror=[0m[31m[1m"no connection to cached dial"[0m[0m
[90m1:29PM[0m [31mERR[0m [1mno connection to cached dial[0m
[90m1:29PM[0m [31mERR[0m [1mContext switch failed[0m [36merror=[0m[31m[1m"no connection to cached dial"[0m[0m
[90m1:29PM[0m [31mERR[0m [1mno connection to cached dial[0m
[90m1:29PM[0m [31mERR[0m [1mfailed to list namespaces[0m [36merror=[0m[31m[1m"user not authorized to list all namespaces"[0m[0m
[90m1:29PM[0m [33mWRN[0m [1mnamespace validation failed for: "ingress-nginx"[0m [36merror=[0m[31m[1m"user not authorized to list all namespaces"[0m[0m
[90m1:29PM[0m [33mWRN[0m [1mnamespace validation failed for: "sealed-secrets"[0m [36merror=[0m[31m[1m"user not authorized to list all namespaces"[0m[0m
[90m1:29PM[0m [33mWRN[0m [1mnamespace validation failed for: "plex"[0m [36merror=[0m[31m[1m"user not authorized to list all namespaces"[0m[0m
[90m1:29PM[0m [33mWRN[0m [1mnamespace validation failed for: "frigate"[0m [36merror=[0m[31m[1m"user not authorized to list all namespaces"[0m[0m
[90m1:29PM[0m [33mWRN[0m [1mnamespace validation failed for: "frigate"[0m [36merror=[0m[31m[1m"user not authorized to list all namespaces"[0m[0m
[90m1:29PM[0m [33mWRN[0m [1mnamespace validation failed for: "frigate"[0m [36merror=[0m[31m[1m"user not authorized to list all namespaces"[0m[0m
[90m1:29PM[0m [33mWRN[0m [1mnamespace validation failed for: "frigate"[0m [36merror=[0m[31m[1m"user not authorized to list all namespaces"[0m[0m
[90m8:33PM[0m [32mINF[0m [1m🐶 K9s starting up...[0m
[90m8:33PM[0m [31mERR[0m [1mFail to locate metrics-server[0m [36merror=[0m[31m[1m"No metrics api group metrics.k8s.io found on cluster"[0m[0m
[90m8:33PM[0m [32mINF[0m [1m✅ Kubernetes connectivity[0m
[90m8:37PM[0m [32mINF[0m [1m🐶 K9s starting up...[0m
[90m8:37PM[0m [32mINF[0m [1m✅ Kubernetes connectivity[0m
[90m8:37PM[0m [33mWRN[0m [1mlog-reader canceled[0m [36merror=[0m[31m[1m"Stream canceled context canceled for argocd/argocd-redis-7ddb8856c-gfmzf (redis)"[0m[0m
[90m8:49PM[0m [33mWRN[0m [1mlog-reader canceled[0m [36merror=[0m[31m[1m"Stream canceled context canceled for argocd/argocd-application-controller-0 (application-controller)"[0m[0m
[90m8:52PM[0m [33mWRN[0m [1mlog-reader canceled[0m [36merror=[0m[31m[1m"Stream canceled context canceled for argocd/argocd-applicationset-controller-77f5d77cb4-kk85t (applicationset-controller)"[0m[0m
[90m8:52PM[0m [32mINF[0m [1m🐶 K9s starting up...[0m
[90m8:52PM[0m [32mINF[0m [1m✅ Kubernetes connectivity[0m
[90m8:54PM[0m [33mWRN[0m [1mlog-reader canceled[0m [36merror=[0m[31m[1m"Stream canceled context canceled for ingress-nginx/ingress-nginx-defaultbackend-798895f7cd-wc6hn (ingress-nginx-default-backend)"[0m[0m
[90m8:54PM[0m [33mWRN[0m [1mlog-reader canceled[0m [36merror=[0m[31m[1m"Stream canceled context canceled for ingress-nginx/ingress-nginx-controller-c68df9d84-nd2nm (controller)"[0m[0m
[90m8:55PM[0m [33mWRN[0m [1mlog-reader canceled[0m [36merror=[0m[31m[1m"Stream canceled context canceled for ingress-nginx/ingress-nginx-controller-c68df9d84-nd2nm (controller)"[0m[0m
[90m8:55PM[0m [33mWRN[0m [1mlog-reader canceled[0m [36merror=[0m[31m[1m"Stream canceled context canceled for ingress-nginx/ingress-nginx-defaultbackend-798895f7cd-wc6hn (ingress-nginx-default-backend)"[0m[0m
[90m8:55PM[0m [33mWRN[0m [1mlog-reader canceled[0m [36merror=[0m[31m[1m"Stream canceled context canceled for cert-manager/cert-manager-cainjector-66785cb58f-bbwg4 (cert-manager-cainjector)"[0m[0m
[90m8:55PM[0m [33mWRN[0m [1mlog-reader canceled[0m [36merror=[0m[31m[1m"Stream canceled context canceled for cert-manager/cert-manager-dc6d88f94-m44b8 (cert-manager-controller)"[0m[0m
[90m8:56PM[0m [33mWRN[0m [1mlog-reader canceled[0m [36merror=[0m[31m[1m"Stream canceled context canceled for cert-manager/cert-manager-webhook-74d876558d-xhh9x (cert-manager-webhook)"[0m[0m
[90m9:00PM[0m [33mWRN[0m [1mlog-reader canceled[0m [36merror=[0m[31m[1m"Stream canceled context canceled for cert-manager/cert-manager-webhook-74d876558d-xhh9x (cert-manager-webhook)"[0m[0m
[90m9:00PM[0m [33mWRN[0m [1mlog-reader canceled[0m [36merror=[0m[31m[1m"Stream canceled context canceled for cert-manager/cert-manager-dc6d88f94-m44b8 (cert-manager-controller)"[0m[0m
[90m9:00PM[0m [33mWRN[0m [1mDeleted (0) portforward for "cert-manager/cert-manager-cainjector-66785cb58f-bbwg4"[0m
[90m9:01PM[0m [33mWRN[0m [1mDeleted (0) portforward for "cert-manager/cert-manager-dc6d88f94-m44b8"[0m
[90m9:01PM[0m [33mWRN[0m [1mDeleted (0) portforward for "cert-manager/cert-manager-webhook-74d876558d-xhh9x"[0m
[90m9:01PM[0m [33mWRN[0m [1mlog-reader canceled[0m [36merror=[0m[31m[1m"Stream canceled context canceled for kindle-weather/kindle-weather-58cd8cb9bb-l744q (kindle-weather)"[0m[0m
[90m9:01PM[0m [33mWRN[0m [1mlog-reader EOF[0m [36merror=[0m[31m[1m"Stream closed EOF for kanidm/kanidm-0 (main)"[0m[0m
[90m9:01PM[0m [33mWRN[0m [1mlog-reader EOF[0m [36merror=[0m[31m[1m"Stream closed EOF for plex/plex-0 (plex-pms)"[0m[0m
[90m9:01PM[0m [31mERR[0m [1mlogs-stream[0m [36merror=[0m[31m[1m"stream logs failed container \"photoprism\" in pod \"photoprism-0\" is waiting to start: ContainerCreating for photoprism/photoprism-0 (photoprism)"[0m[0m
[90m9:01PM[0m [31mERR[0m [1mlogs-stream[0m [36merror=[0m[31m[1m"stream logs failed container \"photoprism\" in pod \"photoprism-0\" is waiting to start: ContainerCreating for photoprism/photoprism-0 (photoprism)"[0m[0m
[90m9:01PM[0m [31mERR[0m [1mlogs-stream[0m [36merror=[0m[31m[1m"stream logs failed container \"photoprism\" in pod \"photoprism-0\" is waiting to start: ContainerCreating for photoprism/photoprism-0 (photoprism)"[0m[0m
[90m9:01PM[0m [31mERR[0m [1mlogs-stream[0m [36merror=[0m[31m[1m"stream logs failed container \"photoprism\" in pod \"photoprism-0\" is waiting to start: ContainerCreating for photoprism/photoprism-0 (photoprism)"[0m[0m
[90m9:01PM[0m [31mERR[0m [1mlogs-stream[0m [36merror=[0m[31m[1m"stream logs failed container \"photoprism\" in pod \"photoprism-0\" is waiting to start: ContainerCreating for photoprism/photoprism-0 (photoprism)"[0m[0m
[90m9:01PM[0m [31mERR[0m [1mlogs-stream[0m [36merror=[0m[31m[1m"stream logs failed container \"photoprism\" in pod \"photoprism-0\" is waiting to start: ContainerCreating for photoprism/photoprism-0 (photoprism)"[0m[0m
[90m9:01PM[0m [31mERR[0m [1mlogs-stream[0m [36merror=[0m[31m[1m"stream logs failed container \"photoprism\" in pod \"photoprism-0\" is waiting to start: ContainerCreating for photoprism/photoprism-0 (photoprism)"[0m[0m
[90m9:01PM[0m [31mERR[0m [1mlogs-stream[0m [36merror=[0m[31m[1m"stream logs failed client rate limiter Wait returned an error: context canceled for photoprism/photoprism-0 (photoprism)"[0m[0m
[90m9:01PM[0m [31mERR[0m [1mlogs-stream[0m [36merror=[0m[31m[1m"stream logs failed container \"tailscale\" in pod \"subnet-router\" is waiting to start: CreateContainerConfigError for tailscale/subnet-router (tailscale)"[0m[0m
[90m9:01PM[0m [31mERR[0m [1mlogs-stream[0m [36merror=[0m[31m[1m"stream logs failed container \"tailscale\" in pod \"subnet-router\" is waiting to start: CreateContainerConfigError for tailscale/subnet-router (tailscale)"[0m[0m
[90m9:01PM[0m [31mERR[0m [1mlogs-stream[0m [36merror=[0m[31m[1m"stream logs failed client rate limiter Wait returned an error: context canceled for tailscale/subnet-router (tailscale)"[0m[0m
[90m9:02PM[0m [33mWRN[0m [1mDeleted (0) portforward for "tailscale/subnet-router"[0m
[90m9:02PM[0m [31mERR[0m [1mlogs-stream[0m [36merror=[0m[31m[1m"stream logs failed container \"tailscale\" in pod \"subnet-router\" is waiting to start: ContainerCreating for tailscale/subnet-router (tailscale)"[0m[0m
[90m9:02PM[0m [31mERR[0m [1mlogs-stream[0m [36merror=[0m[31m[1m"stream logs failed container \"tailscale\" in pod \"subnet-router\" is waiting to start: ContainerCreating for tailscale/subnet-router (tailscale)"[0m[0m
[90m9:02PM[0m [31mERR[0m [1mlogs-stream[0m [36merror=[0m[31m[1m"stream logs failed container \"tailscale\" in pod \"subnet-router\" is waiting to start: ContainerCreating for tailscale/subnet-router (tailscale)"[0m[0m
[90m9:02PM[0m [31mERR[0m [1mlogs-stream[0m [36merror=[0m[31m[1m"stream logs failed container \"tailscale\" in pod \"subnet-router\" is waiting to start: CreateContainerConfigError for tailscale/subnet-router (tailscale)"[0m[0m
[90m9:02PM[0m [31mERR[0m [1mlogs-stream[0m [36merror=[0m[31m[1m"stream logs failed container \"tailscale\" in pod \"subnet-router\" is waiting to start: CreateContainerConfigError for tailscale/subnet-router (tailscale)"[0m[0m
[90m9:02PM[0m [31mERR[0m [1mlogs-stream[0m [36merror=[0m[31m[1m"stream logs failed container \"tailscale\" in pod \"subnet-router\" is waiting to start: CreateContainerConfigError for tailscale/subnet-router (tailscale)"[0m[0m
[90m9:02PM[0m [31mERR[0m [1mlogs-stream[0m [36merror=[0m[31m[1m"stream logs failed container \"tailscale\" in pod \"subnet-router\" is waiting to start: CreateContainerConfigError for tailscale/subnet-router (tailscale)"[0m[0m
[90m9:02PM[0m [31mERR[0m [1mlogs-stream[0m [36merror=[0m[31m[1m"stream logs failed container \"tailscale\" in pod \"subnet-router\" is waiting to start: CreateContainerConfigError for tailscale/subnet-router (tailscale)"[0m[0m
[90m9:02PM[0m [31mERR[0m [1mlogs-stream[0m [36merror=[0m[31m[1m"stream logs failed container \"tailscale\" in pod \"subnet-router\" is waiting to start: CreateContainerConfigError for tailscale/subnet-router (tailscale)"[0m[0m
[90m9:02PM[0m [31mERR[0m [1mlogs-stream[0m [36merror=[0m[31m[1m"stream logs failed container \"tailscale\" in pod \"subnet-router\" is waiting to start: CreateContainerConfigError for tailscale/subnet-router (tailscale)"[0m[0m
[90m9:02PM[0m [31mERR[0m [1mlogs-stream[0m [36merror=[0m[31m[1m"stream logs failed container \"tailscale\" in pod \"subnet-router\" is waiting to start: CreateContainerConfigError for tailscale/subnet-router (tailscale)"[0m[0m
[90m9:02PM[0m [31mERR[0m [1mlogs-stream[0m [36merror=[0m[31m[1m"stream logs failed container \"tailscale\" in pod \"subnet-router\" is waiting to start: CreateContainerConfigError for tailscale/subnet-router (tailscale)"[0m[0m
[90m9:02PM[0m [31mERR[0m [1mlogs-stream[0m [36merror=[0m[31m[1m"stream logs failed container \"tailscale\" in pod \"subnet-router\" is waiting to start: CreateContainerConfigError for tailscale/subnet-router (tailscale)"[0m[0m
[90m9:02PM[0m [31mERR[0m [1mlogs-stream[0m [36merror=[0m[31m[1m"stream logs failed container \"tailscale\" in pod \"subnet-router\" is waiting to start: CreateContainerConfigError for tailscale/subnet-router (tailscale)"[0m[0m
[90m9:02PM[0m [31mERR[0m [1mlogs-stream[0m [36merror=[0m[31m[1m"stream logs failed container \"tailscale\" in pod \"subnet-router\" is waiting to start: CreateContainerConfigError for tailscale/subnet-router (tailscale)"[0m[0m
[90m9:02PM[0m [31mERR[0m [1mlogs-stream[0m [36merror=[0m[31m[1m"stream logs failed container \"tailscale\" in pod \"subnet-router\" is waiting to start: CreateContainerConfigError for tailscale/subnet-router (tailscale)"[0m[0m
[90m9:02PM[0m [31mERR[0m [1mlogs-stream[0m [36merror=[0m[31m[1m"stream logs failed container \"tailscale\" in pod \"subnet-router\" is waiting to start: CreateContainerConfigError for tailscale/subnet-router (tailscale)"[0m[0m
[90m9:02PM[0m [31mERR[0m [1mlogs-stream[0m [36merror=[0m[31m[1m"stream logs failed client rate limiter Wait returned an error: context canceled for tailscale/subnet-router (tailscale)"[0m[0m
[90m9:03PM[0m [31mERR[0m [1mlogs-stream[0m [36merror=[0m[31m[1m"stream logs failed previous terminated container \"tailscale\" in pod \"subnet-router\" not found for tailscale/subnet-router (tailscale)"[0m[0m
[90m9:03PM[0m [31mERR[0m [1mlogs-stream[0m [36merror=[0m[31m[1m"stream logs failed previous terminated container \"tailscale\" in pod \"subnet-router\" not found for tailscale/subnet-router (tailscale)"[0m[0m
[90m9:03PM[0m [31mERR[0m [1mlogs-stream[0m [36merror=[0m[31m[1m"stream logs failed client rate limiter Wait returned an error: context canceled for tailscale/subnet-router (tailscale)"[0m[0m
[90m9:04PM[0m [33mWRN[0m [1mlog-reader canceled[0m [36merror=[0m[31m[1m"Stream canceled context canceled for kube-system/cilium-27ml5 (cilium-agent)"[0m[0m
[90m9:04PM[0m [33mWRN[0m [1mlog-reader canceled[0m [36merror=[0m[31m[1m"Stream canceled context canceled for kube-system/cilium-operator-d8946bb45-dwgc2 (cilium-operator)"[0m[0m
[90m9:05PM[0m [33mWRN[0m [1mlog-reader canceled[0m [36merror=[0m[31m[1m"Stream canceled context canceled for kube-system/hubble-ui-77555d5dcf-s4ljv (backend)"[0m[0m
[90m9:05PM[0m [33mWRN[0m [1mlog-reader canceled[0m [36merror=[0m[31m[1m"Stream canceled context canceled for kube-system/hubble-ui-77555d5dcf-s4ljv (frontend)"[0m[0m
[90m9:06PM[0m [33mWRN[0m [1mlog-reader canceled[0m [36merror=[0m[31m[1m"Stream canceled context canceled for kube-system/cilium-tlvd9 (cilium-agent)"[0m[0m
[90m9:06PM[0m [33mWRN[0m [1mDeleted (0) portforward for "kube-system/cilium-27ml5"[0m
[90m9:06PM[0m [33mWRN[0m [1mDeleted (0) portforward for "kube-system/cilium-envoy-chxjc"[0m
[90m9:06PM[0m [33mWRN[0m [1mDeleted (0) portforward for "kube-system/cilium-envoy-k4w2x"[0m
[90m9:06PM[0m [33mWRN[0m [1mDeleted (0) portforward for "kube-system/cilium-envoy-lbfp2"[0m
[90m9:06PM[0m [33mWRN[0m [1mDeleted (0) portforward for "kube-system/cilium-operator-d8946bb45-dwgc2"[0m
[90m9:06PM[0m [33mWRN[0m [1mDeleted (0) portforward for "kube-system/cilium-tlvd9"[0m
[90m9:06PM[0m [33mWRN[0m [1mDeleted (0) portforward for "kube-system/hubble-relay-7749c4fc9-n4fd5"[0m
[90m9:06PM[0m [33mWRN[0m [1mDeleted (0) portforward for "kube-system/hubble-ui-77555d5dcf-s4ljv"[0m
[90m9:06PM[0m [33mWRN[0m [1mlog-reader EOF[0m [36merror=[0m[31m[1m"Stream closed EOF for kube-system/cilium-cfh55 (apply-sysctl-overwrites)"[0m[0m
[90m9:07PM[0m [33mWRN[0m [1mlog-reader canceled[0m [36merror=[0m[31m[1m"Stream canceled context canceled for kube-system/cilium-cfh55 (cilium-agent)"[0m[0m
[90m9:07PM[0m [33mWRN[0m [1mlog-reader canceled[0m [36merror=[0m[31m[1m"Stream canceled context canceled for kube-system/cilium-xcwhn (cilium-agent)"[0m[0m
[90m8:13AM[0m [31mERR[0m [1mcan't connect to cluster[0m [36merror=[0m[31m[1m"Get \"https://192.168.1.101:6443/version?timeout=15s\": net/http: request canceled (Client.Timeout exceeded while awaiting headers)"[0m[0m
[90m8:13AM[0m [31mERR[0m [1mClusterUpdater failed[0m [36merror=[0m[31m[1m"conn check failed (1/5)"[0m[0m
[90m8:13AM[0m [33mWRN[0m [1mreconciler exited[0m [36merror=[0m[31m[1m"context canceled"[0m[0m
[90m8:52AM[0m [31mERR[0m [1mcan't connect to cluster[0m [36merror=[0m[31m[1m"Get \"https://192.168.1.101:6443/version?timeout=15s\": net/http: request canceled (Client.Timeout exceeded while awaiting headers)"[0m[0m
[90m8:52AM[0m [31mERR[0m [1mClusterUpdater failed[0m [36merror=[0m[31m[1m"conn check failed (1/5)"[0m[0m
[90m8:52AM[0m [33mWRN[0m [1mreconciler exited[0m [36merror=[0m[31m[1m"context canceled"[0m[0m
[90m8:56AM[0m [31mERR[0m [1mcan't connect to cluster[0m [36merror=[0m[31m[1m"Get \"https://192.168.1.101:6443/version?timeout=15s\": net/http: request canceled (Client.Timeout exceeded while awaiting headers)"[0m[0m
[90m8:56AM[0m [31mERR[0m [1mClusterUpdater failed[0m [36merror=[0m[31m[1m"conn check failed (2/5)"[0m[0m
[90m8:57AM[0m [31mERR[0m [1mcan't connect to cluster[0m [36merror=[0m[31m[1m"Get \"https://192.168.1.101:6443/version?timeout=15s\": http2: client connection lost"[0m[0m
[90m8:57AM[0m [31mERR[0m [1mClusterUpdater failed[0m [36merror=[0m[31m[1m"conn check failed (3/5)"[0m[0m
[90m8:57AM[0m [33mWRN[0m [1mnamespace validation failed for: "default"[0m [36merror=[0m[31m[1m"user not authorized to list all namespaces"[0m[0m
[90m8:57AM[0m [33mWRN[0m [1mnamespace validation failed for: "metallb-system"[0m [36merror=[0m[31m[1m"user not authorized to list all namespaces"[0m[0m
[90m8:57AM[0m [33mWRN[0m [1mnamespace validation failed for: "plex"[0m [36merror=[0m[31m[1m"user not authorized to list all namespaces"[0m[0m
[90m8:57AM[0m [33mWRN[0m [1mnamespace validation failed for: "plex"[0m [36merror=[0m[31m[1m"user not authorized to list all namespaces"[0m[0m
[90m8:57AM[0m [33mWRN[0m [1mnamespace validation failed for: "argocd"[0m [36merror=[0m[31m[1m"user not authorized to list all namespaces"[0m[0m
[90m8:57AM[0m [33mWRN[0m [1mnamespace validation failed for: "metallb-system"[0m [36merror=[0m[31m[1m"user not authorized to list all namespaces"[0m[0m
[90m8:57AM[0m [33mWRN[0m [1mnamespace validation failed for: "sealed-secrets"[0m [36merror=[0m[31m[1m"user not authorized to list all namespaces"[0m[0m
[90m8:57AM[0m [33mWRN[0m [1mnamespace validation failed for: "frigate"[0m [36merror=[0m[31m[1m"user not authorized to list all namespaces"[0m[0m
[90m8:57AM[0m [33mWRN[0m [1mnamespace validation failed for: "frigate"[0m [36merror=[0m[31m[1m"user not authorized to list all namespaces"[0m[0m
[90m8:57AM[0m [33mWRN[0m [1mnamespace validation failed for: "frigate"[0m [36merror=[0m[31m[1m"user not authorized to list all namespaces"[0m[0m
[90m8:57AM[0m [33mWRN[0m [1mnamespace validation failed for: "frigate"[0m [36merror=[0m[31m[1m"user not authorized to list all namespaces"[0m[0m
[90m3:11PM[0m [32mINF[0m [1m🐶 K9s starting up...[0m
[90m3:12PM[0m [32mINF[0m [1m🐶 K9s starting up...[0m
[90m3:12PM[0m [32mINF[0m [1m✅ Kubernetes connectivity[0m
[90m3:12PM[0m [33mWRN[0m [1mScan failed for img quay.io/cilium/cilium-envoy:v1.29.7-39a2a56bbd5b3a591f69dbca51d3e30ef97e0e51@sha256:bd5ff8c66716080028f414ec1cb4f7dc66f40d2fb5a009fff187f4a9b90b566b --[0m [36merror=[0m[31m[1m"failed to catalog quay.io/cilium/cilium-envoy:v1.29.7-39a2a56bbd5b3a591f69dbca51d3e30ef97e0e51@sha256:bd5ff8c66716080028f414ec1cb4f7dc66f40d2fb5a009fff187f4a9b90b566b: errors occurred attempting to resolve 'quay.io/cilium/cilium-envoy:v1.29.7-39a2a56bbd5b3a591f69dbca51d3e30ef97e0e51@sha256:bd5ff8c66716080028f414ec1cb4f7dc66f40d2fb5a009fff187f4a9b90b566b':\n  - no such file or directory\n  - docker not available: failed to connect to Docker daemon. Ensure Docker is running and accessible\n  - podman not available: making http client: connection to bastion host=\"127.0.0.1:49782\" failed: dial tcp 127.0.0.1:49782: connect: connection refused\n  - containerd not available: no grpc connection or services is available: unavailable\n  - failed to get image descriptor from registry: error getting credentials - err: exec: \"docker-credential-desktop\": executable file not found in $PATH, out: ``"[0m[0m
[90m3:12PM[0m [33mWRN[0m [1mScan failed for img ghcr.io/kube-vip/kube-vip:v0.6.4 --[0m [36merror=[0m[31m[1m"failed to catalog ghcr.io/kube-vip/kube-vip:v0.6.4: errors occurred attempting to resolve 'ghcr.io/kube-vip/kube-vip:v0.6.4':\n  - no such file or directory\n  - docker not available: failed to connect to Docker daemon. Ensure Docker is running and accessible\n  - podman not available: making http client: connection to bastion host=\"127.0.0.1:49782\" failed: dial tcp 127.0.0.1:49782: connect: connection refused\n  - containerd not available: no grpc connection or services is available: unavailable\n  - failed to get image descriptor from registry: error getting credentials - err: exec: \"docker-credential-desktop\": executable file not found in $PATH, out: ``"[0m[0m
[90m3:12PM[0m [33mWRN[0m [1mScan failed for img quay.io/cilium/hubble-relay:v1.16.1@sha256:2e1b4c739a676ae187d4c2bfc45c3e865bda2567cc0320a90cb666657fcfcc35 --[0m [36merror=[0m[31m[1m"failed to catalog quay.io/cilium/hubble-relay:v1.16.1@sha256:2e1b4c739a676ae187d4c2bfc45c3e865bda2567cc0320a90cb666657fcfcc35: errors occurred attempting to resolve 'quay.io/cilium/hubble-relay:v1.16.1@sha256:2e1b4c739a676ae187d4c2bfc45c3e865bda2567cc0320a90cb666657fcfcc35':\n  - no such file or directory\n  - docker not available: failed to connect to Docker daemon. Ensure Docker is running and accessible\n  - podman not available: making http client: connection to bastion host=\"127.0.0.1:49782\" failed: dial tcp 127.0.0.1:49782: connect: connection refused\n  - containerd not available: no grpc connection or services is available: unavailable\n  - failed to get image descriptor from registry: error getting credentials - err: exec: \"docker-credential-desktop\": executable file not found in $PATH, out: ``"[0m[0m
[90m3:12PM[0m [33mWRN[0m [1mScan failed for img quay.io/argoproj/workflow-controller:v3.5.12 --[0m [36merror=[0m[31m[1m"failed to catalog quay.io/argoproj/workflow-controller:v3.5.12: errors occurred attempting to resolve 'quay.io/argoproj/workflow-controller:v3.5.12':\n  - no such file or directory\n  - docker not available: failed to connect to Docker daemon. Ensure Docker is running and accessible\n  - podman not available: making http client: connection to bastion host=\"127.0.0.1:49782\" failed: dial tcp 127.0.0.1:49782: connect: connection refused\n  - containerd not available: no grpc connection or services is available: unavailable\n  - failed to get image descriptor from registry: error getting credentials - err: exec: \"docker-credential-desktop\": executable file not found in $PATH, out: ``"[0m[0m
[90m3:12PM[0m [33mWRN[0m [1mScan failed for img quay.io/argoproj/argocli:v3.5.12 --[0m [36merror=[0m[31m[1m"failed to catalog quay.io/argoproj/argocli:v3.5.12: errors occurred attempting to resolve 'quay.io/argoproj/argocli:v3.5.12':\n  - no such file or directory\n  - docker not available: failed to connect to Docker daemon. Ensure Docker is running and accessible\n  - podman not available: making http client: connection to bastion host=\"127.0.0.1:49782\" failed: dial tcp 127.0.0.1:49782: connect: connection refused\n  - containerd not available: no grpc connection or services is available: unavailable\n  - failed to get image descriptor from registry: error getting credentials - err: exec: \"docker-credential-desktop\": executable file not found in $PATH, out: ``"[0m[0m
[90m3:12PM[0m [33mWRN[0m [1mScan failed for img quay.io/argoproj/argocd:v2.13.0 --[0m [36merror=[0m[31m[1m"failed to catalog quay.io/argoproj/argocd:v2.13.0: errors occurred attempting to resolve 'quay.io/argoproj/argocd:v2.13.0':\n  - no such file or directory\n  - docker not available: failed to connect to Docker daemon. Ensure Docker is running and accessible\n  - podman not available: making http client: connection to bastion host=\"127.0.0.1:49782\" failed: dial tcp 127.0.0.1:49782: connect: connection refused\n  - containerd not available: no grpc connection or services is available: unavailable\n  - failed to get image descriptor from registry: error getting credentials - err: exec: \"docker-credential-desktop\": executable file not found in $PATH, out: ``"[0m[0m
[90m3:12PM[0m [33mWRN[0m [1mScan failed for img rancher/mirrored-coredns-coredns:1.11.3 --[0m [36merror=[0m[31m[1m"failed to catalog rancher/mirrored-coredns-coredns:1.11.3: errors occurred attempting to resolve 'rancher/mirrored-coredns-coredns:1.11.3':\n  - no such file or directory\n  - docker not available: failed to connect to Docker daemon. Ensure Docker is running and accessible\n  - podman not available: making http client: connection to bastion host=\"127.0.0.1:49782\" failed: dial tcp 127.0.0.1:49782: connect: connection refused\n  - containerd not available: no grpc connection or services is available: unavailable\n  - failed to get image descriptor from registry: error getting credentials - err: exec: \"docker-credential-desktop\": executable file not found in $PATH, out: ``"[0m[0m
[90m3:12PM[0m [33mWRN[0m [1mScan failed for img quay.io/cilium/hubble-ui:v0.13.1@sha256:e2e9313eb7caf64b0061d9da0efbdad59c6c461f6ca1752768942bfeda0796c6 --[0m [36merror=[0m[31m[1m"failed to catalog quay.io/cilium/hubble-ui:v0.13.1@sha256:e2e9313eb7caf64b0061d9da0efbdad59c6c461f6ca1752768942bfeda0796c6: errors occurred attempting to resolve 'quay.io/cilium/hubble-ui:v0.13.1@sha256:e2e9313eb7caf64b0061d9da0efbdad59c6c461f6ca1752768942bfeda0796c6':\n  - no such file or directory\n  - docker not available: failed to connect to Docker daemon. Ensure Docker is running and accessible\n  - podman not available: making http client: connection to bastion host=\"127.0.0.1:49782\" failed: dial tcp 127.0.0.1:49782: connect: connection refused\n  - containerd not available: no grpc connection or services is available: unavailable\n  - failed to get image descriptor from registry: error getting credentials - err: exec: \"docker-credential-desktop\": executable file not found in $PATH, out: ``"[0m[0m
[90m3:12PM[0m [33mWRN[0m [1mScan failed for img quay.io/cilium/cilium:v1.16.1@sha256:0b4a3ab41a4760d86b7fc945b8783747ba27f29dac30dd434d94f2c9e3679f39 --[0m [36merror=[0m[31m[1m"failed to catalog quay.io/cilium/cilium:v1.16.1@sha256:0b4a3ab41a4760d86b7fc945b8783747ba27f29dac30dd434d94f2c9e3679f39: errors occurred attempting to resolve 'quay.io/cilium/cilium:v1.16.1@sha256:0b4a3ab41a4760d86b7fc945b8783747ba27f29dac30dd434d94f2c9e3679f39':\n  - no such file or directory\n  - docker not available: failed to connect to Docker daemon. Ensure Docker is running and accessible\n  - podman not available: making http client: connection to bastion host=\"127.0.0.1:49782\" failed: dial tcp 127.0.0.1:49782: connect: connection refused\n  - containerd not available: no grpc connection or services is available: unavailable\n  - failed to get image descriptor from registry: error getting credentials - err: exec: \"docker-credential-desktop\": executable file not found in $PATH, out: ``"[0m[0m
[90m3:12PM[0m [33mWRN[0m [1mScan failed for img rancher/mirrored-coredns-coredns:1.11.3 --[0m [36merror=[0m[31m[1m"failed to catalog rancher/mirrored-coredns-coredns:1.11.3: errors occurred attempting to resolve 'rancher/mirrored-coredns-coredns:1.11.3':\n  - no such file or directory\n  - docker not available: failed to connect to Docker daemon. Ensure Docker is running and accessible\n  - podman not available: making http client: connection to bastion host=\"127.0.0.1:49782\" failed: dial tcp 127.0.0.1:49782: connect: connection refused\n  - containerd not available: no grpc connection or services is available: unavailable\n  - failed to get image descriptor from registry: error getting credentials - err: exec: \"docker-credential-desktop\": executable file not found in $PATH, out: ``"[0m[0m
[90m3:12PM[0m [33mWRN[0m [1mScan failed for img quay.io/argoproj/argo-events:v1.9.2 --[0m [36merror=[0m[31m[1m"failed to catalog quay.io/argoproj/argo-events:v1.9.2: errors occurred attempting to resolve 'quay.io/argoproj/argo-events:v1.9.2':\n  - no such file or directory\n  - docker not available: failed to connect to Docker daemon. Ensure Docker is running and accessible\n  - podman not available: making http client: connection to bastion host=\"127.0.0.1:49782\" failed: dial tcp 127.0.0.1:49782: connect: connection refused\n  - containerd not available: no grpc connection or services is available: unavailable\n  - failed to get image descriptor from registry: error getting credentials - err: exec: \"docker-credential-desktop\": executable file not found in $PATH, out: ``"[0m[0m
[90m3:12PM[0m [33mWRN[0m [1mScan failed for img quay.io/cilium/hubble-ui-backend:v0.13.1@sha256:0e0eed917653441fded4e7cdb096b7be6a3bddded5a2dd10812a27b1fc6ed95b --[0m [36merror=[0m[31m[1m"failed to catalog quay.io/cilium/hubble-ui-backend:v0.13.1@sha256:0e0eed917653441fded4e7cdb096b7be6a3bddded5a2dd10812a27b1fc6ed95b: errors occurred attempting to resolve 'quay.io/cilium/hubble-ui-backend:v0.13.1@sha256:0e0eed917653441fded4e7cdb096b7be6a3bddded5a2dd10812a27b1fc6ed95b':\n  - no such file or directory\n  - docker not available: failed to connect to Docker daemon. Ensure Docker is running and accessible\n  - podman not available: making http client: connection to bastion host=\"127.0.0.1:49782\" failed: dial tcp 127.0.0.1:49782: connect: connection refused\n  - containerd not available: no grpc connection or services is available: unavailable\n  - failed to get image descriptor from registry: error getting credentials - err: exec: \"docker-credential-desktop\": executable file not found in $PATH, out: ``"[0m[0m
[90m3:12PM[0m [33mWRN[0m [1mScan failed for img public.ecr.aws/docker/library/redis:7.2.4-alpine --[0m [36merror=[0m[31m[1m"failed to catalog public.ecr.aws/docker/library/redis:7.2.4-alpine: errors occurred attempting to resolve 'public.ecr.aws/docker/library/redis:7.2.4-alpine':\n  - no such file or directory\n  - docker not available: failed to connect to Docker daemon. Ensure Docker is running and accessible\n  - podman not available: making http client: connection to bastion host=\"127.0.0.1:49782\" failed: dial tcp 127.0.0.1:49782: connect: connection refused\n  - containerd not available: no grpc connection or services is available: unavailable\n  - failed to get image descriptor from registry: error getting credentials - err: exec: \"docker-credential-desktop\": executable file not found in $PATH, out: ``"[0m[0m
[90m3:12PM[0m [33mWRN[0m [1mScan failed for img quay.io/cilium/hubble-ui-backend:v0.13.1@sha256:0e0eed917653441fded4e7cdb096b7be6a3bddded5a2dd10812a27b1fc6ed95b --[0m [36merror=[0m[31m[1m"failed to catalog quay.io/cilium/hubble-ui-backend:v0.13.1@sha256:0e0eed917653441fded4e7cdb096b7be6a3bddded5a2dd10812a27b1fc6ed95b: errors occurred attempting to resolve 'quay.io/cilium/hubble-ui-backend:v0.13.1@sha256:0e0eed917653441fded4e7cdb096b7be6a3bddded5a2dd10812a27b1fc6ed95b':\n  - no such file or directory\n  - docker not available: failed to connect to Docker daemon. Ensure Docker is running and accessible\n  - podman not available: making http client: connection to bastion host=\"127.0.0.1:49782\" failed: dial tcp 127.0.0.1:49782: connect: connection refused\n  - containerd not available: no grpc connection or services is available: unavailable\n  - failed to get image descriptor from registry: error getting credentials - err: exec: \"docker-credential-desktop\": executable file not found in $PATH, out: ``"[0m[0m
[90m3:12PM[0m [33mWRN[0m [1mScan failed for img quay.io/argoproj/argo-events:v1.9.2 --[0m [36merror=[0m[31m[1m"failed to catalog quay.io/argoproj/argo-events:v1.9.2: errors occurred attempting to resolve 'quay.io/argoproj/argo-events:v1.9.2':\n  - no such file or directory\n  - docker not available: failed to connect to Docker daemon. Ensure Docker is running and accessible\n  - podman not available: making http client: connection to bastion host=\"127.0.0.1:49782\" failed: dial tcp 127.0.0.1:49782: connect: connection refused\n  - containerd not available: no grpc connection or services is available: unavailable\n  - failed to get image descriptor from registry: error getting credentials - err: exec: \"docker-credential-desktop\": executable file not found in $PATH, out: ``"[0m[0m
[90m3:12PM[0m [33mWRN[0m [1mScan failed for img quay.io/cilium/operator-generic:v1.16.1@sha256:3bc7e7a43bc4a4d8989cb7936c5d96675dd2d02c306adf925ce0a7c35aa27dc4 --[0m [36merror=[0m[31m[1m"failed to catalog quay.io/cilium/operator-generic:v1.16.1@sha256:3bc7e7a43bc4a4d8989cb7936c5d96675dd2d02c306adf925ce0a7c35aa27dc4: errors occurred attempting to resolve 'quay.io/cilium/operator-generic:v1.16.1@sha256:3bc7e7a43bc4a4d8989cb7936c5d96675dd2d02c306adf925ce0a7c35aa27dc4':\n  - no such file or directory\n  - docker not available: failed to connect to Docker daemon. Ensure Docker is running and accessible\n  - podman not available: making http client: connection to bastion host=\"127.0.0.1:49782\" failed: dial tcp 127.0.0.1:49782: connect: connection refused\n  - containerd not available: no grpc connection or services is available: unavailable\n  - failed to get image descriptor from registry: error getting credentials - err: exec: \"docker-credential-desktop\": executable file not found in $PATH, out: ``"[0m[0m
[90m3:12PM[0m [33mWRN[0m [1mScan failed for img quay.io/cilium/hubble-ui:v0.13.1@sha256:e2e9313eb7caf64b0061d9da0efbdad59c6c461f6ca1752768942bfeda0796c6 --[0m [36merror=[0m[31m[1m"failed to catalog quay.io/cilium/hubble-ui:v0.13.1@sha256:e2e9313eb7caf64b0061d9da0efbdad59c6c461f6ca1752768942bfeda0796c6: errors occurred attempting to resolve 'quay.io/cilium/hubble-ui:v0.13.1@sha256:e2e9313eb7caf64b0061d9da0efbdad59c6c461f6ca1752768942bfeda0796c6':\n  - no such file or directory\n  - docker not available: failed to connect to Docker daemon. Ensure Docker is running and accessible\n  - podman not available: making http client: connection to bastion host=\"127.0.0.1:49782\" failed: dial tcp 127.0.0.1:49782: connect: connection refused\n  - containerd not available: no grpc connection or services is available: unavailable\n  - failed to get image descriptor from registry: error getting credentials - err: exec: \"docker-credential-desktop\": executable file not found in $PATH, out: ``"[0m[0m
[90m3:12PM[0m [33mWRN[0m [1mScan failed for img quay.io/cilium/hubble-relay:v1.16.1@sha256:2e1b4c739a676ae187d4c2bfc45c3e865bda2567cc0320a90cb666657fcfcc35 --[0m [36merror=[0m[31m[1m"failed to catalog quay.io/cilium/hubble-relay:v1.16.1@sha256:2e1b4c739a676ae187d4c2bfc45c3e865bda2567cc0320a90cb666657fcfcc35: errors occurred attempting to resolve 'quay.io/cilium/hubble-relay:v1.16.1@sha256:2e1b4c739a676ae187d4c2bfc45c3e865bda2567cc0320a90cb666657fcfcc35':\n  - no such file or directory\n  - docker not available: failed to connect to Docker daemon. Ensure Docker is running and accessible\n  - podman not available: making http client: connection to bastion host=\"127.0.0.1:49782\" failed: dial tcp 127.0.0.1:49782: connect: connection refused\n  - containerd not available: no grpc connection or services is available: unavailable\n  - failed to get image descriptor from registry: error getting credentials - err: exec: \"docker-credential-desktop\": executable file not found in $PATH, out: ``"[0m[0m
[90m3:12PM[0m [33mWRN[0m [1mScan failed for img rancher/mirrored-metrics-server:v0.7.2 --[0m [36merror=[0m[31m[1m"failed to catalog rancher/mirrored-metrics-server:v0.7.2: errors occurred attempting to resolve 'rancher/mirrored-metrics-server:v0.7.2':\n  - no such file or directory\n  - docker not available: failed to connect to Docker daemon. Ensure Docker is running and accessible\n  - podman not available: making http client: connection to bastion host=\"127.0.0.1:49782\" failed: dial tcp 127.0.0.1:49782: connect: connection refused\n  - containerd not available: no grpc connection or services is available: unavailable\n  - failed to get image descriptor from registry: error getting credentials - err: exec: \"docker-credential-desktop\": executable file not found in $PATH, out: ``"[0m[0m
[90m3:12PM[0m [33mWRN[0m [1mScan failed for img rancher/mirrored-metrics-server:v0.7.2 --[0m [36merror=[0m[31m[1m"failed to catalog rancher/mirrored-metrics-server:v0.7.2: errors occurred attempting to resolve 'rancher/mirrored-metrics-server:v0.7.2':\n  - no such file or directory\n  - docker not available: failed to connect to Docker daemon. Ensure Docker is running and accessible\n  - podman not available: making http client: connection to bastion host=\"127.0.0.1:49782\" failed: dial tcp 127.0.0.1:49782: connect: connection refused\n  - containerd not available: no grpc connection or services is available: unavailable\n  - failed to get image descriptor from registry: error getting credentials - err: exec: \"docker-credential-desktop\": executable file not found in $PATH, out: ``"[0m[0m
[90m3:12PM[0m [33mWRN[0m [1mlog-reader canceled[0m [36merror=[0m[31m[1m"Stream canceled context canceled for argocd/argocd-application-controller-0 (application-controller)"[0m[0m
[90m3:12PM[0m [33mWRN[0m [1mScan failed for img ghcr.io/kubereboot/kured:1.16.1 --[0m [36merror=[0m[31m[1m"failed to catalog ghcr.io/kubereboot/kured:1.16.1: errors occurred attempting to resolve 'ghcr.io/kubereboot/kured:1.16.1':\n  - no such file or directory\n  - docker not available: failed to connect to Docker daemon. Ensure Docker is running and accessible\n  - podman not available: making http client: connection to bastion host=\"127.0.0.1:49782\" failed: dial tcp 127.0.0.1:49782: connect: connection refused\n  - containerd not available: no grpc connection or services is available: unavailable\n  - failed to get image descriptor from registry: error getting credentials - err: exec: \"docker-credential-desktop\": executable file not found in $PATH, out: ``"[0m[0m
[90m3:12PM[0m [33mWRN[0m [1mScan failed for img excalidraw/excalidraw:latest --[0m [36merror=[0m[31m[1m"failed to catalog excalidraw/excalidraw:latest: errors occurred attempting to resolve 'excalidraw/excalidraw:latest':\n  - no such file or directory\n  - docker not available: failed to connect to Docker daemon. Ensure Docker is running and accessible\n  - podman not available: making http client: connection to bastion host=\"127.0.0.1:49782\" failed: dial tcp 127.0.0.1:49782: connect: connection refused\n  - containerd not available: no grpc connection or services is available: unavailable\n  - failed to get image descriptor from registry: error getting credentials - err: exec: \"docker-credential-desktop\": executable file not found in $PATH, out: ``"[0m[0m
[90m3:12PM[0m [33mWRN[0m [1mScan failed for img ghcr.io/joekleinsorge/kindle-weather/kindle-weather:c06da66 --[0m [36merror=[0m[31m[1m"failed to catalog ghcr.io/joekleinsorge/kindle-weather/kindle-weather:c06da66: errors occurred attempting to resolve 'ghcr.io/joekleinsorge/kindle-weather/kindle-weather:c06da66':\n  - no such file or directory\n  - docker not available: failed to connect to Docker daemon. Ensure Docker is running and accessible\n  - podman not available: making http client: connection to bastion host=\"127.0.0.1:49782\" failed: dial tcp 127.0.0.1:49782: connect: connection refused\n  - containerd not available: no grpc connection or services is available: unavailable\n  - failed to get image descriptor from registry: error getting credentials - err: exec: \"docker-credential-desktop\": executable file not found in $PATH, out: ``"[0m[0m
[90m3:12PM[0m [33mWRN[0m [1mScan failed for img docker.io/bitnami/mariadb:10.6.8-debian-11-r9 --[0m [36merror=[0m[31m[1m"failed to catalog docker.io/bitnami/mariadb:10.6.8-debian-11-r9: errors occurred attempting to resolve 'docker.io/bitnami/mariadb:10.6.8-debian-11-r9':\n  - no such file or directory\n  - docker not available: failed to connect to Docker daemon. Ensure Docker is running and accessible\n  - podman not available: making http client: connection to bastion host=\"127.0.0.1:49782\" failed: dial tcp 127.0.0.1:49782: connect: connection refused\n  - containerd not available: no grpc connection or services is available: unavailable\n  - failed to get image descriptor from registry: error getting credentials - err: exec: \"docker-credential-desktop\": executable file not found in $PATH, out: ``"[0m[0m
[90m3:12PM[0m [33mWRN[0m [1mScan failed for img ghcr.io/toboshii/hajimari:v0.3.1 --[0m [36merror=[0m[31m[1m"failed to catalog ghcr.io/toboshii/hajimari:v0.3.1: errors occurred attempting to resolve 'ghcr.io/toboshii/hajimari:v0.3.1':\n  - no such file or directory\n  - docker not available: failed to connect to Docker daemon. Ensure Docker is running and accessible\n  - podman not available: making http client: connection to bastion host=\"127.0.0.1:49782\" failed: dial tcp 127.0.0.1:49782: connect: connection refused\n  - containerd not available: no grpc connection or services is available: unavailable\n  - failed to get image descriptor from registry: error getting credentials - err: exec: \"docker-credential-desktop\": executable file not found in $PATH, out: ``"[0m[0m
[90m3:12PM[0m [33mWRN[0m [1mScan failed for img oci.external-secrets.io/external-secrets/external-secrets:v0.10.5 --[0m [36merror=[0m[31m[1m"failed to catalog oci.external-secrets.io/external-secrets/external-secrets:v0.10.5: errors occurred attempting to resolve 'oci.external-secrets.io/external-secrets/external-secrets:v0.10.5':\n  - no such file or directory\n  - docker not available: failed to connect to Docker daemon. Ensure Docker is running and accessible\n  - podman not available: making http client: connection to bastion host=\"127.0.0.1:49782\" failed: dial tcp 127.0.0.1:49782: connect: connection refused\n  - containerd not available: no grpc connection or services is available: unavailable\n  - failed to get image descriptor from registry: error getting credentials - err: exec: \"docker-credential-desktop\": executable file not found in $PATH, out: ``"[0m[0m
[90m3:12PM[0m [33mWRN[0m [1mScan failed for img haveagitgat/tdarr:2.00.18 --[0m [36merror=[0m[31m[1m"failed to catalog haveagitgat/tdarr:2.00.18: errors occurred attempting to resolve 'haveagitgat/tdarr:2.00.18':\n  - no such file or directory\n  - docker not available: failed to connect to Docker daemon. Ensure Docker is running and accessible\n  - podman not available: making http client: connection to bastion host=\"127.0.0.1:49782\" failed: dial tcp 127.0.0.1:49782: connect: connection refused\n  - containerd not available: no grpc connection or services is available: unavailable\n  - failed to get image descriptor from registry: error getting credentials - err: exec: \"docker-credential-desktop\": executable file not found in $PATH, out: ``"[0m[0m
[90m3:12PM[0m [33mWRN[0m [1mScan failed for img haveagitgat/tdarr_node:2.00.10 --[0m [36merror=[0m[31m[1m"failed to catalog haveagitgat/tdarr_node:2.00.10: errors occurred attempting to resolve 'haveagitgat/tdarr_node:2.00.10':\n  - no such file or directory\n  - docker not available: failed to connect to Docker daemon. Ensure Docker is running and accessible\n  - podman not available: making http client: connection to bastion host=\"127.0.0.1:49782\" failed: dial tcp 127.0.0.1:49782: connect: connection refused\n  - containerd not available: no grpc connection or services is available: unavailable\n  - failed to get image descriptor from registry: error getting credentials - err: exec: \"docker-credential-desktop\": executable file not found in $PATH, out: ``"[0m[0m
[90m3:12PM[0m [33mWRN[0m [1mScan failed for img nginx:1.27 --[0m [36merror=[0m[31m[1m"failed to catalog nginx:1.27: errors occurred attempting to resolve 'nginx:1.27':\n  - no such file or directory\n  - docker not available: failed to connect to Docker daemon. Ensure Docker is running and accessible\n  - podman not available: making http client: connection to bastion host=\"127.0.0.1:49782\" failed: dial tcp 127.0.0.1:49782: connect: connection refused\n  - containerd not available: no grpc connection or services is available: unavailable\n  - failed to get image descriptor from registry: error getting credentials - err: exec: \"docker-credential-desktop\": executable file not found in $PATH, out: ``"[0m[0m
[90m3:12PM[0m [33mWRN[0m [1mScan failed for img registry.k8s.io/external-dns/external-dns:v0.15.0 --[0m [36merror=[0m[31m[1m"failed to catalog registry.k8s.io/external-dns/external-dns:v0.15.0: errors occurred attempting to resolve 'registry.k8s.io/external-dns/external-dns:v0.15.0':\n  - no such file or directory\n  - docker not available: failed to connect to Docker daemon. Ensure Docker is running and accessible\n  - podman not available: making http client: connection to bastion host=\"127.0.0.1:49782\" failed: dial tcp 127.0.0.1:49782: connect: connection refused\n  - containerd not available: no grpc connection or services is available: unavailable\n  - failed to get image descriptor from registry: error getting credentials - err: exec: \"docker-credential-desktop\": executable file not found in $PATH, out: ``"[0m[0m
[90m3:12PM[0m [33mWRN[0m [1mScan failed for img docker.io/ollama/ollama:0.1.29 --[0m [36merror=[0m[31m[1m"failed to catalog docker.io/ollama/ollama:0.1.29: errors occurred attempting to resolve 'docker.io/ollama/ollama:0.1.29':\n  - no such file or directory\n  - docker not available: failed to connect to Docker daemon. Ensure Docker is running and accessible\n  - podman not available: making http client: connection to bastion host=\"127.0.0.1:49782\" failed: dial tcp 127.0.0.1:49782: connect: connection refused\n  - containerd not available: no grpc connection or services is available: unavailable\n  - failed to get image descriptor from registry: error getting credentials - err: exec: \"docker-credential-desktop\": executable file not found in $PATH, out: ``"[0m[0m
[90m3:12PM[0m [33mWRN[0m [1mScan failed for img registry.k8s.io/ingress-nginx/kube-webhook-certgen:v20221220-controller-v1.5.1-58-g787ea74b6 --[0m [36merror=[0m[31m[1m"failed to catalog registry.k8s.io/ingress-nginx/kube-webhook-certgen:v20221220-controller-v1.5.1-58-g787ea74b6: errors occurred attempting to resolve 'registry.k8s.io/ingress-nginx/kube-webhook-certgen:v20221220-controller-v1.5.1-58-g787ea74b6':\n  - no such file or directory\n  - docker not available: failed to connect to Docker daemon. Ensure Docker is running and accessible\n  - podman not available: making http client: connection to bastion host=\"127.0.0.1:49782\" failed: dial tcp 127.0.0.1:49782: connect: connection refused\n  - containerd not available: no grpc connection or services is available: unavailable\n  - failed to get image descriptor from registry: error getting credentials - err: exec: \"docker-credential-desktop\": executable file not found in $PATH, out: ``"[0m[0m
[90m3:12PM[0m [33mWRN[0m [1mScan failed for img ghcr.io/open-webui/open-webui:latest --[0m [36merror=[0m[31m[1m"failed to catalog ghcr.io/open-webui/open-webui:latest: errors occurred attempting to resolve 'ghcr.io/open-webui/open-webui:latest':\n  - no such file or directory\n  - docker not available: failed to connect to Docker daemon. Ensure Docker is running and accessible\n  - podman not available: making http client: connection to bastion host=\"127.0.0.1:49782\" failed: dial tcp 127.0.0.1:49782: connect: connection refused\n  - containerd not available: no grpc connection or services is available: unavailable\n  - failed to get image descriptor from registry: error getting credentials - err: exec: \"docker-credential-desktop\": executable file not found in $PATH, out: ``"[0m[0m
[90m3:12PM[0m [33mWRN[0m [1mScan failed for img seafileltd/seafile-mc:8.0.7 --[0m [36merror=[0m[31m[1m"failed to catalog seafileltd/seafile-mc:8.0.7: errors occurred attempting to resolve 'seafileltd/seafile-mc:8.0.7':\n  - no such file or directory\n  - docker not available: failed to connect to Docker daemon. Ensure Docker is running and accessible\n  - podman not available: making http client: connection to bastion host=\"127.0.0.1:49782\" failed: dial tcp 127.0.0.1:49782: connect: connection refused\n  - containerd not available: no grpc connection or services is available: unavailable\n  - failed to get image descriptor from registry: error getting credentials - err: exec: \"docker-credential-desktop\": executable file not found in $PATH, out: ``"[0m[0m
[90m3:12PM[0m [33mWRN[0m [1mScan failed for img quay.io/brancz/kube-rbac-proxy:v0.17.1 --[0m [36merror=[0m[31m[1m"failed to catalog quay.io/brancz/kube-rbac-proxy:v0.17.1: errors occurred attempting to resolve 'quay.io/brancz/kube-rbac-proxy:v0.17.1':\n  - no such file or directory\n  - docker not available: failed to connect to Docker daemon. Ensure Docker is running and accessible\n  - podman not available: making http client: connection to bastion host=\"127.0.0.1:49782\" failed: dial tcp 127.0.0.1:49782: connect: connection refused\n  - containerd not available: no grpc connection or services is available: unavailable\n  - failed to get image descriptor from registry: error getting credentials - err: exec: \"docker-credential-desktop\": executable file not found in $PATH, out: ``"[0m[0m
[90m3:12PM[0m [33mWRN[0m [1mScan failed for img ghcr.io/tailscale/tailscale:latest --[0m [36merror=[0m[31m[1m"failed to catalog ghcr.io/tailscale/tailscale:latest: errors occurred attempting to resolve 'ghcr.io/tailscale/tailscale:latest':\n  - no such file or directory\n  - docker not available: failed to connect to Docker daemon. Ensure Docker is running and accessible\n  - podman not available: making http client: connection to bastion host=\"127.0.0.1:49782\" failed: dial tcp 127.0.0.1:49782: connect: connection refused\n  - containerd not available: no grpc connection or services is available: unavailable\n  - failed to get image descriptor from registry: error getting credentials - err: exec: \"docker-credential-desktop\": executable file not found in $PATH, out: ``"[0m[0m
[90m3:12PM[0m [33mWRN[0m [1mScan failed for img quay.io/backube/volsync:0.10.0 --[0m [36merror=[0m[31m[1m"failed to catalog quay.io/backube/volsync:0.10.0: errors occurred attempting to resolve 'quay.io/backube/volsync:0.10.0':\n  - no such file or directory\n  - docker not available: failed to connect to Docker daemon. Ensure Docker is running and accessible\n  - podman not available: making http client: connection to bastion host=\"127.0.0.1:49782\" failed: dial tcp 127.0.0.1:49782: connect: connection refused\n  - containerd not available: no grpc connection or services is available: unavailable\n  - failed to get image descriptor from registry: error getting credentials - err: exec: \"docker-credential-desktop\": executable file not found in $PATH, out: ``"[0m[0m
[90m3:12PM[0m [33mWRN[0m [1mScan failed for img hjacobs/kube-ops-view:20.4.0 --[0m [36merror=[0m[31m[1m"failed to catalog hjacobs/kube-ops-view:20.4.0: errors occurred attempting to resolve 'hjacobs/kube-ops-view:20.4.0':\n  - no such file or directory\n  - docker not available: failed to connect to Docker daemon. Ensure Docker is running and accessible\n  - podman not available: making http client: connection to bastion host=\"127.0.0.1:49782\" failed: dial tcp 127.0.0.1:49782: connect: connection refused\n  - containerd not available: no grpc connection or services is available: unavailable\n  - failed to get image descriptor from registry: error getting credentials - err: exec: \"docker-credential-desktop\": executable file not found in $PATH, out: ``"[0m[0m
[90m3:12PM[0m [33mWRN[0m [1mScan failed for img linuxserver/freshrss:latest --[0m [36merror=[0m[31m[1m"failed to catalog linuxserver/freshrss:latest: errors occurred attempting to resolve 'linuxserver/freshrss:latest':\n  - no such file or directory\n  - docker not available: failed to connect to Docker daemon. Ensure Docker is running and accessible\n  - podman not available: making http client: connection to bastion host=\"127.0.0.1:49782\" failed: dial tcp 127.0.0.1:49782: connect: connection refused\n  - containerd not available: no grpc connection or services is available: unavailable\n  - failed to get image descriptor from registry: error getting credentials - err: exec: \"docker-credential-desktop\": executable file not found in $PATH, out: ``"[0m[0m
[90m3:12PM[0m [33mWRN[0m [1mScan failed for img lscr.io/linuxserver/plex:latest --[0m [36merror=[0m[31m[1m"failed to catalog lscr.io/linuxserver/plex:latest: errors occurred attempting to resolve 'lscr.io/linuxserver/plex:latest':\n  - no such file or directory\n  - docker not available: failed to connect to Docker daemon. Ensure Docker is running and accessible\n  - podman not available: making http client: connection to bastion host=\"127.0.0.1:49782\" failed: dial tcp 127.0.0.1:49782: connect: connection refused\n  - containerd not available: no grpc connection or services is available: unavailable\n  - failed to get image descriptor from registry: error getting credentials - err: exec: \"docker-credential-desktop\": executable file not found in $PATH, out: ``"[0m[0m
[90m3:13PM[0m [31mERR[0m [1mlogs-stream[0m [36merror=[0m[31m[1m"stream logs failed container \"kindle-weather\" in pod \"kindle-weather-58cd8cb9bb-rhbtd\" is waiting to start: ContainerCreating for kindle-weather/kindle-weather-58cd8cb9bb-rhbtd (kindle-weather)"[0m[0m
[90m3:13PM[0m [31mERR[0m [1mlogs-stream[0m [36merror=[0m[31m[1m"stream logs failed container \"kindle-weather\" in pod \"kindle-weather-58cd8cb9bb-rhbtd\" is waiting to start: ContainerCreating for kindle-weather/kindle-weather-58cd8cb9bb-rhbtd (kindle-weather)"[0m[0m
[90m3:13PM[0m [31mERR[0m [1mlogs-stream[0m [36merror=[0m[31m[1m"stream logs failed container \"kindle-weather\" in pod \"kindle-weather-58cd8cb9bb-rhbtd\" is waiting to start: ContainerCreating for kindle-weather/kindle-weather-58cd8cb9bb-rhbtd (kindle-weather)"[0m[0m
[90m3:13PM[0m [31mERR[0m [1mlogs-stream[0m [36merror=[0m[31m[1m"stream logs failed container \"kindle-weather\" in pod \"kindle-weather-58cd8cb9bb-rhbtd\" is waiting to start: ContainerCreating for kindle-weather/kindle-weather-58cd8cb9bb-rhbtd (kindle-weather)"[0m[0m
[90m3:13PM[0m [31mERR[0m [1mlogs-stream[0m [36merror=[0m[31m[1m"stream logs failed container \"kindle-weather\" in pod \"kindle-weather-58cd8cb9bb-rhbtd\" is waiting to start: ContainerCreating for kindle-weather/kindle-weather-58cd8cb9bb-rhbtd (kindle-weather)"[0m[0m
[90m3:13PM[0m [31mERR[0m [1mlogs-stream[0m [36merror=[0m[31m[1m"stream logs failed container \"kindle-weather\" in pod \"kindle-weather-58cd8cb9bb-rhbtd\" is waiting to start: ContainerCreating for kindle-weather/kindle-weather-58cd8cb9bb-rhbtd (kindle-weather)"[0m[0m
[90m3:13PM[0m [31mERR[0m [1mlogs-stream[0m [36merror=[0m[31m[1m"stream logs failed client rate limiter Wait returned an error: context canceled for kindle-weather/kindle-weather-58cd8cb9bb-rhbtd (kindle-weather)"[0m[0m
[90m3:13PM[0m [31mERR[0m [1mlogs-stream[0m [36merror=[0m[31m[1m"stream logs failed container \"kindle-weather\" in pod \"kindle-weather-58cd8cb9bb-rhbtd\" is waiting to start: ContainerCreating for kindle-weather/kindle-weather-58cd8cb9bb-rhbtd (kindle-weather)"[0m[0m
[90m3:13PM[0m [31mERR[0m [1mlogs-stream[0m [36merror=[0m[31m[1m"stream logs failed container \"kindle-weather\" in pod \"kindle-weather-58cd8cb9bb-rhbtd\" is waiting to start: ContainerCreating for kindle-weather/kindle-weather-58cd8cb9bb-rhbtd (kindle-weather)"[0m[0m
[90m3:13PM[0m [31mERR[0m [1mlogs-stream[0m [36merror=[0m[31m[1m"stream logs failed container \"kindle-weather\" in pod \"kindle-weather-58cd8cb9bb-rhbtd\" is waiting to start: ContainerCreating for kindle-weather/kindle-weather-58cd8cb9bb-rhbtd (kindle-weather)"[0m[0m
[90m3:14PM[0m [31mERR[0m [1mlogs-stream[0m [36merror=[0m[31m[1m"stream logs failed container \"kindle-weather\" in pod \"kindle-weather-58cd8cb9bb-rhbtd\" is waiting to start: ContainerCreating for kindle-weather/kindle-weather-58cd8cb9bb-rhbtd (kindle-weather)"[0m[0m
[90m3:14PM[0m [31mERR[0m [1mlogs-stream[0m [36merror=[0m[31m[1m"stream logs failed container \"kindle-weather\" in pod \"kindle-weather-58cd8cb9bb-rhbtd\" is waiting to start: ContainerCreating for kindle-weather/kindle-weather-58cd8cb9bb-rhbtd (kindle-weather)"[0m[0m
[90m3:14PM[0m [31mERR[0m [1mlogs-stream[0m [36merror=[0m[31m[1m"stream logs failed container \"kindle-weather\" in pod \"kindle-weather-58cd8cb9bb-rhbtd\" is waiting to start: ContainerCreating for kindle-weather/kindle-weather-58cd8cb9bb-rhbtd (kindle-weather)"[0m[0m
[90m3:14PM[0m [31mERR[0m [1mlogs-stream[0m [36merror=[0m[31m[1m"stream logs failed container \"kindle-weather\" in pod \"kindle-weather-58cd8cb9bb-rhbtd\" is waiting to start: ContainerCreating for kindle-weather/kindle-weather-58cd8cb9bb-rhbtd (kindle-weather)"[0m[0m
[90m3:14PM[0m [31mERR[0m [1mlogs-stream[0m [36merror=[0m[31m[1m"stream logs failed container \"kindle-weather\" in pod \"kindle-weather-58cd8cb9bb-rhbtd\" is waiting to start: ContainerCreating for kindle-weather/kindle-weather-58cd8cb9bb-rhbtd (kindle-weather)"[0m[0m
[90m3:14PM[0m [31mERR[0m [1mlogs-stream[0m [36merror=[0m[31m[1m"stream logs failed container \"kindle-weather\" in pod \"kindle-weather-58cd8cb9bb-rhbtd\" is waiting to start: ContainerCreating for kindle-weather/kindle-weather-58cd8cb9bb-rhbtd (kindle-weather)"[0m[0m
[90m3:14PM[0m [31mERR[0m [1mlogs-stream[0m [36merror=[0m[31m[1m"stream logs failed container \"kindle-weather\" in pod \"kindle-weather-58cd8cb9bb-rhbtd\" is waiting to start: ContainerCreating for kindle-weather/kindle-weather-58cd8cb9bb-rhbtd (kindle-weather)"[0m[0m
[90m3:14PM[0m [31mERR[0m [1mlogs-stream[0m [36merror=[0m[31m[1m"stream logs failed container \"kindle-weather\" in pod \"kindle-weather-58cd8cb9bb-rhbtd\" is waiting to start: ContainerCreating for kindle-weather/kindle-weather-58cd8cb9bb-rhbtd (kindle-weather)"[0m[0m
[90m3:14PM[0m [31mERR[0m [1mlogs-stream[0m [36merror=[0m[31m[1m"stream logs failed container \"kindle-weather\" in pod \"kindle-weather-58cd8cb9bb-rhbtd\" is waiting to start: ContainerCreating for kindle-weather/kindle-weather-58cd8cb9bb-rhbtd (kindle-weather)"[0m[0m
[90m3:14PM[0m [31mERR[0m [1mlogs-stream[0m [36merror=[0m[31m[1m"stream logs failed container \"kindle-weather\" in pod \"kindle-weather-58cd8cb9bb-rhbtd\" is waiting to start: ContainerCreating for kindle-weather/kindle-weather-58cd8cb9bb-rhbtd (kindle-weather)"[0m[0m
[90m3:14PM[0m [31mERR[0m [1mlogs-stream[0m [36merror=[0m[31m[1m"stream logs failed container \"kindle-weather\" in pod \"kindle-weather-58cd8cb9bb-rhbtd\" is waiting to start: ContainerCreating for kindle-weather/kindle-weather-58cd8cb9bb-rhbtd (kindle-weather)"[0m[0m
[90m3:14PM[0m [31mERR[0m [1mlogs-stream[0m [36merror=[0m[31m[1m"stream logs failed container \"kindle-weather\" in pod \"kindle-weather-58cd8cb9bb-rhbtd\" is waiting to start: ContainerCreating for kindle-weather/kindle-weather-58cd8cb9bb-rhbtd (kindle-weather)"[0m[0m
[90m3:14PM[0m [31mERR[0m [1mlogs-stream[0m [36merror=[0m[31m[1m"stream logs failed container \"kindle-weather\" in pod \"kindle-weather-58cd8cb9bb-rhbtd\" is waiting to start: ContainerCreating for kindle-weather/kindle-weather-58cd8cb9bb-rhbtd (kindle-weather)"[0m[0m
[90m3:14PM[0m [31mERR[0m [1mlogs-stream[0m [36merror=[0m[31m[1m"stream logs failed container \"kindle-weather\" in pod \"kindle-weather-58cd8cb9bb-rhbtd\" is waiting to start: ContainerCreating for kindle-weather/kindle-weather-58cd8cb9bb-rhbtd (kindle-weather)"[0m[0m
[90m3:14PM[0m [31mERR[0m [1mlogs-stream[0m [36merror=[0m[31m[1m"stream logs failed container \"kindle-weather\" in pod \"kindle-weather-58cd8cb9bb-rhbtd\" is waiting to start: ContainerCreating for kindle-weather/kindle-weather-58cd8cb9bb-rhbtd (kindle-weather)"[0m[0m
[90m3:14PM[0m [31mERR[0m [1mlogs-stream[0m [36merror=[0m[31m[1m"stream logs failed container \"kindle-weather\" in pod \"kindle-weather-58cd8cb9bb-rhbtd\" is waiting to start: ContainerCreating for kindle-weather/kindle-weather-58cd8cb9bb-rhbtd (kindle-weather)"[0m[0m
[90m3:14PM[0m [31mERR[0m [1mlogs-stream[0m [36merror=[0m[31m[1m"stream logs failed client rate limiter Wait returned an error: context canceled for kindle-weather/kindle-weather-58cd8cb9bb-rhbtd (kindle-weather)"[0m[0m
[90m3:15PM[0m [33mWRN[0m [1mlog-reader canceled[0m [36merror=[0m[31m[1m"Stream canceled context canceled for argocd/argocd-application-controller-0 (application-controller)"[0m[0m
[90m3:15PM[0m [33mWRN[0m [1mScan failed for img docker.io/grafana/grafana:11.3.0 --[0m [36merror=[0m[31m[1m"failed to catalog docker.io/grafana/grafana:11.3.0: errors occurred attempting to resolve 'docker.io/grafana/grafana:11.3.0':\n  - no such file or directory\n  - docker not available: failed to connect to Docker daemon. Ensure Docker is running and accessible\n  - podman not available: making http client: connection to bastion host=\"127.0.0.1:49782\" failed: dial tcp 127.0.0.1:49782: connect: connection refused\n  - containerd not available: no grpc connection or services is available: unavailable\n  - failed to get image descriptor from registry: error getting credentials - err: exec: \"docker-credential-desktop\": executable file not found in $PATH, out: ``"[0m[0m
[90m3:15PM[0m [33mWRN[0m [1mScan failed for img quay.io/prometheus-operator/prometheus-config-reloader:v0.77.2 --[0m [36merror=[0m[31m[1m"failed to catalog quay.io/prometheus-operator/prometheus-config-reloader:v0.77.2: errors occurred attempting to resolve 'quay.io/prometheus-operator/prometheus-config-reloader:v0.77.2':\n  - no such file or directory\n  - docker not available: failed to connect to Docker daemon. Ensure Docker is running and accessible\n  - podman not available: making http client: connection to bastion host=\"127.0.0.1:49782\" failed: dial tcp 127.0.0.1:49782: connect: connection refused\n  - containerd not available: no grpc connection or services is available: unavailable\n  - failed to get image descriptor from registry: error getting credentials - err: exec: \"docker-credential-desktop\": executable file not found in $PATH, out: ``"[0m[0m
[90m3:15PM[0m [33mWRN[0m [1mScan failed for img quay.io/kiwigrid/k8s-sidecar:1.28.0 --[0m [36merror=[0m[31m[1m"failed to catalog quay.io/kiwigrid/k8s-sidecar:1.28.0: errors occurred attempting to resolve 'quay.io/kiwigrid/k8s-sidecar:1.28.0':\n  - no such file or directory\n  - docker not available: failed to connect to Docker daemon. Ensure Docker is running and accessible\n  - podman not available: making http client: connection to bastion host=\"127.0.0.1:49782\" failed: dial tcp 127.0.0.1:49782: connect: connection refused\n  - containerd not available: no grpc connection or services is available: unavailable\n  - failed to get image descriptor from registry: error getting credentials - err: exec: \"docker-credential-desktop\": executable file not found in $PATH, out: ``"[0m[0m
[90m3:15PM[0m [33mWRN[0m [1mScan failed for img quay.io/prometheus/node-exporter:v1.8.2 --[0m [36merror=[0m[31m[1m"failed to catalog quay.io/prometheus/node-exporter:v1.8.2: errors occurred attempting to resolve 'quay.io/prometheus/node-exporter:v1.8.2':\n  - no such file or directory\n  - docker not available: failed to connect to Docker daemon. Ensure Docker is running and accessible\n  - podman not available: making http client: connection to bastion host=\"127.0.0.1:49782\" failed: dial tcp 127.0.0.1:49782: connect: connection refused\n  - containerd not available: no grpc connection or services is available: unavailable\n  - failed to get image descriptor from registry: error getting credentials - err: exec: \"docker-credential-desktop\": executable file not found in $PATH, out: ``"[0m[0m
[90m3:15PM[0m [33mWRN[0m [1mScan failed for img quay.io/prometheus-operator/prometheus-operator:v0.77.2 --[0m [36merror=[0m[31m[1m"failed to catalog quay.io/prometheus-operator/prometheus-operator:v0.77.2: errors occurred attempting to resolve 'quay.io/prometheus-operator/prometheus-operator:v0.77.2':\n  - no such file or directory\n  - docker not available: failed to connect to Docker daemon. Ensure Docker is running and accessible\n  - podman not available: making http client: connection to bastion host=\"127.0.0.1:49782\" failed: dial tcp 127.0.0.1:49782: connect: connection refused\n  - containerd not available: no grpc connection or services is available: unavailable\n  - failed to get image descriptor from registry: error getting credentials - err: exec: \"docker-credential-desktop\": executable file not found in $PATH, out: ``"[0m[0m
[90m3:15PM[0m [33mWRN[0m [1mScan failed for img quay.io/kiwigrid/k8s-sidecar:1.28.0 --[0m [36merror=[0m[31m[1m"failed to catalog quay.io/kiwigrid/k8s-sidecar:1.28.0: errors occurred attempting to resolve 'quay.io/kiwigrid/k8s-sidecar:1.28.0':\n  - no such file or directory\n  - docker not available: failed to connect to Docker daemon. Ensure Docker is running and accessible\n  - podman not available: making http client: connection to bastion host=\"127.0.0.1:49782\" failed: dial tcp 127.0.0.1:49782: connect: connection refused\n  - containerd not available: no grpc connection or services is available: unavailable\n  - failed to get image descriptor from registry: error getting credentials - err: exec: \"docker-credential-desktop\": executable file not found in $PATH, out: ``"[0m[0m
[90m3:15PM[0m [33mWRN[0m [1mScan failed for img quay.io/prometheus/alertmanager:v0.27.0 --[0m [36merror=[0m[31m[1m"failed to catalog quay.io/prometheus/alertmanager:v0.27.0: errors occurred attempting to resolve 'quay.io/prometheus/alertmanager:v0.27.0':\n  - no such file or directory\n  - docker not available: failed to connect to Docker daemon. Ensure Docker is running and accessible\n  - podman not available: making http client: connection to bastion host=\"127.0.0.1:49782\" failed: dial tcp 127.0.0.1:49782: connect: connection refused\n  - containerd not available: no grpc connection or services is available: unavailable\n  - failed to get image descriptor from registry: error getting credentials - err: exec: \"docker-credential-desktop\": executable file not found in $PATH, out: ``"[0m[0m
[90m3:15PM[0m [33mWRN[0m [1mScan failed for img docker.io/rook/ceph:v1.15.4 --[0m [36merror=[0m[31m[1m"failed to catalog docker.io/rook/ceph:v1.15.4: errors occurred attempting to resolve 'docker.io/rook/ceph:v1.15.4':\n  - no such file or directory\n  - docker not available: failed to connect to Docker daemon. Ensure Docker is running and accessible\n  - podman not available: making http client: connection to bastion host=\"127.0.0.1:49782\" failed: dial tcp 127.0.0.1:49782: connect: connection refused\n  - containerd not available: no grpc connection or services is available: unavailable\n  - failed to get image descriptor from registry: error getting credentials - err: exec: \"docker-credential-desktop\": executable file not found in $PATH, out: ``"[0m[0m
[90m3:15PM[0m [33mWRN[0m [1mScan failed for img docker.io/grafana/promtail:2.9.3 --[0m [36merror=[0m[31m[1m"failed to catalog docker.io/grafana/promtail:2.9.3: errors occurred attempting to resolve 'docker.io/grafana/promtail:2.9.3':\n  - no such file or directory\n  - docker not available: failed to connect to Docker daemon. Ensure Docker is running and accessible\n  - podman not available: making http client: connection to bastion host=\"127.0.0.1:49782\" failed: dial tcp 127.0.0.1:49782: connect: connection refused\n  - containerd not available: no grpc connection or services is available: unavailable\n  - failed to get image descriptor from registry: error getting credentials - err: exec: \"docker-credential-desktop\": executable file not found in $PATH, out: ``"[0m[0m
[90m3:15PM[0m [33mWRN[0m [1mScan failed for img quay.io/jetstack/cert-manager-cainjector:v1.16.1 --[0m [36merror=[0m[31m[1m"failed to catalog quay.io/jetstack/cert-manager-cainjector:v1.16.1: errors occurred attempting to resolve 'quay.io/jetstack/cert-manager-cainjector:v1.16.1':\n  - no such file or directory\n  - docker not available: failed to connect to Docker daemon. Ensure Docker is running and accessible\n  - podman not available: making http client: connection to bastion host=\"127.0.0.1:49782\" failed: dial tcp 127.0.0.1:49782: connect: connection refused\n  - containerd not available: no grpc connection or services is available: unavailable\n  - failed to get image descriptor from registry: error getting credentials - err: exec: \"docker-credential-desktop\": executable file not found in $PATH, out: ``"[0m[0m
[90m3:15PM[0m [33mWRN[0m [1mScan failed for img linuxserver/librespeed:version-5.2.4 --[0m [36merror=[0m[31m[1m"failed to catalog linuxserver/librespeed:version-5.2.4: errors occurred attempting to resolve 'linuxserver/librespeed:version-5.2.4':\n  - no such file or directory\n  - docker not available: failed to connect to Docker daemon. Ensure Docker is running and accessible\n  - podman not available: making http client: connection to bastion host=\"127.0.0.1:49782\" failed: dial tcp 127.0.0.1:49782: connect: connection refused\n  - containerd not available: no grpc connection or services is available: unavailable\n  - failed to get image descriptor from registry: error getting credentials - err: exec: \"docker-credential-desktop\": executable file not found in $PATH, out: ``"[0m[0m
[90m3:15PM[0m [33mWRN[0m [1mScan failed for img louislam/uptime-kuma:1.17.1 --[0m [36merror=[0m[31m[1m"failed to catalog louislam/uptime-kuma:1.17.1: errors occurred attempting to resolve 'louislam/uptime-kuma:1.17.1':\n  - no such file or directory\n  - docker not available: failed to connect to Docker daemon. Ensure Docker is running and accessible\n  - podman not available: making http client: connection to bastion host=\"127.0.0.1:49782\" failed: dial tcp 127.0.0.1:49782: connect: connection refused\n  - containerd not available: no grpc connection or services is available: unavailable\n  - failed to get image descriptor from registry: error getting credentials - err: exec: \"docker-credential-desktop\": executable file not found in $PATH, out: ``"[0m[0m
[90m3:15PM[0m [33mWRN[0m [1mScan failed for img registry.k8s.io/kube-state-metrics/kube-state-metrics:v2.13.0 --[0m [36merror=[0m[31m[1m"failed to catalog registry.k8s.io/kube-state-metrics/kube-state-metrics:v2.13.0: errors occurred attempting to resolve 'registry.k8s.io/kube-state-metrics/kube-state-metrics:v2.13.0':\n  - no such file or directory\n  - docker not available: failed to connect to Docker daemon. Ensure Docker is running and accessible\n  - podman not available: making http client: connection to bastion host=\"127.0.0.1:49782\" failed: dial tcp 127.0.0.1:49782: connect: connection refused\n  - containerd not available: no grpc connection or services is available: unavailable\n  - failed to get image descriptor from registry: error getting credentials - err: exec: \"docker-credential-desktop\": executable file not found in $PATH, out: ``"[0m[0m
[90m3:15PM[0m [33mWRN[0m [1mScan failed for img quay.io/jetstack/cert-manager-webhook:v1.16.1 --[0m [36merror=[0m[31m[1m"failed to catalog quay.io/jetstack/cert-manager-webhook:v1.16.1: errors occurred attempting to resolve 'quay.io/jetstack/cert-manager-webhook:v1.16.1':\n  - no such file or directory\n  - docker not available: failed to connect to Docker daemon. Ensure Docker is running and accessible\n  - podman not available: making http client: connection to bastion host=\"127.0.0.1:49782\" failed: dial tcp 127.0.0.1:49782: connect: connection refused\n  - containerd not available: no grpc connection or services is available: unavailable\n  - failed to get image descriptor from registry: error getting credentials - err: exec: \"docker-credential-desktop\": executable file not found in $PATH, out: ``"[0m[0m
[90m3:15PM[0m [33mWRN[0m [1mScan failed for img registry.k8s.io/sig-storage/snapshot-controller:v8.1.0 --[0m [36merror=[0m[31m[1m"failed to catalog registry.k8s.io/sig-storage/snapshot-controller:v8.1.0: errors occurred attempting to resolve 'registry.k8s.io/sig-storage/snapshot-controller:v8.1.0':\n  - no such file or directory\n  - docker not available: failed to connect to Docker daemon. Ensure Docker is running and accessible\n  - podman not available: making http client: connection to bastion host=\"127.0.0.1:49782\" failed: dial tcp 127.0.0.1:49782: connect: connection refused\n  - containerd not available: no grpc connection or services is available: unavailable\n  - failed to get image descriptor from registry: error getting credentials - err: exec: \"docker-credential-desktop\": executable file not found in $PATH, out: ``"[0m[0m
[90m3:15PM[0m [33mWRN[0m [1mScan failed for img ghcr.io/tarampampam/error-pages:3.3.0 --[0m [36merror=[0m[31m[1m"failed to catalog ghcr.io/tarampampam/error-pages:3.3.0: errors occurred attempting to resolve 'ghcr.io/tarampampam/error-pages:3.3.0':\n  - no such file or directory\n  - docker not available: failed to connect to Docker daemon. Ensure Docker is running and accessible\n  - podman not available: making http client: connection to bastion host=\"127.0.0.1:49782\" failed: dial tcp 127.0.0.1:49782: connect: connection refused\n  - containerd not available: no grpc connection or services is available: unavailable\n  - failed to get image descriptor from registry: error getting credentials - err: exec: \"docker-credential-desktop\": executable file not found in $PATH, out: ``"[0m[0m
[90m3:15PM[0m [33mWRN[0m [1mScan failed for img quay.io/jetstack/cert-manager-controller:v1.16.1 --[0m [36merror=[0m[31m[1m"failed to catalog quay.io/jetstack/cert-manager-controller:v1.16.1: errors occurred attempting to resolve 'quay.io/jetstack/cert-manager-controller:v1.16.1':\n  - no such file or directory\n  - docker not available: failed to connect to Docker daemon. Ensure Docker is running and accessible\n  - podman not available: making http client: connection to bastion host=\"127.0.0.1:49782\" failed: dial tcp 127.0.0.1:49782: connect: connection refused\n  - containerd not available: no grpc connection or services is available: unavailable\n  - failed to get image descriptor from registry: error getting credentials - err: exec: \"docker-credential-desktop\": executable file not found in $PATH, out: ``"[0m[0m
[90m3:15PM[0m [33mWRN[0m [1mScan failed for img registry.k8s.io/ingress-nginx/controller:v1.11.3@sha256:d56f135b6462cfc476447cfe564b83a45e8bb7da2774963b00d12161112270b7 --[0m [36merror=[0m[31m[1m"failed to catalog registry.k8s.io/ingress-nginx/controller:v1.11.3@sha256:d56f135b6462cfc476447cfe564b83a45e8bb7da2774963b00d12161112270b7: errors occurred attempting to resolve 'registry.k8s.io/ingress-nginx/controller:v1.11.3@sha256:d56f135b6462cfc476447cfe564b83a45e8bb7da2774963b00d12161112270b7':\n  - no such file or directory\n  - docker not available: failed to connect to Docker daemon. Ensure Docker is running and accessible\n  - podman not available: making http client: connection to bastion host=\"127.0.0.1:49782\" failed: dial tcp 127.0.0.1:49782: connect: connection refused\n  - containerd not available: no grpc connection or services is available: unavailable\n  - failed to get image descriptor from registry: error getting credentials - err: exec: \"docker-credential-desktop\": executable file not found in $PATH, out: ``"[0m[0m
[90m3:15PM[0m [33mWRN[0m [1mScan failed for img grafana/loki:2.6.1 --[0m [36merror=[0m[31m[1m"failed to catalog grafana/loki:2.6.1: errors occurred attempting to resolve 'grafana/loki:2.6.1':\n  - no such file or directory\n  - docker not available: failed to connect to Docker daemon. Ensure Docker is running and accessible\n  - podman not available: making http client: connection to bastion host=\"127.0.0.1:49782\" failed: dial tcp 127.0.0.1:49782: connect: connection refused\n  - containerd not available: no grpc connection or services is available: unavailable\n  - failed to get image descriptor from registry: error getting credentials - err: exec: \"docker-credential-desktop\": executable file not found in $PATH, out: ``"[0m[0m
[90m3:15PM[0m [33mWRN[0m [1mScan failed for img ghcr.io/dexidp/dex:v2.41.1 --[0m [36merror=[0m[31m[1m"failed to catalog ghcr.io/dexidp/dex:v2.41.1: errors occurred attempting to resolve 'ghcr.io/dexidp/dex:v2.41.1':\n  - no such file or directory\n  - docker not available: failed to connect to Docker daemon. Ensure Docker is running and accessible\n  - podman not available: making http client: connection to bastion host=\"127.0.0.1:49782\" failed: dial tcp 127.0.0.1:49782: connect: connection refused\n  - containerd not available: no grpc connection or services is available: unavailable\n  - failed to get image descriptor from registry: error getting credentials - err: exec: \"docker-credential-desktop\": executable file not found in $PATH, out: ``"[0m[0m
[90m3:15PM[0m [33mWRN[0m [1mScan failed for img registry.k8s.io/sig-storage/snapshot-validation-webhook:v8.1.0 --[0m [36merror=[0m[31m[1m"failed to catalog registry.k8s.io/sig-storage/snapshot-validation-webhook:v8.1.0: errors occurred attempting to resolve 'registry.k8s.io/sig-storage/snapshot-validation-webhook:v8.1.0':\n  - no such file or directory\n  - docker not available: failed to connect to Docker daemon. Ensure Docker is running and accessible\n  - podman not available: making http client: connection to bastion host=\"127.0.0.1:49782\" failed: dial tcp 127.0.0.1:49782: connect: connection refused\n  - containerd not available: no grpc connection or services is available: unavailable\n  - failed to get image descriptor from registry: error getting credentials - err: exec: \"docker-credential-desktop\": executable file not found in $PATH, out: ``"[0m[0m
[90m3:15PM[0m [33mWRN[0m [1mScan failed for img quay.io/prometheus/prometheus:v2.55.0 --[0m [36merror=[0m[31m[1m"failed to catalog quay.io/prometheus/prometheus:v2.55.0: errors occurred attempting to resolve 'quay.io/prometheus/prometheus:v2.55.0':\n  - no such file or directory\n  - docker not available: failed to connect to Docker daemon. Ensure Docker is running and accessible\n  - podman not available: making http client: connection to bastion host=\"127.0.0.1:49782\" failed: dial tcp 127.0.0.1:49782: connect: connection refused\n  - containerd not available: no grpc connection or services is available: unavailable\n  - failed to get image descriptor from registry: error getting credentials - err: exec: \"docker-credential-desktop\": executable file not found in $PATH, out: ``"[0m[0m
[90m3:15PM[0m [33mWRN[0m [1mlog-reader EOF[0m [36merror=[0m[31m[1m"Stream closed EOF for hajimari/hajimari-7d785d568d-7hwnv (hajimari)"[0m[0m
[90m3:15PM[0m [33mWRN[0m [1mScan failed for img quay.io/cephcsi/cephcsi:v3.12.2 --[0m [36merror=[0m[31m[1m"failed to catalog quay.io/cephcsi/cephcsi:v3.12.2: errors occurred attempting to resolve 'quay.io/cephcsi/cephcsi:v3.12.2':\n  - no such file or directory\n  - docker not available: failed to connect to Docker daemon. Ensure Docker is running and accessible\n  - podman not available: making http client: connection to bastion host=\"127.0.0.1:49782\" failed: dial tcp 127.0.0.1:49782: connect: connection refused\n  - containerd not available: no grpc connection or services is available: unavailable\n  - failed to get image descriptor from registry: error getting credentials - err: exec: \"docker-credential-desktop\": executable file not found in $PATH, out: ``"[0m[0m
[90m3:32PM[0m [32mINF[0m [1m🐶 K9s starting up...[0m
[90m3:32PM[0m [32mINF[0m [1m✅ Kubernetes connectivity[0m
[90m3:32PM[0m [33mWRN[0m [1mScan failed for img quay.io/cephcsi/cephcsi:v3.12.2 --[0m [36merror=[0m[31m[1m"failed to catalog quay.io/cephcsi/cephcsi:v3.12.2: errors occurred attempting to resolve 'quay.io/cephcsi/cephcsi:v3.12.2':\n  - no such file or directory\n  - docker not available: failed to connect to Docker daemon. Ensure Docker is running and accessible\n  - podman not available: making http client: connection to bastion host=\"127.0.0.1:49782\" failed: dial tcp 127.0.0.1:49782: connect: connection refused\n  - containerd not available: no grpc connection or services is available: unavailable\n  - failed to get image descriptor from registry: error getting credentials - err: exec: \"docker-credential-desktop\": executable file not found in $PATH, out: ``"[0m[0m
[90m3:32PM[0m [33mWRN[0m [1mScan failed for img registry.k8s.io/sig-storage/csi-node-driver-registrar:v2.11.1 --[0m [36merror=[0m[31m[1m"failed to catalog registry.k8s.io/sig-storage/csi-node-driver-registrar:v2.11.1: errors occurred attempting to resolve 'registry.k8s.io/sig-storage/csi-node-driver-registrar:v2.11.1':\n  - no such file or directory\n  - docker not available: failed to connect to Docker daemon. Ensure Docker is running and accessible\n  - podman not available: making http client: connection to bastion host=\"127.0.0.1:49782\" failed: dial tcp 127.0.0.1:49782: connect: connection refused\n  - containerd not available: no grpc connection or services is available: unavailable\n  - failed to get image descriptor from registry: error getting credentials - err: exec: \"docker-credential-desktop\": executable file not found in $PATH, out: ``"[0m[0m
[90m3:32PM[0m [33mWRN[0m [1mScan failed for img quay.io/argoproj/argocd:v2.13.0 --[0m [36merror=[0m[31m[1m"failed to catalog quay.io/argoproj/argocd:v2.13.0: errors occurred attempting to resolve 'quay.io/argoproj/argocd:v2.13.0':\n  - no such file or directory\n  - docker not available: failed to connect to Docker daemon. Ensure Docker is running and accessible\n  - podman not available: making http client: connection to bastion host=\"127.0.0.1:49782\" failed: dial tcp 127.0.0.1:49782: connect: connection refused\n  - containerd not available: no grpc connection or services is available: unavailable\n  - failed to get image descriptor from registry: error getting credentials - err: exec: \"docker-credential-desktop\": executable file not found in $PATH, out: ``"[0m[0m
[90m3:32PM[0m [33mWRN[0m [1mScan failed for img registry.k8s.io/external-dns/external-dns:v0.15.0 --[0m [36merror=[0m[31m[1m"failed to catalog registry.k8s.io/external-dns/external-dns:v0.15.0: errors occurred attempting to resolve 'registry.k8s.io/external-dns/external-dns:v0.15.0':\n  - no such file or directory\n  - docker not available: failed to connect to Docker daemon. Ensure Docker is running and accessible\n  - podman not available: making http client: connection to bastion host=\"127.0.0.1:49782\" failed: dial tcp 127.0.0.1:49782: connect: connection refused\n  - containerd not available: no grpc connection or services is available: unavailable\n  - failed to get image descriptor from registry: error getting credentials - err: exec: \"docker-credential-desktop\": executable file not found in $PATH, out: ``"[0m[0m
[90m3:32PM[0m [33mWRN[0m [1mScan failed for img quay.io/jetstack/cert-manager-controller:v1.16.1 --[0m [36merror=[0m[31m[1m"failed to catalog quay.io/jetstack/cert-manager-controller:v1.16.1: errors occurred attempting to resolve 'quay.io/jetstack/cert-manager-controller:v1.16.1':\n  - no such file or directory\n  - docker not available: failed to connect to Docker daemon. Ensure Docker is running and accessible\n  - podman not available: making http client: connection to bastion host=\"127.0.0.1:49782\" failed: dial tcp 127.0.0.1:49782: connect: connection refused\n  - containerd not available: no grpc connection or services is available: unavailable\n  - failed to get image descriptor from registry: error getting credentials - err: exec: \"docker-credential-desktop\": executable file not found in $PATH, out: ``"[0m[0m
[90m3:32PM[0m [33mWRN[0m [1mScan failed for img oci.external-secrets.io/external-secrets/external-secrets:v0.10.5 --[0m [36merror=[0m[31m[1m"failed to catalog oci.external-secrets.io/external-secrets/external-secrets:v0.10.5: errors occurred attempting to resolve 'oci.external-secrets.io/external-secrets/external-secrets:v0.10.5':\n  - no such file or directory\n  - docker not available: failed to connect to Docker daemon. Ensure Docker is running and accessible\n  - podman not available: making http client: connection to bastion host=\"127.0.0.1:49782\" failed: dial tcp 127.0.0.1:49782: connect: connection refused\n  - containerd not available: no grpc connection or services is available: unavailable\n  - failed to get image descriptor from registry: error getting credentials - err: exec: \"docker-credential-desktop\": executable file not found in $PATH, out: ``"[0m[0m
[90m3:32PM[0m [33mWRN[0m [1mScan failed for img registry.k8s.io/kube-state-metrics/kube-state-metrics:v2.13.0 --[0m [36merror=[0m[31m[1m"failed to catalog registry.k8s.io/kube-state-metrics/kube-state-metrics:v2.13.0: errors occurred attempting to resolve 'registry.k8s.io/kube-state-metrics/kube-state-metrics:v2.13.0':\n  - no such file or directory\n  - docker not available: failed to connect to Docker daemon. Ensure Docker is running and accessible\n  - podman not available: making http client: connection to bastion host=\"127.0.0.1:49782\" failed: dial tcp 127.0.0.1:49782: connect: connection refused\n  - containerd not available: no grpc connection or services is available: unavailable\n  - failed to get image descriptor from registry: error getting credentials - err: exec: \"docker-credential-desktop\": executable file not found in $PATH, out: ``"[0m[0m
[90m3:32PM[0m [33mWRN[0m [1mScan failed for img ghcr.io/toboshii/hajimari:v0.3.1 --[0m [36merror=[0m[31m[1m"failed to catalog ghcr.io/toboshii/hajimari:v0.3.1: errors occurred attempting to resolve 'ghcr.io/toboshii/hajimari:v0.3.1':\n  - no such file or directory\n  - docker not available: failed to connect to Docker daemon. Ensure Docker is running and accessible\n  - podman not available: making http client: connection to bastion host=\"127.0.0.1:49782\" failed: dial tcp 127.0.0.1:49782: connect: connection refused\n  - containerd not available: no grpc connection or services is available: unavailable\n  - failed to get image descriptor from registry: error getting credentials - err: exec: \"docker-credential-desktop\": executable file not found in $PATH, out: ``"[0m[0m
[90m3:32PM[0m [33mWRN[0m [1mScan failed for img quay.io/prometheus/node-exporter:v1.8.2 --[0m [36merror=[0m[31m[1m"failed to catalog quay.io/prometheus/node-exporter:v1.8.2: errors occurred attempting to resolve 'quay.io/prometheus/node-exporter:v1.8.2':\n  - no such file or directory\n  - docker not available: failed to connect to Docker daemon. Ensure Docker is running and accessible\n  - podman not available: making http client: connection to bastion host=\"127.0.0.1:49782\" failed: dial tcp 127.0.0.1:49782: connect: connection refused\n  - containerd not available: no grpc connection or services is available: unavailable\n  - failed to get image descriptor from registry: error getting credentials - err: exec: \"docker-credential-desktop\": executable file not found in $PATH, out: ``"[0m[0m
[90m3:32PM[0m [33mWRN[0m [1mScan failed for img ghcr.io/kube-vip/kube-vip:v0.6.4 --[0m [36merror=[0m[31m[1m"failed to catalog ghcr.io/kube-vip/kube-vip:v0.6.4: errors occurred attempting to resolve 'ghcr.io/kube-vip/kube-vip:v0.6.4':\n  - no such file or directory\n  - docker not available: failed to connect to Docker daemon. Ensure Docker is running and accessible\n  - podman not available: making http client: connection to bastion host=\"127.0.0.1:49782\" failed: dial tcp 127.0.0.1:49782: connect: connection refused\n  - containerd not available: no grpc connection or services is available: unavailable\n  - failed to get image descriptor from registry: error getting credentials - err: exec: \"docker-credential-desktop\": executable file not found in $PATH, out: ``"[0m[0m
[90m3:32PM[0m [33mWRN[0m [1mScan failed for img nginx:1.27 --[0m [36merror=[0m[31m[1m"failed to catalog nginx:1.27: errors occurred attempting to resolve 'nginx:1.27':\n  - no such file or directory\n  - docker not available: failed to connect to Docker daemon. Ensure Docker is running and accessible\n  - podman not available: making http client: connection to bastion host=\"127.0.0.1:49782\" failed: dial tcp 127.0.0.1:49782: connect: connection refused\n  - containerd not available: no grpc connection or services is available: unavailable\n  - failed to get image descriptor from registry: error getting credentials - err: exec: \"docker-credential-desktop\": executable file not found in $PATH, out: ``"[0m[0m
[90m3:32PM[0m [33mWRN[0m [1mScan failed for img quay.io/jetstack/cert-manager-webhook:v1.16.1 --[0m [36merror=[0m[31m[1m"failed to catalog quay.io/jetstack/cert-manager-webhook:v1.16.1: errors occurred attempting to resolve 'quay.io/jetstack/cert-manager-webhook:v1.16.1':\n  - no such file or directory\n  - docker not available: failed to connect to Docker daemon. Ensure Docker is running and accessible\n  - podman not available: making http client: connection to bastion host=\"127.0.0.1:49782\" failed: dial tcp 127.0.0.1:49782: connect: connection refused\n  - containerd not available: no grpc connection or services is available: unavailable\n  - failed to get image descriptor from registry: error getting credentials - err: exec: \"docker-credential-desktop\": executable file not found in $PATH, out: ``"[0m[0m
[90m3:32PM[0m [33mWRN[0m [1mScan failed for img public.ecr.aws/docker/library/redis:7.2.4-alpine --[0m [36merror=[0m[31m[1m"failed to catalog public.ecr.aws/docker/library/redis:7.2.4-alpine: errors occurred attempting to resolve 'public.ecr.aws/docker/library/redis:7.2.4-alpine':\n  - no such file or directory\n  - docker not available: failed to connect to Docker daemon. Ensure Docker is running and accessible\n  - podman not available: making http client: connection to bastion host=\"127.0.0.1:49782\" failed: dial tcp 127.0.0.1:49782: connect: connection refused\n  - containerd not available: no grpc connection or services is available: unavailable\n  - failed to get image descriptor from registry: error getting credentials - err: exec: \"docker-credential-desktop\": executable file not found in $PATH, out: ``"[0m[0m
[90m3:32PM[0m [33mWRN[0m [1mScan failed for img registry.k8s.io/ingress-nginx/controller:v1.11.3@sha256:d56f135b6462cfc476447cfe564b83a45e8bb7da2774963b00d12161112270b7 --[0m [36merror=[0m[31m[1m"failed to catalog registry.k8s.io/ingress-nginx/controller:v1.11.3@sha256:d56f135b6462cfc476447cfe564b83a45e8bb7da2774963b00d12161112270b7: errors occurred attempting to resolve 'registry.k8s.io/ingress-nginx/controller:v1.11.3@sha256:d56f135b6462cfc476447cfe564b83a45e8bb7da2774963b00d12161112270b7':\n  - no such file or directory\n  - docker not available: failed to connect to Docker daemon. Ensure Docker is running and accessible\n  - podman not available: making http client: connection to bastion host=\"127.0.0.1:49782\" failed: dial tcp 127.0.0.1:49782: connect: connection refused\n  - containerd not available: no grpc connection or services is available: unavailable\n  - failed to get image descriptor from registry: error getting credentials - err: exec: \"docker-credential-desktop\": executable file not found in $PATH, out: ``"[0m[0m
[90m3:32PM[0m [33mWRN[0m [1mScan failed for img ghcr.io/open-webui/open-webui:latest --[0m [36merror=[0m[31m[1m"failed to catalog ghcr.io/open-webui/open-webui:latest: errors occurred attempting to resolve 'ghcr.io/open-webui/open-webui:latest':\n  - no such file or directory\n  - docker not available: failed to connect to Docker daemon. Ensure Docker is running and accessible\n  - podman not available: making http client: connection to bastion host=\"127.0.0.1:49782\" failed: dial tcp 127.0.0.1:49782: connect: connection refused\n  - containerd not available: no grpc connection or services is available: unavailable\n  - failed to get image descriptor from registry: error getting credentials - err: exec: \"docker-credential-desktop\": executable file not found in $PATH, out: ``"[0m[0m
[90m3:32PM[0m [33mWRN[0m [1mScan failed for img ghcr.io/dexidp/dex:v2.41.1 --[0m [36merror=[0m[31m[1m"failed to catalog ghcr.io/dexidp/dex:v2.41.1: errors occurred attempting to resolve 'ghcr.io/dexidp/dex:v2.41.1':\n  - no such file or directory\n  - docker not available: failed to connect to Docker daemon. Ensure Docker is running and accessible\n  - podman not available: making http client: connection to bastion host=\"127.0.0.1:49782\" failed: dial tcp 127.0.0.1:49782: connect: connection refused\n  - containerd not available: no grpc connection or services is available: unavailable\n  - failed to get image descriptor from registry: error getting credentials - err: exec: \"docker-credential-desktop\": executable file not found in $PATH, out: ``"[0m[0m
[90m3:32PM[0m [33mWRN[0m [1mScan failed for img quay.io/argoproj/argocli:v3.5.12 --[0m [36merror=[0m[31m[1m"failed to catalog quay.io/argoproj/argocli:v3.5.12: errors occurred attempting to resolve 'quay.io/argoproj/argocli:v3.5.12':\n  - no such file or directory\n  - docker not available: failed to connect to Docker daemon. Ensure Docker is running and accessible\n  - podman not available: making http client: connection to bastion host=\"127.0.0.1:49782\" failed: dial tcp 127.0.0.1:49782: connect: connection refused\n  - containerd not available: no grpc connection or services is available: unavailable\n  - failed to get image descriptor from registry: error getting credentials - err: exec: \"docker-credential-desktop\": executable file not found in $PATH, out: ``"[0m[0m
[90m3:32PM[0m [33mWRN[0m [1mScan failed for img quay.io/backube/volsync:0.10.0 --[0m [36merror=[0m[31m[1m"failed to catalog quay.io/backube/volsync:0.10.0: errors occurred attempting to resolve 'quay.io/backube/volsync:0.10.0':\n  - no such file or directory\n  - docker not available: failed to connect to Docker daemon. Ensure Docker is running and accessible\n  - podman not available: making http client: connection to bastion host=\"127.0.0.1:49782\" failed: dial tcp 127.0.0.1:49782: connect: connection refused\n  - containerd not available: no grpc connection or services is available: unavailable\n  - failed to get image descriptor from registry: error getting credentials - err: exec: \"docker-credential-desktop\": executable file not found in $PATH, out: ``"[0m[0m
[90m3:32PM[0m [33mWRN[0m [1mScan failed for img hjacobs/kube-ops-view:20.4.0 --[0m [36merror=[0m[31m[1m"failed to catalog hjacobs/kube-ops-view:20.4.0: errors occurred attempting to resolve 'hjacobs/kube-ops-view:20.4.0':\n  - no such file or directory\n  - docker not available: failed to connect to Docker daemon. Ensure Docker is running and accessible\n  - podman not available: making http client: connection to bastion host=\"127.0.0.1:49782\" failed: dial tcp 127.0.0.1:49782: connect: connection refused\n  - containerd not available: no grpc connection or services is available: unavailable\n  - failed to get image descriptor from registry: error getting credentials - err: exec: \"docker-credential-desktop\": executable file not found in $PATH, out: ``"[0m[0m
[90m3:32PM[0m [33mWRN[0m [1mScan failed for img quay.io/brancz/kube-rbac-proxy:v0.17.1 --[0m [36merror=[0m[31m[1m"failed to catalog quay.io/brancz/kube-rbac-proxy:v0.17.1: errors occurred attempting to resolve 'quay.io/brancz/kube-rbac-proxy:v0.17.1':\n  - no such file or directory\n  - docker not available: failed to connect to Docker daemon. Ensure Docker is running and accessible\n  - podman not available: making http client: connection to bastion host=\"127.0.0.1:49782\" failed: dial tcp 127.0.0.1:49782: connect: connection refused\n  - containerd not available: no grpc connection or services is available: unavailable\n  - failed to get image descriptor from registry: error getting credentials - err: exec: \"docker-credential-desktop\": executable file not found in $PATH, out: ``"[0m[0m
[90m3:32PM[0m [33mWRN[0m [1mScan failed for img registry.k8s.io/sig-storage/snapshot-validation-webhook:v8.1.0 --[0m [36merror=[0m[31m[1m"failed to catalog registry.k8s.io/sig-storage/snapshot-validation-webhook:v8.1.0: errors occurred attempting to resolve 'registry.k8s.io/sig-storage/snapshot-validation-webhook:v8.1.0':\n  - no such file or directory\n  - docker not available: failed to connect to Docker daemon. Ensure Docker is running and accessible\n  - podman not available: making http client: connection to bastion host=\"127.0.0.1:49782\" failed: dial tcp 127.0.0.1:49782: connect: connection refused\n  - containerd not available: no grpc connection or services is available: unavailable\n  - failed to get image descriptor from registry: error getting credentials - err: exec: \"docker-credential-desktop\": executable file not found in $PATH, out: ``"[0m[0m
[90m3:32PM[0m [33mWRN[0m [1mScan failed for img ghcr.io/tarampampam/error-pages:3.3.0 --[0m [36merror=[0m[31m[1m"failed to catalog ghcr.io/tarampampam/error-pages:3.3.0: errors occurred attempting to resolve 'ghcr.io/tarampampam/error-pages:3.3.0':\n  - no such file or directory\n  - docker not available: failed to connect to Docker daemon. Ensure Docker is running and accessible\n  - podman not available: making http client: connection to bastion host=\"127.0.0.1:49782\" failed: dial tcp 127.0.0.1:49782: connect: connection refused\n  - containerd not available: no grpc connection or services is available: unavailable\n  - failed to get image descriptor from registry: error getting credentials - err: exec: \"docker-credential-desktop\": executable file not found in $PATH, out: ``"[0m[0m
[90m3:32PM[0m [33mWRN[0m [1mScan failed for img quay.io/prometheus-operator/prometheus-operator:v0.77.2 --[0m [36merror=[0m[31m[1m"failed to catalog quay.io/prometheus-operator/prometheus-operator:v0.77.2: errors occurred attempting to resolve 'quay.io/prometheus-operator/prometheus-operator:v0.77.2':\n  - no such file or directory\n  - docker not available: failed to connect to Docker daemon. Ensure Docker is running and accessible\n  - podman not available: making http client: connection to bastion host=\"127.0.0.1:49782\" failed: dial tcp 127.0.0.1:49782: connect: connection refused\n  - containerd not available: no grpc connection or services is available: unavailable\n  - failed to get image descriptor from registry: error getting credentials - err: exec: \"docker-credential-desktop\": executable file not found in $PATH, out: ``"[0m[0m
[90m3:32PM[0m [33mWRN[0m [1mScan failed for img quay.io/prometheus-operator/prometheus-operator:v0.77.2 --[0m [36merror=[0m[31m[1m"failed to catalog quay.io/prometheus-operator/prometheus-operator:v0.77.2: errors occurred attempting to resolve 'quay.io/prometheus-operator/prometheus-operator:v0.77.2':\n  - no such file or directory\n  - docker not available: failed to connect to Docker daemon. Ensure Docker is running and accessible\n  - podman not available: making http client: connection to bastion host=\"127.0.0.1:49782\" failed: dial tcp 127.0.0.1:49782: connect: connection refused\n  - containerd not available: no grpc connection or services is available: unavailable\n  - failed to get image descriptor from registry: error getting credentials - err: exec: \"docker-credential-desktop\": executable file not found in $PATH, out: ``"[0m[0m
[90m3:32PM[0m [33mWRN[0m [1mScan failed for img docker.io/rook/ceph:v1.15.4 --[0m [36merror=[0m[31m[1m"failed to catalog docker.io/rook/ceph:v1.15.4: errors occurred attempting to resolve 'docker.io/rook/ceph:v1.15.4':\n  - no such file or directory\n  - docker not available: failed to connect to Docker daemon. Ensure Docker is running and accessible\n  - podman not available: making http client: connection to bastion host=\"127.0.0.1:49782\" failed: dial tcp 127.0.0.1:49782: connect: connection refused\n  - containerd not available: no grpc connection or services is available: unavailable\n  - failed to get image descriptor from registry: error getting credentials - err: exec: \"docker-credential-desktop\": executable file not found in $PATH, out: ``"[0m[0m
[90m3:32PM[0m [33mWRN[0m [1mScan failed for img quay.io/cilium/cilium-envoy:v1.29.7-39a2a56bbd5b3a591f69dbca51d3e30ef97e0e51@sha256:bd5ff8c66716080028f414ec1cb4f7dc66f40d2fb5a009fff187f4a9b90b566b --[0m [36merror=[0m[31m[1m"failed to catalog quay.io/cilium/cilium-envoy:v1.29.7-39a2a56bbd5b3a591f69dbca51d3e30ef97e0e51@sha256:bd5ff8c66716080028f414ec1cb4f7dc66f40d2fb5a009fff187f4a9b90b566b: errors occurred attempting to resolve 'quay.io/cilium/cilium-envoy:v1.29.7-39a2a56bbd5b3a591f69dbca51d3e30ef97e0e51@sha256:bd5ff8c66716080028f414ec1cb4f7dc66f40d2fb5a009fff187f4a9b90b566b':\n  - no such file or directory\n  - docker not available: failed to connect to Docker daemon. Ensure Docker is running and accessible\n  - podman not available: making http client: connection to bastion host=\"127.0.0.1:49782\" failed: dial tcp 127.0.0.1:49782: connect: connection refused\n  - containerd not available: no grpc connection or services is available: unavailable\n  - failed to get image descriptor from registry: error getting credentials - err: exec: \"docker-credential-desktop\": executable file not found in $PATH, out: ``"[0m[0m
[90m3:32PM[0m [33mWRN[0m [1mScan failed for img haveagitgat/tdarr:2.00.18 --[0m [36merror=[0m[31m[1m"failed to catalog haveagitgat/tdarr:2.00.18: errors occurred attempting to resolve 'haveagitgat/tdarr:2.00.18':\n  - no such file or directory\n  - docker not available: failed to connect to Docker daemon. Ensure Docker is running and accessible\n  - podman not available: making http client: connection to bastion host=\"127.0.0.1:49782\" failed: dial tcp 127.0.0.1:49782: connect: connection refused\n  - containerd not available: no grpc connection or services is available: unavailable\n  - failed to get image descriptor from registry: error getting credentials - err: exec: \"docker-credential-desktop\": executable file not found in $PATH, out: ``"[0m[0m
[90m3:32PM[0m [33mWRN[0m [1mScan failed for img haveagitgat/tdarr_node:2.00.10 --[0m [36merror=[0m[31m[1m"failed to catalog haveagitgat/tdarr_node:2.00.10: errors occurred attempting to resolve 'haveagitgat/tdarr_node:2.00.10':\n  - no such file or directory\n  - docker not available: failed to connect to Docker daemon. Ensure Docker is running and accessible\n  - podman not available: making http client: connection to bastion host=\"127.0.0.1:49782\" failed: dial tcp 127.0.0.1:49782: connect: connection refused\n  - containerd not available: no grpc connection or services is available: unavailable\n  - failed to get image descriptor from registry: error getting credentials - err: exec: \"docker-credential-desktop\": executable file not found in $PATH, out: ``"[0m[0m
[90m3:32PM[0m [33mWRN[0m [1mScan failed for img louislam/uptime-kuma:1.17.1 --[0m [36merror=[0m[31m[1m"failed to catalog louislam/uptime-kuma:1.17.1: errors occurred attempting to resolve 'louislam/uptime-kuma:1.17.1':\n  - no such file or directory\n  - docker not available: failed to connect to Docker daemon. Ensure Docker is running and accessible\n  - podman not available: making http client: connection to bastion host=\"127.0.0.1:49782\" failed: dial tcp 127.0.0.1:49782: connect: connection refused\n  - containerd not available: no grpc connection or services is available: unavailable\n  - failed to get image descriptor from registry: error getting credentials - err: exec: \"docker-credential-desktop\": executable file not found in $PATH, out: ``"[0m[0m
[90m3:32PM[0m [33mWRN[0m [1mScan failed for img quay.io/argoproj/argo-events:v1.9.2 --[0m [36merror=[0m[31m[1m"failed to catalog quay.io/argoproj/argo-events:v1.9.2: errors occurred attempting to resolve 'quay.io/argoproj/argo-events:v1.9.2':\n  - no such file or directory\n  - docker not available: failed to connect to Docker daemon. Ensure Docker is running and accessible\n  - podman not available: making http client: connection to bastion host=\"127.0.0.1:49782\" failed: dial tcp 127.0.0.1:49782: connect: connection refused\n  - containerd not available: no grpc connection or services is available: unavailable\n  - failed to get image descriptor from registry: error getting credentials - err: exec: \"docker-credential-desktop\": executable file not found in $PATH, out: ``"[0m[0m
[90m3:32PM[0m [33mWRN[0m [1mScan failed for img quay.io/cilium/hubble-relay:v1.16.1@sha256:2e1b4c739a676ae187d4c2bfc45c3e865bda2567cc0320a90cb666657fcfcc35 --[0m [36merror=[0m[31m[1m"failed to catalog quay.io/cilium/hubble-relay:v1.16.1@sha256:2e1b4c739a676ae187d4c2bfc45c3e865bda2567cc0320a90cb666657fcfcc35: errors occurred attempting to resolve 'quay.io/cilium/hubble-relay:v1.16.1@sha256:2e1b4c739a676ae187d4c2bfc45c3e865bda2567cc0320a90cb666657fcfcc35':\n  - no such file or directory\n  - docker not available: failed to connect to Docker daemon. Ensure Docker is running and accessible\n  - podman not available: making http client: connection to bastion host=\"127.0.0.1:49782\" failed: dial tcp 127.0.0.1:49782: connect: connection refused\n  - containerd not available: no grpc connection or services is available: unavailable\n  - failed to get image descriptor from registry: error getting credentials - err: exec: \"docker-credential-desktop\": executable file not found in $PATH, out: ``"[0m[0m
[90m3:32PM[0m [33mWRN[0m [1mScan failed for img quay.io/prometheus-operator/prometheus-config-reloader:v0.77.2 --[0m [36merror=[0m[31m[1m"failed to catalog quay.io/prometheus-operator/prometheus-config-reloader:v0.77.2: errors occurred attempting to resolve 'quay.io/prometheus-operator/prometheus-config-reloader:v0.77.2':\n  - no such file or directory\n  - docker not available: failed to connect to Docker daemon. Ensure Docker is running and accessible\n  - podman not available: making http client: connection to bastion host=\"127.0.0.1:49782\" failed: dial tcp 127.0.0.1:49782: connect: connection refused\n  - containerd not available: no grpc connection or services is available: unavailable\n  - failed to get image descriptor from registry: error getting credentials - err: exec: \"docker-credential-desktop\": executable file not found in $PATH, out: ``"[0m[0m
[90m3:32PM[0m [33mWRN[0m [1mScan failed for img quay.io/prometheus/alertmanager:v0.27.0 --[0m [36merror=[0m[31m[1m"failed to catalog quay.io/prometheus/alertmanager:v0.27.0: errors occurred attempting to resolve 'quay.io/prometheus/alertmanager:v0.27.0':\n  - no such file or directory\n  - docker not available: failed to connect to Docker daemon. Ensure Docker is running and accessible\n  - podman not available: making http client: connection to bastion host=\"127.0.0.1:49782\" failed: dial tcp 127.0.0.1:49782: connect: connection refused\n  - containerd not available: no grpc connection or services is available: unavailable\n  - failed to get image descriptor from registry: error getting credentials - err: exec: \"docker-credential-desktop\": executable file not found in $PATH, out: ``"[0m[0m
[90m3:32PM[0m [33mWRN[0m [1mScan failed for img quay.io/argoproj/workflow-controller:v3.5.12 --[0m [36merror=[0m[31m[1m"failed to catalog quay.io/argoproj/workflow-controller:v3.5.12: errors occurred attempting to resolve 'quay.io/argoproj/workflow-controller:v3.5.12':\n  - no such file or directory\n  - docker not available: failed to connect to Docker daemon. Ensure Docker is running and accessible\n  - podman not available: making http client: connection to bastion host=\"127.0.0.1:49782\" failed: dial tcp 127.0.0.1:49782: connect: connection refused\n  - containerd not available: no grpc connection or services is available: unavailable\n  - failed to get image descriptor from registry: error getting credentials - err: exec: \"docker-credential-desktop\": executable file not found in $PATH, out: ``"[0m[0m
[90m3:32PM[0m [33mWRN[0m [1mScan failed for img quay.io/kiwigrid/k8s-sidecar:1.28.0 --[0m [36merror=[0m[31m[1m"failed to catalog quay.io/kiwigrid/k8s-sidecar:1.28.0: errors occurred attempting to resolve 'quay.io/kiwigrid/k8s-sidecar:1.28.0':\n  - no such file or directory\n  - docker not available: failed to connect to Docker daemon. Ensure Docker is running and accessible\n  - podman not available: making http client: connection to bastion host=\"127.0.0.1:49782\" failed: dial tcp 127.0.0.1:49782: connect: connection refused\n  - containerd not available: no grpc connection or services is available: unavailable\n  - failed to get image descriptor from registry: error getting credentials - err: exec: \"docker-credential-desktop\": executable file not found in $PATH, out: ``"[0m[0m
[90m3:32PM[0m [33mWRN[0m [1mScan failed for img docker.io/grafana/grafana:11.3.0 --[0m [36merror=[0m[31m[1m"failed to catalog docker.io/grafana/grafana:11.3.0: errors occurred attempting to resolve 'docker.io/grafana/grafana:11.3.0':\n  - no such file or directory\n  - docker not available: failed to connect to Docker daemon. Ensure Docker is running and accessible\n  - podman not available: making http client: connection to bastion host=\"127.0.0.1:49782\" failed: dial tcp 127.0.0.1:49782: connect: connection refused\n  - containerd not available: no grpc connection or services is available: unavailable\n  - failed to get image descriptor from registry: error getting credentials - err: exec: \"docker-credential-desktop\": executable file not found in $PATH, out: ``"[0m[0m
[90m3:32PM[0m [33mWRN[0m [1mScan failed for img quay.io/kiwigrid/k8s-sidecar:1.28.0 --[0m [36merror=[0m[31m[1m"failed to catalog quay.io/kiwigrid/k8s-sidecar:1.28.0: errors occurred attempting to resolve 'quay.io/kiwigrid/k8s-sidecar:1.28.0':\n  - no such file or directory\n  - docker not available: failed to connect to Docker daemon. Ensure Docker is running and accessible\n  - podman not available: making http client: connection to bastion host=\"127.0.0.1:49782\" failed: dial tcp 127.0.0.1:49782: connect: connection refused\n  - containerd not available: no grpc connection or services is available: unavailable\n  - failed to get image descriptor from registry: error getting credentials - err: exec: \"docker-credential-desktop\": executable file not found in $PATH, out: ``"[0m[0m
[90m3:32PM[0m [33mWRN[0m [1mScan failed for img registry.k8s.io/sig-storage/csi-attacher:v4.6.1 --[0m [36merror=[0m[31m[1m"failed to catalog registry.k8s.io/sig-storage/csi-attacher:v4.6.1: errors occurred attempting to resolve 'registry.k8s.io/sig-storage/csi-attacher:v4.6.1':\n  - no such file or directory\n  - docker not available: failed to connect to Docker daemon. Ensure Docker is running and accessible\n  - podman not available: making http client: connection to bastion host=\"127.0.0.1:49782\" failed: dial tcp 127.0.0.1:49782: connect: connection refused\n  - containerd not available: no grpc connection or services is available: unavailable\n  - failed to get image descriptor from registry: error getting credentials - err: exec: \"docker-credential-desktop\": executable file not found in $PATH, out: ``"[0m[0m
[90m3:32PM[0m [33mWRN[0m [1mScan failed for img docker.io/grafana/promtail:2.9.3 --[0m [36merror=[0m[31m[1m"failed to catalog docker.io/grafana/promtail:2.9.3: errors occurred attempting to resolve 'docker.io/grafana/promtail:2.9.3':\n  - no such file or directory\n  - docker not available: failed to connect to Docker daemon. Ensure Docker is running and accessible\n  - podman not available: making http client: connection to bastion host=\"127.0.0.1:49782\" failed: dial tcp 127.0.0.1:49782: connect: connection refused\n  - containerd not available: no grpc connection or services is available: unavailable\n  - failed to get image descriptor from registry: error getting credentials - err: exec: \"docker-credential-desktop\": executable file not found in $PATH, out: ``"[0m[0m
[90m3:32PM[0m [33mWRN[0m [1mScan failed for img quay.io/ceph/ceph:v18.2.4 --[0m [36merror=[0m[31m[1m"failed to catalog quay.io/ceph/ceph:v18.2.4: errors occurred attempting to resolve 'quay.io/ceph/ceph:v18.2.4':\n  - no such file or directory\n  - docker not available: failed to connect to Docker daemon. Ensure Docker is running and accessible\n  - podman not available: making http client: connection to bastion host=\"127.0.0.1:49782\" failed: dial tcp 127.0.0.1:49782: connect: connection refused\n  - containerd not available: no grpc connection or services is available: unavailable\n  - failed to get image descriptor from registry: error getting credentials - err: exec: \"docker-credential-desktop\": executable file not found in $PATH, out: ``"[0m[0m
[90m3:32PM[0m [33mWRN[0m [1mScan failed for img registry.k8s.io/sig-storage/csi-resizer:v1.11.1 --[0m [36merror=[0m[31m[1m"failed to catalog registry.k8s.io/sig-storage/csi-resizer:v1.11.1: errors occurred attempting to resolve 'registry.k8s.io/sig-storage/csi-resizer:v1.11.1':\n  - no such file or directory\n  - docker not available: failed to connect to Docker daemon. Ensure Docker is running and accessible\n  - podman not available: making http client: connection to bastion host=\"127.0.0.1:49782\" failed: dial tcp 127.0.0.1:49782: connect: connection refused\n  - containerd not available: no grpc connection or services is available: unavailable\n  - failed to get image descriptor from registry: error getting credentials - err: exec: \"docker-credential-desktop\": executable file not found in $PATH, out: ``"[0m[0m
[90m3:32PM[0m [33mWRN[0m [1mScan failed for img registry.k8s.io/sig-storage/csi-snapshotter:v8.0.1 --[0m [36merror=[0m[31m[1m"failed to catalog registry.k8s.io/sig-storage/csi-snapshotter:v8.0.1: errors occurred attempting to resolve 'registry.k8s.io/sig-storage/csi-snapshotter:v8.0.1':\n  - no such file or directory\n  - docker not available: failed to connect to Docker daemon. Ensure Docker is running and accessible\n  - podman not available: making http client: connection to bastion host=\"127.0.0.1:49782\" failed: dial tcp 127.0.0.1:49782: connect: connection refused\n  - containerd not available: no grpc connection or services is available: unavailable\n  - failed to get image descriptor from registry: error getting credentials - err: exec: \"docker-credential-desktop\": executable file not found in $PATH, out: ``"[0m[0m
[90m3:32PM[0m [33mWRN[0m [1mScan failed for img seafileltd/seafile-mc:8.0.7 --[0m [36merror=[0m[31m[1m"failed to catalog seafileltd/seafile-mc:8.0.7: errors occurred attempting to resolve 'seafileltd/seafile-mc:8.0.7':\n  - no such file or directory\n  - docker not available: failed to connect to Docker daemon. Ensure Docker is running and accessible\n  - podman not available: making http client: connection to bastion host=\"127.0.0.1:49782\" failed: dial tcp 127.0.0.1:49782: connect: connection refused\n  - containerd not available: no grpc connection or services is available: unavailable\n  - failed to get image descriptor from registry: error getting credentials - err: exec: \"docker-credential-desktop\": executable file not found in $PATH, out: ``"[0m[0m
[90m3:32PM[0m [33mWRN[0m [1mScan failed for img lscr.io/linuxserver/plex:latest --[0m [36merror=[0m[31m[1m"failed to catalog lscr.io/linuxserver/plex:latest: errors occurred attempting to resolve 'lscr.io/linuxserver/plex:latest':\n  - no such file or directory\n  - docker not available: failed to connect to Docker daemon. Ensure Docker is running and accessible\n  - podman not available: making http client: connection to bastion host=\"127.0.0.1:49782\" failed: dial tcp 127.0.0.1:49782: connect: connection refused\n  - containerd not available: no grpc connection or services is available: unavailable\n  - failed to get image descriptor from registry: error getting credentials - err: exec: \"docker-credential-desktop\": executable file not found in $PATH, out: ``"[0m[0m
[90m3:32PM[0m [33mWRN[0m [1mScan failed for img ghcr.io/joekleinsorge/kindle-weather/kindle-weather:c06da66 --[0m [36merror=[0m[31m[1m"failed to catalog ghcr.io/joekleinsorge/kindle-weather/kindle-weather:c06da66: errors occurred attempting to resolve 'ghcr.io/joekleinsorge/kindle-weather/kindle-weather:c06da66':\n  - no such file or directory\n  - docker not available: failed to connect to Docker daemon. Ensure Docker is running and accessible\n  - podman not available: making http client: connection to bastion host=\"127.0.0.1:49782\" failed: dial tcp 127.0.0.1:49782: connect: connection refused\n  - containerd not available: no grpc connection or services is available: unavailable\n  - failed to get image descriptor from registry: error getting credentials - err: exec: \"docker-credential-desktop\": executable file not found in $PATH, out: ``"[0m[0m
[90m3:32PM[0m [33mWRN[0m [1mScan failed for img registry.k8s.io/sig-storage/csi-provisioner:v5.0.1 --[0m [36merror=[0m[31m[1m"failed to catalog registry.k8s.io/sig-storage/csi-provisioner:v5.0.1: errors occurred attempting to resolve 'registry.k8s.io/sig-storage/csi-provisioner:v5.0.1':\n  - no such file or directory\n  - docker not available: failed to connect to Docker daemon. Ensure Docker is running and accessible\n  - podman not available: making http client: connection to bastion host=\"127.0.0.1:49782\" failed: dial tcp 127.0.0.1:49782: connect: connection refused\n  - containerd not available: no grpc connection or services is available: unavailable\n  - failed to get image descriptor from registry: error getting credentials - err: exec: \"docker-credential-desktop\": executable file not found in $PATH, out: ``"[0m[0m
[90m3:32PM[0m [33mWRN[0m [1mScan failed for img quay.io/cilium/cilium:v1.16.1@sha256:0b4a3ab41a4760d86b7fc945b8783747ba27f29dac30dd434d94f2c9e3679f39 --[0m [36merror=[0m[31m[1m"failed to catalog quay.io/cilium/cilium:v1.16.1@sha256:0b4a3ab41a4760d86b7fc945b8783747ba27f29dac30dd434d94f2c9e3679f39: errors occurred attempting to resolve 'quay.io/cilium/cilium:v1.16.1@sha256:0b4a3ab41a4760d86b7fc945b8783747ba27f29dac30dd434d94f2c9e3679f39':\n  - no such file or directory\n  - docker not available: failed to connect to Docker daemon. Ensure Docker is running and accessible\n  - podman not available: making http client: connection to bastion host=\"127.0.0.1:49782\" failed: dial tcp 127.0.0.1:49782: connect: connection refused\n  - containerd not available: no grpc connection or services is available: unavailable\n  - failed to get image descriptor from registry: error getting credentials - err: exec: \"docker-credential-desktop\": executable file not found in $PATH, out: ``"[0m[0m
[90m3:32PM[0m [33mWRN[0m [1mScan failed for img linuxserver/librespeed:version-5.2.4 --[0m [36merror=[0m[31m[1m"failed to catalog linuxserver/librespeed:version-5.2.4: errors occurred attempting to resolve 'linuxserver/librespeed:version-5.2.4':\n  - no such file or directory\n  - docker not available: failed to connect to Docker daemon. Ensure Docker is running and accessible\n  - podman not available: making http client: connection to bastion host=\"127.0.0.1:49782\" failed: dial tcp 127.0.0.1:49782: connect: connection refused\n  - containerd not available: no grpc connection or services is available: unavailable\n  - failed to get image descriptor from registry: error getting credentials - err: exec: \"docker-credential-desktop\": executable file not found in $PATH, out: ``"[0m[0m
[90m3:32PM[0m [33mWRN[0m [1mScan failed for img grafana/loki:2.6.1 --[0m [36merror=[0m[31m[1m"failed to catalog grafana/loki:2.6.1: errors occurred attempting to resolve 'grafana/loki:2.6.1':\n  - no such file or directory\n  - docker not available: failed to connect to Docker daemon. Ensure Docker is running and accessible\n  - podman not available: making http client: connection to bastion host=\"127.0.0.1:49782\" failed: dial tcp 127.0.0.1:49782: connect: connection refused\n  - containerd not available: no grpc connection or services is available: unavailable\n  - failed to get image descriptor from registry: error getting credentials - err: exec: \"docker-credential-desktop\": executable file not found in $PATH, out: ``"[0m[0m
[90m3:32PM[0m [33mWRN[0m [1mScan failed for img registry.k8s.io/sig-storage/snapshot-controller:v8.1.0 --[0m [36merror=[0m[31m[1m"failed to catalog registry.k8s.io/sig-storage/snapshot-controller:v8.1.0: errors occurred attempting to resolve 'registry.k8s.io/sig-storage/snapshot-controller:v8.1.0':\n  - no such file or directory\n  - docker not available: failed to connect to Docker daemon. Ensure Docker is running and accessible\n  - podman not available: making http client: connection to bastion host=\"127.0.0.1:49782\" failed: dial tcp 127.0.0.1:49782: connect: connection refused\n  - containerd not available: no grpc connection or services is available: unavailable\n  - failed to get image descriptor from registry: error getting credentials - err: exec: \"docker-credential-desktop\": executable file not found in $PATH, out: ``"[0m[0m
[90m3:32PM[0m [33mWRN[0m [1mScan failed for img quay.io/prometheus/prometheus:v2.55.0 --[0m [36merror=[0m[31m[1m"failed to catalog quay.io/prometheus/prometheus:v2.55.0: errors occurred attempting to resolve 'quay.io/prometheus/prometheus:v2.55.0':\n  - no such file or directory\n  - docker not available: failed to connect to Docker daemon. Ensure Docker is running and accessible\n  - podman not available: making http client: connection to bastion host=\"127.0.0.1:49782\" failed: dial tcp 127.0.0.1:49782: connect: connection refused\n  - containerd not available: no grpc connection or services is available: unavailable\n  - failed to get image descriptor from registry: error getting credentials - err: exec: \"docker-credential-desktop\": executable file not found in $PATH, out: ``"[0m[0m
[90m3:32PM[0m [33mWRN[0m [1mScan failed for img excalidraw/excalidraw:latest --[0m [36merror=[0m[31m[1m"failed to catalog excalidraw/excalidraw:latest: errors occurred attempting to resolve 'excalidraw/excalidraw:latest':\n  - no such file or directory\n  - docker not available: failed to connect to Docker daemon. Ensure Docker is running and accessible\n  - podman not available: making http client: connection to bastion host=\"127.0.0.1:49782\" failed: dial tcp 127.0.0.1:49782: connect: connection refused\n  - containerd not available: no grpc connection or services is available: unavailable\n  - failed to get image descriptor from registry: error getting credentials - err: exec: \"docker-credential-desktop\": executable file not found in $PATH, out: ``"[0m[0m
[90m3:32PM[0m [33mWRN[0m [1mScan failed for img docker.io/ollama/ollama:0.1.29 --[0m [36merror=[0m[31m[1m"failed to catalog docker.io/ollama/ollama:0.1.29: errors occurred attempting to resolve 'docker.io/ollama/ollama:0.1.29':\n  - no such file or directory\n  - docker not available: failed to connect to Docker daemon. Ensure Docker is running and accessible\n  - podman not available: making http client: connection to bastion host=\"127.0.0.1:49782\" failed: dial tcp 127.0.0.1:49782: connect: connection refused\n  - containerd not available: no grpc connection or services is available: unavailable\n  - failed to get image descriptor from registry: error getting credentials - err: exec: \"docker-credential-desktop\": executable file not found in $PATH, out: ``"[0m[0m
[90m3:32PM[0m [33mWRN[0m [1mScan failed for img quay.io/jetstack/cert-manager-cainjector:v1.16.1 --[0m [36merror=[0m[31m[1m"failed to catalog quay.io/jetstack/cert-manager-cainjector:v1.16.1: errors occurred attempting to resolve 'quay.io/jetstack/cert-manager-cainjector:v1.16.1':\n  - no such file or directory\n  - docker not available: failed to connect to Docker daemon. Ensure Docker is running and accessible\n  - podman not available: making http client: connection to bastion host=\"127.0.0.1:49782\" failed: dial tcp 127.0.0.1:49782: connect: connection refused\n  - containerd not available: no grpc connection or services is available: unavailable\n  - failed to get image descriptor from registry: error getting credentials - err: exec: \"docker-credential-desktop\": executable file not found in $PATH, out: ``"[0m[0m
[90m3:32PM[0m [33mWRN[0m [1mScan failed for img ghcr.io/kubereboot/kured:1.16.1 --[0m [36merror=[0m[31m[1m"failed to catalog ghcr.io/kubereboot/kured:1.16.1: errors occurred attempting to resolve 'ghcr.io/kubereboot/kured:1.16.1':\n  - no such file or directory\n  - docker not available: failed to connect to Docker daemon. Ensure Docker is running and accessible\n  - podman not available: making http client: connection to bastion host=\"127.0.0.1:49782\" failed: dial tcp 127.0.0.1:49782: connect: connection refused\n  - containerd not available: no grpc connection or services is available: unavailable\n  - failed to get image descriptor from registry: error getting credentials - err: exec: \"docker-credential-desktop\": executable file not found in $PATH, out: ``"[0m[0m
[90m3:32PM[0m [33mWRN[0m [1mScan failed for img quay.io/cilium/operator-generic:v1.16.1@sha256:3bc7e7a43bc4a4d8989cb7936c5d96675dd2d02c306adf925ce0a7c35aa27dc4 --[0m [36merror=[0m[31m[1m"failed to catalog quay.io/cilium/operator-generic:v1.16.1@sha256:3bc7e7a43bc4a4d8989cb7936c5d96675dd2d02c306adf925ce0a7c35aa27dc4: errors occurred attempting to resolve 'quay.io/cilium/operator-generic:v1.16.1@sha256:3bc7e7a43bc4a4d8989cb7936c5d96675dd2d02c306adf925ce0a7c35aa27dc4':\n  - no such file or directory\n  - docker not available: failed to connect to Docker daemon. Ensure Docker is running and accessible\n  - podman not available: making http client: connection to bastion host=\"127.0.0.1:49782\" failed: dial tcp 127.0.0.1:49782: connect: connection refused\n  - containerd not available: no grpc connection or services is available: unavailable\n  - failed to get image descriptor from registry: error getting credentials - err: exec: \"docker-credential-desktop\": executable file not found in $PATH, out: ``"[0m[0m
[90m3:32PM[0m [33mWRN[0m [1mScan failed for img linuxserver/freshrss:latest --[0m [36merror=[0m[31m[1m"failed to catalog linuxserver/freshrss:latest: errors occurred attempting to resolve 'linuxserver/freshrss:latest':\n  - no such file or directory\n  - docker not available: failed to connect to Docker daemon. Ensure Docker is running and accessible\n  - podman not available: making http client: connection to bastion host=\"127.0.0.1:49782\" failed: dial tcp 127.0.0.1:49782: connect: connection refused\n  - containerd not available: no grpc connection or services is available: unavailable\n  - failed to get image descriptor from registry: error getting credentials - err: exec: \"docker-credential-desktop\": executable file not found in $PATH, out: ``"[0m[0m
[90m3:32PM[0m [33mWRN[0m [1mScan failed for img quay.io/cilium/hubble-ui-backend:v0.13.1@sha256:0e0eed917653441fded4e7cdb096b7be6a3bddded5a2dd10812a27b1fc6ed95b --[0m [36merror=[0m[31m[1m"failed to catalog quay.io/cilium/hubble-ui-backend:v0.13.1@sha256:0e0eed917653441fded4e7cdb096b7be6a3bddded5a2dd10812a27b1fc6ed95b: errors occurred attempting to resolve 'quay.io/cilium/hubble-ui-backend:v0.13.1@sha256:0e0eed917653441fded4e7cdb096b7be6a3bddded5a2dd10812a27b1fc6ed95b':\n  - no such file or directory\n  - docker not available: failed to connect to Docker daemon. Ensure Docker is running and accessible\n  - podman not available: making http client: connection to bastion host=\"127.0.0.1:49782\" failed: dial tcp 127.0.0.1:49782: connect: connection refused\n  - containerd not available: no grpc connection or services is available: unavailable\n  - failed to get image descriptor from registry: error getting credentials - err: exec: \"docker-credential-desktop\": executable file not found in $PATH, out: ``"[0m[0m
[90m3:32PM[0m [33mWRN[0m [1mScan failed for img quay.io/cilium/hubble-ui:v0.13.1@sha256:e2e9313eb7caf64b0061d9da0efbdad59c6c461f6ca1752768942bfeda0796c6 --[0m [36merror=[0m[31m[1m"failed to catalog quay.io/cilium/hubble-ui:v0.13.1@sha256:e2e9313eb7caf64b0061d9da0efbdad59c6c461f6ca1752768942bfeda0796c6: errors occurred attempting to resolve 'quay.io/cilium/hubble-ui:v0.13.1@sha256:e2e9313eb7caf64b0061d9da0efbdad59c6c461f6ca1752768942bfeda0796c6':\n  - no such file or directory\n  - docker not available: failed to connect to Docker daemon. Ensure Docker is running and accessible\n  - podman not available: making http client: connection to bastion host=\"127.0.0.1:49782\" failed: dial tcp 127.0.0.1:49782: connect: connection refused\n  - containerd not available: no grpc connection or services is available: unavailable\n  - failed to get image descriptor from registry: error getting credentials - err: exec: \"docker-credential-desktop\": executable file not found in $PATH, out: ``"[0m[0m
[90m3:32PM[0m [33mWRN[0m [1mScan failed for img rancher/mirrored-coredns-coredns:1.11.3 --[0m [36merror=[0m[31m[1m"failed to catalog rancher/mirrored-coredns-coredns:1.11.3: errors occurred attempting to resolve 'rancher/mirrored-coredns-coredns:1.11.3':\n  - no such file or directory\n  - docker not available: failed to connect to Docker daemon. Ensure Docker is running and accessible\n  - podman not available: making http client: connection to bastion host=\"127.0.0.1:49782\" failed: dial tcp 127.0.0.1:49782: connect: connection refused\n  - containerd not available: no grpc connection or services is available: unavailable\n  - failed to get image descriptor from registry: error getting credentials - err: exec: \"docker-credential-desktop\": executable file not found in $PATH, out: ``"[0m[0m
[90m3:32PM[0m [33mWRN[0m [1mScan failed for img ghcr.io/tailscale/tailscale:latest --[0m [36merror=[0m[31m[1m"failed to catalog ghcr.io/tailscale/tailscale:latest: errors occurred attempting to resolve 'ghcr.io/tailscale/tailscale:latest':\n  - no such file or directory\n  - docker not available: failed to connect to Docker daemon. Ensure Docker is running and accessible\n  - podman not available: making http client: connection to bastion host=\"127.0.0.1:49782\" failed: dial tcp 127.0.0.1:49782: connect: connection refused\n  - containerd not available: no grpc connection or services is available: unavailable\n  - failed to get image descriptor from registry: error getting credentials - err: exec: \"docker-credential-desktop\": executable file not found in $PATH, out: ``"[0m[0m
[90m3:32PM[0m [33mWRN[0m [1mScan failed for img rancher/mirrored-metrics-server:v0.7.2 --[0m [36merror=[0m[31m[1m"failed to catalog rancher/mirrored-metrics-server:v0.7.2: errors occurred attempting to resolve 'rancher/mirrored-metrics-server:v0.7.2':\n  - no such file or directory\n  - docker not available: failed to connect to Docker daemon. Ensure Docker is running and accessible\n  - podman not available: making http client: connection to bastion host=\"127.0.0.1:49782\" failed: dial tcp 127.0.0.1:49782: connect: connection refused\n  - containerd not available: no grpc connection or services is available: unavailable\n  - failed to get image descriptor from registry: error getting credentials - err: exec: \"docker-credential-desktop\": executable file not found in $PATH, out: ``"[0m[0m
[90m3:32PM[0m [33mWRN[0m [1mScan failed for img docker.io/bitnami/mariadb:10.6.8-debian-11-r9 --[0m [36merror=[0m[31m[1m"failed to catalog docker.io/bitnami/mariadb:10.6.8-debian-11-r9: errors occurred attempting to resolve 'docker.io/bitnami/mariadb:10.6.8-debian-11-r9':\n  - no such file or directory\n  - docker not available: failed to connect to Docker daemon. Ensure Docker is running and accessible\n  - podman not available: making http client: connection to bastion host=\"127.0.0.1:49782\" failed: dial tcp 127.0.0.1:49782: connect: connection refused\n  - containerd not available: no grpc connection or services is available: unavailable\n  - failed to get image descriptor from registry: error getting credentials - err: exec: \"docker-credential-desktop\": executable file not found in $PATH, out: ``"[0m[0m
[90m3:32PM[0m [33mWRN[0m [1mlog-reader EOF[0m [36merror=[0m[31m[1m"Stream closed EOF for argocd/argocd-application-controller-0 (application-controller)"[0m[0m
[90m3:32PM[0m [31mERR[0m [1mlogs-stream[0m [36merror=[0m[31m[1m"stream logs failed container \"applicationset-controller\" in pod \"argocd-applicationset-controller-77f5d77cb4-6ptpk\" is terminated for argocd/argocd-applicationset-controller-77f5d77cb4-6ptpk (applicationset-controller)"[0m[0m
[90m3:32PM[0m [31mERR[0m [1mlogs-stream[0m [36merror=[0m[31m[1m"stream logs failed container \"applicationset-controller\" in pod \"argocd-applicationset-controller-77f5d77cb4-6ptpk\" is terminated for argocd/argocd-applicationset-controller-77f5d77cb4-6ptpk (applicationset-controller)"[0m[0m
[90m3:32PM[0m [31mERR[0m [1mlogs-stream[0m [36merror=[0m[31m[1m"stream logs failed client rate limiter Wait returned an error: context canceled for argocd/argocd-applicationset-controller-77f5d77cb4-6ptpk (applicationset-controller)"[0m[0m
[90m3:42PM[0m [32mINF[0m [1m🐶 K9s starting up...[0m
[90m3:42PM[0m [32mINF[0m [1m✅ Kubernetes connectivity[0m
[90m3:42PM[0m [33mWRN[0m [1mScan failed for img docker.io/bitnami/mariadb:10.6.8-debian-11-r9 --[0m [36merror=[0m[31m[1m"failed to catalog docker.io/bitnami/mariadb:10.6.8-debian-11-r9: errors occurred attempting to resolve 'docker.io/bitnami/mariadb:10.6.8-debian-11-r9':\n  - no such file or directory\n  - docker not available: failed to connect to Docker daemon. Ensure Docker is running and accessible\n  - podman not available: making http client: connection to bastion host=\"127.0.0.1:49782\" failed: dial tcp 127.0.0.1:49782: connect: connection refused\n  - containerd not available: no grpc connection or services is available: unavailable\n  - failed to get image descriptor from registry: error getting credentials - err: exec: \"docker-credential-desktop\": executable file not found in $PATH, out: ``"[0m[0m
[90m3:42PM[0m [33mWRN[0m [1mScan failed for img registry.k8s.io/ingress-nginx/controller:v1.11.3@sha256:d56f135b6462cfc476447cfe564b83a45e8bb7da2774963b00d12161112270b7 --[0m [36merror=[0m[31m[1m"failed to catalog registry.k8s.io/ingress-nginx/controller:v1.11.3@sha256:d56f135b6462cfc476447cfe564b83a45e8bb7da2774963b00d12161112270b7: errors occurred attempting to resolve 'registry.k8s.io/ingress-nginx/controller:v1.11.3@sha256:d56f135b6462cfc476447cfe564b83a45e8bb7da2774963b00d12161112270b7':\n  - no such file or directory\n  - docker not available: failed to connect to Docker daemon. Ensure Docker is running and accessible\n  - podman not available: making http client: connection to bastion host=\"127.0.0.1:49782\" failed: dial tcp 127.0.0.1:49782: connect: connection refused\n  - containerd not available: no grpc connection or services is available: unavailable\n  - failed to get image descriptor from registry: error getting credentials - err: exec: \"docker-credential-desktop\": executable file not found in $PATH, out: ``"[0m[0m
[90m3:42PM[0m [33mWRN[0m [1mScan failed for img registry.k8s.io/sig-storage/csi-node-driver-registrar:v2.11.1 --[0m [36merror=[0m[31m[1m"failed to catalog registry.k8s.io/sig-storage/csi-node-driver-registrar:v2.11.1: errors occurred attempting to resolve 'registry.k8s.io/sig-storage/csi-node-driver-registrar:v2.11.1':\n  - no such file or directory\n  - docker not available: failed to connect to Docker daemon. Ensure Docker is running and accessible\n  - podman not available: making http client: connection to bastion host=\"127.0.0.1:49782\" failed: dial tcp 127.0.0.1:49782: connect: connection refused\n  - containerd not available: no grpc connection or services is available: unavailable\n  - failed to get image descriptor from registry: error getting credentials - err: exec: \"docker-credential-desktop\": executable file not found in $PATH, out: ``"[0m[0m
[90m3:42PM[0m [33mWRN[0m [1mScan failed for img quay.io/cephcsi/cephcsi:v3.12.2 --[0m [36merror=[0m[31m[1m"failed to catalog quay.io/cephcsi/cephcsi:v3.12.2: errors occurred attempting to resolve 'quay.io/cephcsi/cephcsi:v3.12.2':\n  - no such file or directory\n  - docker not available: failed to connect to Docker daemon. Ensure Docker is running and accessible\n  - podman not available: making http client: connection to bastion host=\"127.0.0.1:49782\" failed: dial tcp 127.0.0.1:49782: connect: connection refused\n  - containerd not available: no grpc connection or services is available: unavailable\n  - failed to get image descriptor from registry: error getting credentials - err: exec: \"docker-credential-desktop\": executable file not found in $PATH, out: ``"[0m[0m
[90m3:42PM[0m [33mWRN[0m [1mScan failed for img oci.external-secrets.io/external-secrets/external-secrets:v0.10.5 --[0m [36merror=[0m[31m[1m"failed to catalog oci.external-secrets.io/external-secrets/external-secrets:v0.10.5: errors occurred attempting to resolve 'oci.external-secrets.io/external-secrets/external-secrets:v0.10.5':\n  - no such file or directory\n  - docker not available: failed to connect to Docker daemon. Ensure Docker is running and accessible\n  - podman not available: making http client: connection to bastion host=\"127.0.0.1:49782\" failed: dial tcp 127.0.0.1:49782: connect: connection refused\n  - containerd not available: no grpc connection or services is available: unavailable\n  - failed to get image descriptor from registry: error getting credentials - err: exec: \"docker-credential-desktop\": executable file not found in $PATH, out: ``"[0m[0m
[90m3:42PM[0m [33mWRN[0m [1mScan failed for img nginx:1.27 --[0m [36merror=[0m[31m[1m"failed to catalog nginx:1.27: errors occurred attempting to resolve 'nginx:1.27':\n  - no such file or directory\n  - docker not available: failed to connect to Docker daemon. Ensure Docker is running and accessible\n  - podman not available: making http client: connection to bastion host=\"127.0.0.1:49782\" failed: dial tcp 127.0.0.1:49782: connect: connection refused\n  - containerd not available: no grpc connection or services is available: unavailable\n  - failed to get image descriptor from registry: error getting credentials - err: exec: \"docker-credential-desktop\": executable file not found in $PATH, out: ``"[0m[0m
[90m3:42PM[0m [33mWRN[0m [1mScan failed for img quay.io/argoproj/workflow-controller:v3.5.12 --[0m [36merror=[0m[31m[1m"failed to catalog quay.io/argoproj/workflow-controller:v3.5.12: errors occurred attempting to resolve 'quay.io/argoproj/workflow-controller:v3.5.12':\n  - no such file or directory\n  - docker not available: failed to connect to Docker daemon. Ensure Docker is running and accessible\n  - podman not available: making http client: connection to bastion host=\"127.0.0.1:49782\" failed: dial tcp 127.0.0.1:49782: connect: connection refused\n  - containerd not available: no grpc connection or services is available: unavailable\n  - failed to get image descriptor from registry: error getting credentials - err: exec: \"docker-credential-desktop\": executable file not found in $PATH, out: ``"[0m[0m
[90m3:42PM[0m [33mWRN[0m [1mScan failed for img quay.io/jetstack/cert-manager-webhook:v1.16.1 --[0m [36merror=[0m[31m[1m"failed to catalog quay.io/jetstack/cert-manager-webhook:v1.16.1: errors occurred attempting to resolve 'quay.io/jetstack/cert-manager-webhook:v1.16.1':\n  - no such file or directory\n  - docker not available: failed to connect to Docker daemon. Ensure Docker is running and accessible\n  - podman not available: making http client: connection to bastion host=\"127.0.0.1:49782\" failed: dial tcp 127.0.0.1:49782: connect: connection refused\n  - containerd not available: no grpc connection or services is available: unavailable\n  - failed to get image descriptor from registry: error getting credentials - err: exec: \"docker-credential-desktop\": executable file not found in $PATH, out: ``"[0m[0m
[90m3:42PM[0m [33mWRN[0m [1mScan failed for img quay.io/cilium/cilium:v1.16.1@sha256:0b4a3ab41a4760d86b7fc945b8783747ba27f29dac30dd434d94f2c9e3679f39 --[0m [36merror=[0m[31m[1m"failed to catalog quay.io/cilium/cilium:v1.16.1@sha256:0b4a3ab41a4760d86b7fc945b8783747ba27f29dac30dd434d94f2c9e3679f39: errors occurred attempting to resolve 'quay.io/cilium/cilium:v1.16.1@sha256:0b4a3ab41a4760d86b7fc945b8783747ba27f29dac30dd434d94f2c9e3679f39':\n  - no such file or directory\n  - docker not available: failed to connect to Docker daemon. Ensure Docker is running and accessible\n  - podman not available: making http client: connection to bastion host=\"127.0.0.1:49782\" failed: dial tcp 127.0.0.1:49782: connect: connection refused\n  - containerd not available: no grpc connection or services is available: unavailable\n  - failed to get image descriptor from registry: error getting credentials - err: exec: \"docker-credential-desktop\": executable file not found in $PATH, out: ``"[0m[0m
[90m3:42PM[0m [33mWRN[0m [1mScan failed for img haveagitgat/tdarr:2.00.18 --[0m [36merror=[0m[31m[1m"failed to catalog haveagitgat/tdarr:2.00.18: errors occurred attempting to resolve 'haveagitgat/tdarr:2.00.18':\n  - no such file or directory\n  - docker not available: failed to connect to Docker daemon. Ensure Docker is running and accessible\n  - podman not available: making http client: connection to bastion host=\"127.0.0.1:49782\" failed: dial tcp 127.0.0.1:49782: connect: connection refused\n  - containerd not available: no grpc connection or services is available: unavailable\n  - failed to get image descriptor from registry: error getting credentials - err: exec: \"docker-credential-desktop\": executable file not found in $PATH, out: ``"[0m[0m
[90m3:42PM[0m [33mWRN[0m [1mScan failed for img haveagitgat/tdarr_node:2.00.10 --[0m [36merror=[0m[31m[1m"failed to catalog haveagitgat/tdarr_node:2.00.10: errors occurred attempting to resolve 'haveagitgat/tdarr_node:2.00.10':\n  - no such file or directory\n  - docker not available: failed to connect to Docker daemon. Ensure Docker is running and accessible\n  - podman not available: making http client: connection to bastion host=\"127.0.0.1:49782\" failed: dial tcp 127.0.0.1:49782: connect: connection refused\n  - containerd not available: no grpc connection or services is available: unavailable\n  - failed to get image descriptor from registry: error getting credentials - err: exec: \"docker-credential-desktop\": executable file not found in $PATH, out: ``"[0m[0m
[90m3:42PM[0m [33mWRN[0m [1mScan failed for img quay.io/jetstack/cert-manager-cainjector:v1.16.1 --[0m [36merror=[0m[31m[1m"failed to catalog quay.io/jetstack/cert-manager-cainjector:v1.16.1: errors occurred attempting to resolve 'quay.io/jetstack/cert-manager-cainjector:v1.16.1':\n  - no such file or directory\n  - docker not available: failed to connect to Docker daemon. Ensure Docker is running and accessible\n  - podman not available: making http client: connection to bastion host=\"127.0.0.1:49782\" failed: dial tcp 127.0.0.1:49782: connect: connection refused\n  - containerd not available: no grpc connection or services is available: unavailable\n  - failed to get image descriptor from registry: error getting credentials - err: exec: \"docker-credential-desktop\": executable file not found in $PATH, out: ``"[0m[0m
[90m3:42PM[0m [33mWRN[0m [1mScan failed for img quay.io/kiwigrid/k8s-sidecar:1.28.0 --[0m [36merror=[0m[31m[1m"failed to catalog quay.io/kiwigrid/k8s-sidecar:1.28.0: errors occurred attempting to resolve 'quay.io/kiwigrid/k8s-sidecar:1.28.0':\n  - no such file or directory\n  - docker not available: failed to connect to Docker daemon. Ensure Docker is running and accessible\n  - podman not available: making http client: connection to bastion host=\"127.0.0.1:49782\" failed: dial tcp 127.0.0.1:49782: connect: connection refused\n  - containerd not available: no grpc connection or services is available: unavailable\n  - failed to get image descriptor from registry: error getting credentials - err: exec: \"docker-credential-desktop\": executable file not found in $PATH, out: ``"[0m[0m
[90m3:42PM[0m [33mWRN[0m [1mScan failed for img docker.io/grafana/grafana:11.3.0 --[0m [36merror=[0m[31m[1m"failed to catalog docker.io/grafana/grafana:11.3.0: errors occurred attempting to resolve 'docker.io/grafana/grafana:11.3.0':\n  - no such file or directory\n  - docker not available: failed to connect to Docker daemon. Ensure Docker is running and accessible\n  - podman not available: making http client: connection to bastion host=\"127.0.0.1:49782\" failed: dial tcp 127.0.0.1:49782: connect: connection refused\n  - containerd not available: no grpc connection or services is available: unavailable\n  - failed to get image descriptor from registry: error getting credentials - err: exec: \"docker-credential-desktop\": executable file not found in $PATH, out: ``"[0m[0m
[90m3:42PM[0m [33mWRN[0m [1mScan failed for img quay.io/kiwigrid/k8s-sidecar:1.28.0 --[0m [36merror=[0m[31m[1m"failed to catalog quay.io/kiwigrid/k8s-sidecar:1.28.0: errors occurred attempting to resolve 'quay.io/kiwigrid/k8s-sidecar:1.28.0':\n  - no such file or directory\n  - docker not available: failed to connect to Docker daemon. Ensure Docker is running and accessible\n  - podman not available: making http client: connection to bastion host=\"127.0.0.1:49782\" failed: dial tcp 127.0.0.1:49782: connect: connection refused\n  - containerd not available: no grpc connection or services is available: unavailable\n  - failed to get image descriptor from registry: error getting credentials - err: exec: \"docker-credential-desktop\": executable file not found in $PATH, out: ``"[0m[0m
[90m3:42PM[0m [33mWRN[0m [1mScan failed for img quay.io/prometheus/node-exporter:v1.8.2 --[0m [36merror=[0m[31m[1m"failed to catalog quay.io/prometheus/node-exporter:v1.8.2: errors occurred attempting to resolve 'quay.io/prometheus/node-exporter:v1.8.2':\n  - no such file or directory\n  - docker not available: failed to connect to Docker daemon. Ensure Docker is running and accessible\n  - podman not available: making http client: connection to bastion host=\"127.0.0.1:49782\" failed: dial tcp 127.0.0.1:49782: connect: connection refused\n  - containerd not available: no grpc connection or services is available: unavailable\n  - failed to get image descriptor from registry: error getting credentials - err: exec: \"docker-credential-desktop\": executable file not found in $PATH, out: ``"[0m[0m
[90m3:42PM[0m [33mWRN[0m [1mScan failed for img quay.io/argoproj/argocd:v2.13.0 --[0m [36merror=[0m[31m[1m"failed to catalog quay.io/argoproj/argocd:v2.13.0: errors occurred attempting to resolve 'quay.io/argoproj/argocd:v2.13.0':\n  - no such file or directory\n  - docker not available: failed to connect to Docker daemon. Ensure Docker is running and accessible\n  - podman not available: making http client: connection to bastion host=\"127.0.0.1:49782\" failed: dial tcp 127.0.0.1:49782: connect: connection refused\n  - containerd not available: no grpc connection or services is available: unavailable\n  - failed to get image descriptor from registry: error getting credentials - err: exec: \"docker-credential-desktop\": executable file not found in $PATH, out: ``"[0m[0m
[90m3:42PM[0m [33mWRN[0m [1mScan failed for img linuxserver/freshrss:latest --[0m [36merror=[0m[31m[1m"failed to catalog linuxserver/freshrss:latest: errors occurred attempting to resolve 'linuxserver/freshrss:latest':\n  - no such file or directory\n  - docker not available: failed to connect to Docker daemon. Ensure Docker is running and accessible\n  - podman not available: making http client: connection to bastion host=\"127.0.0.1:49782\" failed: dial tcp 127.0.0.1:49782: connect: connection refused\n  - containerd not available: no grpc connection or services is available: unavailable\n  - failed to get image descriptor from registry: error getting credentials - err: exec: \"docker-credential-desktop\": executable file not found in $PATH, out: ``"[0m[0m
[90m3:42PM[0m [33mWRN[0m [1mScan failed for img ghcr.io/joekleinsorge/kindle-weather/kindle-weather:c06da66 --[0m [36merror=[0m[31m[1m"failed to catalog ghcr.io/joekleinsorge/kindle-weather/kindle-weather:c06da66: errors occurred attempting to resolve 'ghcr.io/joekleinsorge/kindle-weather/kindle-weather:c06da66':\n  - no such file or directory\n  - docker not available: failed to connect to Docker daemon. Ensure Docker is running and accessible\n  - podman not available: making http client: connection to bastion host=\"127.0.0.1:49782\" failed: dial tcp 127.0.0.1:49782: connect: connection refused\n  - containerd not available: no grpc connection or services is available: unavailable\n  - failed to get image descriptor from registry: error getting credentials - err: exec: \"docker-credential-desktop\": executable file not found in $PATH, out: ``"[0m[0m
[90m3:42PM[0m [33mWRN[0m [1mScan failed for img linuxserver/librespeed:version-5.2.4 --[0m [36merror=[0m[31m[1m"failed to catalog linuxserver/librespeed:version-5.2.4: errors occurred attempting to resolve 'linuxserver/librespeed:version-5.2.4':\n  - no such file or directory\n  - docker not available: failed to connect to Docker daemon. Ensure Docker is running and accessible\n  - podman not available: making http client: connection to bastion host=\"127.0.0.1:49782\" failed: dial tcp 127.0.0.1:49782: connect: connection refused\n  - containerd not available: no grpc connection or services is available: unavailable\n  - failed to get image descriptor from registry: error getting credentials - err: exec: \"docker-credential-desktop\": executable file not found in $PATH, out: ``"[0m[0m
[90m3:42PM[0m [33mWRN[0m [1mScan failed for img quay.io/cilium/hubble-ui-backend:v0.13.1@sha256:0e0eed917653441fded4e7cdb096b7be6a3bddded5a2dd10812a27b1fc6ed95b --[0m [36merror=[0m[31m[1m"failed to catalog quay.io/cilium/hubble-ui-backend:v0.13.1@sha256:0e0eed917653441fded4e7cdb096b7be6a3bddded5a2dd10812a27b1fc6ed95b: errors occurred attempting to resolve 'quay.io/cilium/hubble-ui-backend:v0.13.1@sha256:0e0eed917653441fded4e7cdb096b7be6a3bddded5a2dd10812a27b1fc6ed95b':\n  - no such file or directory\n  - docker not available: failed to connect to Docker daemon. Ensure Docker is running and accessible\n  - podman not available: making http client: connection to bastion host=\"127.0.0.1:49782\" failed: dial tcp 127.0.0.1:49782: connect: connection refused\n  - containerd not available: no grpc connection or services is available: unavailable\n  - failed to get image descriptor from registry: error getting credentials - err: exec: \"docker-credential-desktop\": executable file not found in $PATH, out: ``"[0m[0m
[90m3:42PM[0m [33mWRN[0m [1mScan failed for img quay.io/cilium/hubble-ui:v0.13.1@sha256:e2e9313eb7caf64b0061d9da0efbdad59c6c461f6ca1752768942bfeda0796c6 --[0m [36merror=[0m[31m[1m"failed to catalog quay.io/cilium/hubble-ui:v0.13.1@sha256:e2e9313eb7caf64b0061d9da0efbdad59c6c461f6ca1752768942bfeda0796c6: errors occurred attempting to resolve 'quay.io/cilium/hubble-ui:v0.13.1@sha256:e2e9313eb7caf64b0061d9da0efbdad59c6c461f6ca1752768942bfeda0796c6':\n  - no such file or directory\n  - docker not available: failed to connect to Docker daemon. Ensure Docker is running and accessible\n  - podman not available: making http client: connection to bastion host=\"127.0.0.1:49782\" failed: dial tcp 127.0.0.1:49782: connect: connection refused\n  - containerd not available: no grpc connection or services is available: unavailable\n  - failed to get image descriptor from registry: error getting credentials - err: exec: \"docker-credential-desktop\": executable file not found in $PATH, out: ``"[0m[0m
[90m3:42PM[0m [33mWRN[0m [1mScan failed for img quay.io/prometheus-operator/prometheus-config-reloader:v0.77.2 --[0m [36merror=[0m[31m[1m"failed to catalog quay.io/prometheus-operator/prometheus-config-reloader:v0.77.2: errors occurred attempting to resolve 'quay.io/prometheus-operator/prometheus-config-reloader:v0.77.2':\n  - no such file or directory\n  - docker not available: failed to connect to Docker daemon. Ensure Docker is running and accessible\n  - podman not available: making http client: connection to bastion host=\"127.0.0.1:49782\" failed: dial tcp 127.0.0.1:49782: connect: connection refused\n  - containerd not available: no grpc connection or services is available: unavailable\n  - failed to get image descriptor from registry: error getting credentials - err: exec: \"docker-credential-desktop\": executable file not found in $PATH, out: ``"[0m[0m
[90m3:42PM[0m [33mWRN[0m [1mScan failed for img quay.io/prometheus/alertmanager:v0.27.0 --[0m [36merror=[0m[31m[1m"failed to catalog quay.io/prometheus/alertmanager:v0.27.0: errors occurred attempting to resolve 'quay.io/prometheus/alertmanager:v0.27.0':\n  - no such file or directory\n  - docker not available: failed to connect to Docker daemon. Ensure Docker is running and accessible\n  - podman not available: making http client: connection to bastion host=\"127.0.0.1:49782\" failed: dial tcp 127.0.0.1:49782: connect: connection refused\n  - containerd not available: no grpc connection or services is available: unavailable\n  - failed to get image descriptor from registry: error getting credentials - err: exec: \"docker-credential-desktop\": executable file not found in $PATH, out: ``"[0m[0m
[90m3:42PM[0m [33mWRN[0m [1mScan failed for img docker.io/grafana/promtail:2.9.3 --[0m [36merror=[0m[31m[1m"failed to catalog docker.io/grafana/promtail:2.9.3: errors occurred attempting to resolve 'docker.io/grafana/promtail:2.9.3':\n  - no such file or directory\n  - docker not available: failed to connect to Docker daemon. Ensure Docker is running and accessible\n  - podman not available: making http client: connection to bastion host=\"127.0.0.1:49782\" failed: dial tcp 127.0.0.1:49782: connect: connection refused\n  - containerd not available: no grpc connection or services is available: unavailable\n  - failed to get image descriptor from registry: error getting credentials - err: exec: \"docker-credential-desktop\": executable file not found in $PATH, out: ``"[0m[0m
[90m3:42PM[0m [33mWRN[0m [1mScan failed for img seafileltd/seafile-mc:8.0.7 --[0m [36merror=[0m[31m[1m"failed to catalog seafileltd/seafile-mc:8.0.7: errors occurred attempting to resolve 'seafileltd/seafile-mc:8.0.7':\n  - no such file or directory\n  - docker not available: failed to connect to Docker daemon. Ensure Docker is running and accessible\n  - podman not available: making http client: connection to bastion host=\"127.0.0.1:49782\" failed: dial tcp 127.0.0.1:49782: connect: connection refused\n  - containerd not available: no grpc connection or services is available: unavailable\n  - failed to get image descriptor from registry: error getting credentials - err: exec: \"docker-credential-desktop\": executable file not found in $PATH, out: ``"[0m[0m
[90m3:42PM[0m [33mWRN[0m [1mScan failed for img quay.io/prometheus-operator/prometheus-operator:v0.77.2 --[0m [36merror=[0m[31m[1m"failed to catalog quay.io/prometheus-operator/prometheus-operator:v0.77.2: errors occurred attempting to resolve 'quay.io/prometheus-operator/prometheus-operator:v0.77.2':\n  - no such file or directory\n  - docker not available: failed to connect to Docker daemon. Ensure Docker is running and accessible\n  - podman not available: making http client: connection to bastion host=\"127.0.0.1:49782\" failed: dial tcp 127.0.0.1:49782: connect: connection refused\n  - containerd not available: no grpc connection or services is available: unavailable\n  - failed to get image descriptor from registry: error getting credentials - err: exec: \"docker-credential-desktop\": executable file not found in $PATH, out: ``"[0m[0m
[90m3:42PM[0m [33mWRN[0m [1mScan failed for img ghcr.io/dexidp/dex:v2.41.1 --[0m [36merror=[0m[31m[1m"failed to catalog ghcr.io/dexidp/dex:v2.41.1: errors occurred attempting to resolve 'ghcr.io/dexidp/dex:v2.41.1':\n  - no such file or directory\n  - docker not available: failed to connect to Docker daemon. Ensure Docker is running and accessible\n  - podman not available: making http client: connection to bastion host=\"127.0.0.1:49782\" failed: dial tcp 127.0.0.1:49782: connect: connection refused\n  - containerd not available: no grpc connection or services is available: unavailable\n  - failed to get image descriptor from registry: error getting credentials - err: exec: \"docker-credential-desktop\": executable file not found in $PATH, out: ``"[0m[0m
[90m3:42PM[0m [33mWRN[0m [1mScan failed for img ghcr.io/toboshii/hajimari:v0.3.1 --[0m [36merror=[0m[31m[1m"failed to catalog ghcr.io/toboshii/hajimari:v0.3.1: errors occurred attempting to resolve 'ghcr.io/toboshii/hajimari:v0.3.1':\n  - no such file or directory\n  - docker not available: failed to connect to Docker daemon. Ensure Docker is running and accessible\n  - podman not available: making http client: connection to bastion host=\"127.0.0.1:49782\" failed: dial tcp 127.0.0.1:49782: connect: connection refused\n  - containerd not available: no grpc connection or services is available: unavailable\n  - failed to get image descriptor from registry: error getting credentials - err: exec: \"docker-credential-desktop\": executable file not found in $PATH, out: ``"[0m[0m
[90m3:42PM[0m [33mWRN[0m [1mScan failed for img registry.k8s.io/kube-state-metrics/kube-state-metrics:v2.13.0 --[0m [36merror=[0m[31m[1m"failed to catalog registry.k8s.io/kube-state-metrics/kube-state-metrics:v2.13.0: errors occurred attempting to resolve 'registry.k8s.io/kube-state-metrics/kube-state-metrics:v2.13.0':\n  - no such file or directory\n  - docker not available: failed to connect to Docker daemon. Ensure Docker is running and accessible\n  - podman not available: making http client: connection to bastion host=\"127.0.0.1:49782\" failed: dial tcp 127.0.0.1:49782: connect: connection refused\n  - containerd not available: no grpc connection or services is available: unavailable\n  - failed to get image descriptor from registry: error getting credentials - err: exec: \"docker-credential-desktop\": executable file not found in $PATH, out: ``"[0m[0m
[90m3:42PM[0m [33mWRN[0m [1mScan failed for img quay.io/prometheus/prometheus:v2.55.0 --[0m [36merror=[0m[31m[1m"failed to catalog quay.io/prometheus/prometheus:v2.55.0: errors occurred attempting to resolve 'quay.io/prometheus/prometheus:v2.55.0':\n  - no such file or directory\n  - docker not available: failed to connect to Docker daemon. Ensure Docker is running and accessible\n  - podman not available: making http client: connection to bastion host=\"127.0.0.1:49782\" failed: dial tcp 127.0.0.1:49782: connect: connection refused\n  - containerd not available: no grpc connection or services is available: unavailable\n  - failed to get image descriptor from registry: error getting credentials - err: exec: \"docker-credential-desktop\": executable file not found in $PATH, out: ``"[0m[0m
[90m3:42PM[0m [33mWRN[0m [1mScan failed for img ghcr.io/open-webui/open-webui:latest --[0m [36merror=[0m[31m[1m"failed to catalog ghcr.io/open-webui/open-webui:latest: errors occurred attempting to resolve 'ghcr.io/open-webui/open-webui:latest':\n  - no such file or directory\n  - docker not available: failed to connect to Docker daemon. Ensure Docker is running and accessible\n  - podman not available: making http client: connection to bastion host=\"127.0.0.1:49782\" failed: dial tcp 127.0.0.1:49782: connect: connection refused\n  - containerd not available: no grpc connection or services is available: unavailable\n  - failed to get image descriptor from registry: error getting credentials - err: exec: \"docker-credential-desktop\": executable file not found in $PATH, out: ``"[0m[0m
[90m3:42PM[0m [33mWRN[0m [1mScan failed for img public.ecr.aws/docker/library/redis:7.2.4-alpine --[0m [36merror=[0m[31m[1m"failed to catalog public.ecr.aws/docker/library/redis:7.2.4-alpine: errors occurred attempting to resolve 'public.ecr.aws/docker/library/redis:7.2.4-alpine':\n  - no such file or directory\n  - docker not available: failed to connect to Docker daemon. Ensure Docker is running and accessible\n  - podman not available: making http client: connection to bastion host=\"127.0.0.1:49782\" failed: dial tcp 127.0.0.1:49782: connect: connection refused\n  - containerd not available: no grpc connection or services is available: unavailable\n  - failed to get image descriptor from registry: error getting credentials - err: exec: \"docker-credential-desktop\": executable file not found in $PATH, out: ``"[0m[0m
[90m3:42PM[0m [33mWRN[0m [1mScan failed for img quay.io/argoproj/argocli:v3.5.12 --[0m [36merror=[0m[31m[1m"failed to catalog quay.io/argoproj/argocli:v3.5.12: errors occurred attempting to resolve 'quay.io/argoproj/argocli:v3.5.12':\n  - no such file or directory\n  - docker not available: failed to connect to Docker daemon. Ensure Docker is running and accessible\n  - podman not available: making http client: connection to bastion host=\"127.0.0.1:49782\" failed: dial tcp 127.0.0.1:49782: connect: connection refused\n  - containerd not available: no grpc connection or services is available: unavailable\n  - failed to get image descriptor from registry: error getting credentials - err: exec: \"docker-credential-desktop\": executable file not found in $PATH, out: ``"[0m[0m
[90m3:42PM[0m [33mWRN[0m [1mScan failed for img ghcr.io/open-webui/open-webui:latest --[0m [36merror=[0m[31m[1m"failed to catalog ghcr.io/open-webui/open-webui:latest: errors occurred attempting to resolve 'ghcr.io/open-webui/open-webui:latest':\n  - no such file or directory\n  - docker not available: failed to connect to Docker daemon. Ensure Docker is running and accessible\n  - podman not available: making http client: connection to bastion host=\"127.0.0.1:49782\" failed: dial tcp 127.0.0.1:49782: connect: connection refused\n  - containerd not available: no grpc connection or services is available: unavailable\n  - failed to get image descriptor from registry: error getting credentials - err: exec: \"docker-credential-desktop\": executable file not found in $PATH, out: ``"[0m[0m
[90m3:42PM[0m [33mWRN[0m [1mScan failed for img ghcr.io/kubereboot/kured:1.16.1 --[0m [36merror=[0m[31m[1m"failed to catalog ghcr.io/kubereboot/kured:1.16.1: errors occurred attempting to resolve 'ghcr.io/kubereboot/kured:1.16.1':\n  - no such file or directory\n  - docker not available: failed to connect to Docker daemon. Ensure Docker is running and accessible\n  - podman not available: making http client: connection to bastion host=\"127.0.0.1:49782\" failed: dial tcp 127.0.0.1:49782: connect: connection refused\n  - containerd not available: no grpc connection or services is available: unavailable\n  - failed to get image descriptor from registry: error getting credentials - err: exec: \"docker-credential-desktop\": executable file not found in $PATH, out: ``"[0m[0m
[90m3:42PM[0m [33mWRN[0m [1mScan failed for img quay.io/argoproj/argocli:v3.5.12 --[0m [36merror=[0m[31m[1m"failed to catalog quay.io/argoproj/argocli:v3.5.12: errors occurred attempting to resolve 'quay.io/argoproj/argocli:v3.5.12':\n  - no such file or directory\n  - docker not available: failed to connect to Docker daemon. Ensure Docker is running and accessible\n  - podman not available: making http client: connection to bastion host=\"127.0.0.1:49782\" failed: dial tcp 127.0.0.1:49782: connect: connection refused\n  - containerd not available: no grpc connection or services is available: unavailable\n  - failed to get image descriptor from registry: error getting credentials - err: exec: \"docker-credential-desktop\": executable file not found in $PATH, out: ``"[0m[0m
[90m3:42PM[0m [33mWRN[0m [1mScan failed for img quay.io/argoproj/argo-events:v1.9.2 --[0m [36merror=[0m[31m[1m"failed to catalog quay.io/argoproj/argo-events:v1.9.2: errors occurred attempting to resolve 'quay.io/argoproj/argo-events:v1.9.2':\n  - no such file or directory\n  - docker not available: failed to connect to Docker daemon. Ensure Docker is running and accessible\n  - podman not available: making http client: connection to bastion host=\"127.0.0.1:49782\" failed: dial tcp 127.0.0.1:49782: connect: connection refused\n  - containerd not available: no grpc connection or services is available: unavailable\n  - failed to get image descriptor from registry: error getting credentials - err: exec: \"docker-credential-desktop\": executable file not found in $PATH, out: ``"[0m[0m
[90m3:42PM[0m [33mWRN[0m [1mScan failed for img registry.k8s.io/external-dns/external-dns:v0.15.0 --[0m [36merror=[0m[31m[1m"failed to catalog registry.k8s.io/external-dns/external-dns:v0.15.0: errors occurred attempting to resolve 'registry.k8s.io/external-dns/external-dns:v0.15.0':\n  - no such file or directory\n  - docker not available: failed to connect to Docker daemon. Ensure Docker is running and accessible\n  - podman not available: making http client: connection to bastion host=\"127.0.0.1:49782\" failed: dial tcp 127.0.0.1:49782: connect: connection refused\n  - containerd not available: no grpc connection or services is available: unavailable\n  - failed to get image descriptor from registry: error getting credentials - err: exec: \"docker-credential-desktop\": executable file not found in $PATH, out: ``"[0m[0m
[90m3:42PM[0m [33mWRN[0m [1mScan failed for img registry.k8s.io/external-dns/external-dns:v0.15.0 --[0m [36merror=[0m[31m[1m"failed to catalog registry.k8s.io/external-dns/external-dns:v0.15.0: errors occurred attempting to resolve 'registry.k8s.io/external-dns/external-dns:v0.15.0':\n  - no such file or directory\n  - docker not available: failed to connect to Docker daemon. Ensure Docker is running and accessible\n  - podman not available: making http client: connection to bastion host=\"127.0.0.1:49782\" failed: dial tcp 127.0.0.1:49782: connect: connection refused\n  - containerd not available: no grpc connection or services is available: unavailable\n  - failed to get image descriptor from registry: error getting credentials - err: exec: \"docker-credential-desktop\": executable file not found in $PATH, out: ``"[0m[0m
[90m3:42PM[0m [33mWRN[0m [1mScan failed for img quay.io/cilium/cilium-envoy:v1.29.7-39a2a56bbd5b3a591f69dbca51d3e30ef97e0e51@sha256:bd5ff8c66716080028f414ec1cb4f7dc66f40d2fb5a009fff187f4a9b90b566b --[0m [36merror=[0m[31m[1m"failed to catalog quay.io/cilium/cilium-envoy:v1.29.7-39a2a56bbd5b3a591f69dbca51d3e30ef97e0e51@sha256:bd5ff8c66716080028f414ec1cb4f7dc66f40d2fb5a009fff187f4a9b90b566b: errors occurred attempting to resolve 'quay.io/cilium/cilium-envoy:v1.29.7-39a2a56bbd5b3a591f69dbca51d3e30ef97e0e51@sha256:bd5ff8c66716080028f414ec1cb4f7dc66f40d2fb5a009fff187f4a9b90b566b':\n  - no such file or directory\n  - docker not available: failed to connect to Docker daemon. Ensure Docker is running and accessible\n  - podman not available: making http client: connection to bastion host=\"127.0.0.1:49782\" failed: dial tcp 127.0.0.1:49782: connect: connection refused\n  - containerd not available: no grpc connection or services is available: unavailable\n  - failed to get image descriptor from registry: error getting credentials - err: exec: \"docker-credential-desktop\": executable file not found in $PATH, out: ``"[0m[0m
[90m3:42PM[0m [33mWRN[0m [1mScan failed for img quay.io/cilium/hubble-relay:v1.16.1@sha256:2e1b4c739a676ae187d4c2bfc45c3e865bda2567cc0320a90cb666657fcfcc35 --[0m [36merror=[0m[31m[1m"failed to catalog quay.io/cilium/hubble-relay:v1.16.1@sha256:2e1b4c739a676ae187d4c2bfc45c3e865bda2567cc0320a90cb666657fcfcc35: errors occurred attempting to resolve 'quay.io/cilium/hubble-relay:v1.16.1@sha256:2e1b4c739a676ae187d4c2bfc45c3e865bda2567cc0320a90cb666657fcfcc35':\n  - no such file or directory\n  - docker not available: failed to connect to Docker daemon. Ensure Docker is running and accessible\n  - podman not available: making http client: connection to bastion host=\"127.0.0.1:49782\" failed: dial tcp 127.0.0.1:49782: connect: connection refused\n  - containerd not available: no grpc connection or services is available: unavailable\n  - failed to get image descriptor from registry: error getting credentials - err: exec: \"docker-credential-desktop\": executable file not found in $PATH, out: ``"[0m[0m
[90m3:42PM[0m [33mWRN[0m [1mScan failed for img grafana/loki:2.6.1 --[0m [36merror=[0m[31m[1m"failed to catalog grafana/loki:2.6.1: errors occurred attempting to resolve 'grafana/loki:2.6.1':\n  - no such file or directory\n  - docker not available: failed to connect to Docker daemon. Ensure Docker is running and accessible\n  - podman not available: making http client: connection to bastion host=\"127.0.0.1:49782\" failed: dial tcp 127.0.0.1:49782: connect: connection refused\n  - containerd not available: no grpc connection or services is available: unavailable\n  - failed to get image descriptor from registry: error getting credentials - err: exec: \"docker-credential-desktop\": executable file not found in $PATH, out: ``"[0m[0m
[90m3:42PM[0m [33mWRN[0m [1mScan failed for img quay.io/brancz/kube-rbac-proxy:v0.17.1 --[0m [36merror=[0m[31m[1m"failed to catalog quay.io/brancz/kube-rbac-proxy:v0.17.1: errors occurred attempting to resolve 'quay.io/brancz/kube-rbac-proxy:v0.17.1':\n  - no such file or directory\n  - docker not available: failed to connect to Docker daemon. Ensure Docker is running and accessible\n  - podman not available: making http client: connection to bastion host=\"127.0.0.1:49782\" failed: dial tcp 127.0.0.1:49782: connect: connection refused\n  - containerd not available: no grpc connection or services is available: unavailable\n  - failed to get image descriptor from registry: error getting credentials - err: exec: \"docker-credential-desktop\": executable file not found in $PATH, out: ``"[0m[0m
[90m3:42PM[0m [33mWRN[0m [1mScan failed for img excalidraw/excalidraw:latest --[0m [36merror=[0m[31m[1m"failed to catalog excalidraw/excalidraw:latest: errors occurred attempting to resolve 'excalidraw/excalidraw:latest':\n  - no such file or directory\n  - docker not available: failed to connect to Docker daemon. Ensure Docker is running and accessible\n  - podman not available: making http client: connection to bastion host=\"127.0.0.1:49782\" failed: dial tcp 127.0.0.1:49782: connect: connection refused\n  - containerd not available: no grpc connection or services is available: unavailable\n  - failed to get image descriptor from registry: error getting credentials - err: exec: \"docker-credential-desktop\": executable file not found in $PATH, out: ``"[0m[0m
[90m3:42PM[0m [33mWRN[0m [1mScan failed for img quay.io/backube/volsync:0.10.0 --[0m [36merror=[0m[31m[1m"failed to catalog quay.io/backube/volsync:0.10.0: errors occurred attempting to resolve 'quay.io/backube/volsync:0.10.0':\n  - no such file or directory\n  - docker not available: failed to connect to Docker daemon. Ensure Docker is running and accessible\n  - podman not available: making http client: connection to bastion host=\"127.0.0.1:49782\" failed: dial tcp 127.0.0.1:49782: connect: connection refused\n  - containerd not available: no grpc connection or services is available: unavailable\n  - failed to get image descriptor from registry: error getting credentials - err: exec: \"docker-credential-desktop\": executable file not found in $PATH, out: ``"[0m[0m
[90m3:42PM[0m [33mWRN[0m [1mScan failed for img docker.io/rook/ceph:v1.15.4 --[0m [36merror=[0m[31m[1m"failed to catalog docker.io/rook/ceph:v1.15.4: errors occurred attempting to resolve 'docker.io/rook/ceph:v1.15.4':\n  - no such file or directory\n  - docker not available: failed to connect to Docker daemon. Ensure Docker is running and accessible\n  - podman not available: making http client: connection to bastion host=\"127.0.0.1:49782\" failed: dial tcp 127.0.0.1:49782: connect: connection refused\n  - containerd not available: no grpc connection or services is available: unavailable\n  - failed to get image descriptor from registry: error getting credentials - err: exec: \"docker-credential-desktop\": executable file not found in $PATH, out: ``"[0m[0m
[90m3:42PM[0m [33mWRN[0m [1mScan failed for img quay.io/jetstack/cert-manager-controller:v1.16.1 --[0m [36merror=[0m[31m[1m"failed to catalog quay.io/jetstack/cert-manager-controller:v1.16.1: errors occurred attempting to resolve 'quay.io/jetstack/cert-manager-controller:v1.16.1':\n  - no such file or directory\n  - docker not available: failed to connect to Docker daemon. Ensure Docker is running and accessible\n  - podman not available: making http client: connection to bastion host=\"127.0.0.1:49782\" failed: dial tcp 127.0.0.1:49782: connect: connection refused\n  - containerd not available: no grpc connection or services is available: unavailable\n  - failed to get image descriptor from registry: error getting credentials - err: exec: \"docker-credential-desktop\": executable file not found in $PATH, out: ``"[0m[0m
[90m3:42PM[0m [33mWRN[0m [1mScan failed for img quay.io/cilium/operator-generic:v1.16.1@sha256:3bc7e7a43bc4a4d8989cb7936c5d96675dd2d02c306adf925ce0a7c35aa27dc4 --[0m [36merror=[0m[31m[1m"failed to catalog quay.io/cilium/operator-generic:v1.16.1@sha256:3bc7e7a43bc4a4d8989cb7936c5d96675dd2d02c306adf925ce0a7c35aa27dc4: errors occurred attempting to resolve 'quay.io/cilium/operator-generic:v1.16.1@sha256:3bc7e7a43bc4a4d8989cb7936c5d96675dd2d02c306adf925ce0a7c35aa27dc4':\n  - no such file or directory\n  - docker not available: failed to connect to Docker daemon. Ensure Docker is running and accessible\n  - podman not available: making http client: connection to bastion host=\"127.0.0.1:49782\" failed: dial tcp 127.0.0.1:49782: connect: connection refused\n  - containerd not available: no grpc connection or services is available: unavailable\n  - failed to get image descriptor from registry: error getting credentials - err: exec: \"docker-credential-desktop\": executable file not found in $PATH, out: ``"[0m[0m
[90m3:42PM[0m [33mWRN[0m [1mScan failed for img ghcr.io/kube-vip/kube-vip:v0.6.4 --[0m [36merror=[0m[31m[1m"failed to catalog ghcr.io/kube-vip/kube-vip:v0.6.4: errors occurred attempting to resolve 'ghcr.io/kube-vip/kube-vip:v0.6.4':\n  - no such file or directory\n  - docker not available: failed to connect to Docker daemon. Ensure Docker is running and accessible\n  - podman not available: making http client: connection to bastion host=\"127.0.0.1:49782\" failed: dial tcp 127.0.0.1:49782: connect: connection refused\n  - containerd not available: no grpc connection or services is available: unavailable\n  - failed to get image descriptor from registry: error getting credentials - err: exec: \"docker-credential-desktop\": executable file not found in $PATH, out: ``"[0m[0m
[90m3:42PM[0m [33mWRN[0m [1mScan failed for img louislam/uptime-kuma:1.17.1 --[0m [36merror=[0m[31m[1m"failed to catalog louislam/uptime-kuma:1.17.1: errors occurred attempting to resolve 'louislam/uptime-kuma:1.17.1':\n  - no such file or directory\n  - docker not available: failed to connect to Docker daemon. Ensure Docker is running and accessible\n  - podman not available: making http client: connection to bastion host=\"127.0.0.1:49782\" failed: dial tcp 127.0.0.1:49782: connect: connection refused\n  - containerd not available: no grpc connection or services is available: unavailable\n  - failed to get image descriptor from registry: error getting credentials - err: exec: \"docker-credential-desktop\": executable file not found in $PATH, out: ``"[0m[0m
[90m3:42PM[0m [33mWRN[0m [1mScan failed for img registry.k8s.io/sig-storage/csi-resizer:v1.11.1 --[0m [36merror=[0m[31m[1m"failed to catalog registry.k8s.io/sig-storage/csi-resizer:v1.11.1: errors occurred attempting to resolve 'registry.k8s.io/sig-storage/csi-resizer:v1.11.1':\n  - no such file or directory\n  - docker not available: failed to connect to Docker daemon. Ensure Docker is running and accessible\n  - podman not available: making http client: connection to bastion host=\"127.0.0.1:49782\" failed: dial tcp 127.0.0.1:49782: connect: connection refused\n  - containerd not available: no grpc connection or services is available: unavailable\n  - failed to get image descriptor from registry: error getting credentials - err: exec: \"docker-credential-desktop\": executable file not found in $PATH, out: ``"[0m[0m
[90m3:42PM[0m [33mWRN[0m [1mScan failed for img registry.k8s.io/sig-storage/csi-provisioner:v5.0.1 --[0m [36merror=[0m[31m[1m"failed to catalog registry.k8s.io/sig-storage/csi-provisioner:v5.0.1: errors occurred attempting to resolve 'registry.k8s.io/sig-storage/csi-provisioner:v5.0.1':\n  - no such file or directory\n  - docker not available: failed to connect to Docker daemon. Ensure Docker is running and accessible\n  - podman not available: making http client: connection to bastion host=\"127.0.0.1:49782\" failed: dial tcp 127.0.0.1:49782: connect: connection refused\n  - containerd not available: no grpc connection or services is available: unavailable\n  - failed to get image descriptor from registry: error getting credentials - err: exec: \"docker-credential-desktop\": executable file not found in $PATH, out: ``"[0m[0m
[90m3:42PM[0m [33mWRN[0m [1mScan failed for img registry.k8s.io/sig-storage/csi-attacher:v4.6.1 --[0m [36merror=[0m[31m[1m"failed to catalog registry.k8s.io/sig-storage/csi-attacher:v4.6.1: errors occurred attempting to resolve 'registry.k8s.io/sig-storage/csi-attacher:v4.6.1':\n  - no such file or directory\n  - docker not available: failed to connect to Docker daemon. Ensure Docker is running and accessible\n  - podman not available: making http client: connection to bastion host=\"127.0.0.1:49782\" failed: dial tcp 127.0.0.1:49782: connect: connection refused\n  - containerd not available: no grpc connection or services is available: unavailable\n  - failed to get image descriptor from registry: error getting credentials - err: exec: \"docker-credential-desktop\": executable file not found in $PATH, out: ``"[0m[0m
[90m3:42PM[0m [33mWRN[0m [1mScan failed for img ghcr.io/tailscale/tailscale:latest --[0m [36merror=[0m[31m[1m"failed to catalog ghcr.io/tailscale/tailscale:latest: errors occurred attempting to resolve 'ghcr.io/tailscale/tailscale:latest':\n  - no such file or directory\n  - docker not available: failed to connect to Docker daemon. Ensure Docker is running and accessible\n  - podman not available: making http client: connection to bastion host=\"127.0.0.1:49782\" failed: dial tcp 127.0.0.1:49782: connect: connection refused\n  - containerd not available: no grpc connection or services is available: unavailable\n  - failed to get image descriptor from registry: error getting credentials - err: exec: \"docker-credential-desktop\": executable file not found in $PATH, out: ``"[0m[0m
[90m3:42PM[0m [33mWRN[0m [1mScan failed for img registry.k8s.io/sig-storage/csi-snapshotter:v8.0.1 --[0m [36merror=[0m[31m[1m"failed to catalog registry.k8s.io/sig-storage/csi-snapshotter:v8.0.1: errors occurred attempting to resolve 'registry.k8s.io/sig-storage/csi-snapshotter:v8.0.1':\n  - no such file or directory\n  - docker not available: failed to connect to Docker daemon. Ensure Docker is running and accessible\n  - podman not available: making http client: connection to bastion host=\"127.0.0.1:49782\" failed: dial tcp 127.0.0.1:49782: connect: connection refused\n  - containerd not available: no grpc connection or services is available: unavailable\n  - failed to get image descriptor from registry: error getting credentials - err: exec: \"docker-credential-desktop\": executable file not found in $PATH, out: ``"[0m[0m
[90m3:42PM[0m [33mWRN[0m [1mScan failed for img docker.io/ollama/ollama:0.1.29 --[0m [36merror=[0m[31m[1m"failed to catalog docker.io/ollama/ollama:0.1.29: errors occurred attempting to resolve 'docker.io/ollama/ollama:0.1.29':\n  - no such file or directory\n  - docker not available: failed to connect to Docker daemon. Ensure Docker is running and accessible\n  - podman not available: making http client: connection to bastion host=\"127.0.0.1:49782\" failed: dial tcp 127.0.0.1:49782: connect: connection refused\n  - containerd not available: no grpc connection or services is available: unavailable\n  - failed to get image descriptor from registry: error getting credentials - err: exec: \"docker-credential-desktop\": executable file not found in $PATH, out: ``"[0m[0m
[90m3:42PM[0m [33mWRN[0m [1mScan failed for img registry.k8s.io/sig-storage/snapshot-controller:v8.1.0 --[0m [36merror=[0m[31m[1m"failed to catalog registry.k8s.io/sig-storage/snapshot-controller:v8.1.0: errors occurred attempting to resolve 'registry.k8s.io/sig-storage/snapshot-controller:v8.1.0':\n  - no such file or directory\n  - docker not available: failed to connect to Docker daemon. Ensure Docker is running and accessible\n  - podman not available: making http client: connection to bastion host=\"127.0.0.1:49782\" failed: dial tcp 127.0.0.1:49782: connect: connection refused\n  - containerd not available: no grpc connection or services is available: unavailable\n  - failed to get image descriptor from registry: error getting credentials - err: exec: \"docker-credential-desktop\": executable file not found in $PATH, out: ``"[0m[0m
[90m3:42PM[0m [33mWRN[0m [1mScan failed for img lscr.io/linuxserver/plex:latest --[0m [36merror=[0m[31m[1m"failed to catalog lscr.io/linuxserver/plex:latest: errors occurred attempting to resolve 'lscr.io/linuxserver/plex:latest':\n  - no such file or directory\n  - docker not available: failed to connect to Docker daemon. Ensure Docker is running and accessible\n  - podman not available: making http client: connection to bastion host=\"127.0.0.1:49782\" failed: dial tcp 127.0.0.1:49782: connect: connection refused\n  - containerd not available: no grpc connection or services is available: unavailable\n  - failed to get image descriptor from registry: error getting credentials - err: exec: \"docker-credential-desktop\": executable file not found in $PATH, out: ``"[0m[0m
[90m3:42PM[0m [33mWRN[0m [1mScan failed for img registry.k8s.io/sig-storage/snapshot-validation-webhook:v8.1.0 --[0m [36merror=[0m[31m[1m"failed to catalog registry.k8s.io/sig-storage/snapshot-validation-webhook:v8.1.0: errors occurred attempting to resolve 'registry.k8s.io/sig-storage/snapshot-validation-webhook:v8.1.0':\n  - no such file or directory\n  - docker not available: failed to connect to Docker daemon. Ensure Docker is running and accessible\n  - podman not available: making http client: connection to bastion host=\"127.0.0.1:49782\" failed: dial tcp 127.0.0.1:49782: connect: connection refused\n  - containerd not available: no grpc connection or services is available: unavailable\n  - failed to get image descriptor from registry: error getting credentials - err: exec: \"docker-credential-desktop\": executable file not found in $PATH, out: ``"[0m[0m
[90m3:42PM[0m [33mWRN[0m [1mScan failed for img rancher/mirrored-metrics-server:v0.7.2 --[0m [36merror=[0m[31m[1m"failed to catalog rancher/mirrored-metrics-server:v0.7.2: errors occurred attempting to resolve 'rancher/mirrored-metrics-server:v0.7.2':\n  - no such file or directory\n  - docker not available: failed to connect to Docker daemon. Ensure Docker is running and accessible\n  - podman not available: making http client: connection to bastion host=\"127.0.0.1:49782\" failed: dial tcp 127.0.0.1:49782: connect: connection refused\n  - containerd not available: no grpc connection or services is available: unavailable\n  - failed to get image descriptor from registry: error getting credentials - err: exec: \"docker-credential-desktop\": executable file not found in $PATH, out: ``"[0m[0m
[90m3:42PM[0m [33mWRN[0m [1mScan failed for img hjacobs/kube-ops-view:20.4.0 --[0m [36merror=[0m[31m[1m"failed to catalog hjacobs/kube-ops-view:20.4.0: errors occurred attempting to resolve 'hjacobs/kube-ops-view:20.4.0':\n  - no such file or directory\n  - docker not available: failed to connect to Docker daemon. Ensure Docker is running and accessible\n  - podman not available: making http client: connection to bastion host=\"127.0.0.1:49782\" failed: dial tcp 127.0.0.1:49782: connect: connection refused\n  - containerd not available: no grpc connection or services is available: unavailable\n  - failed to get image descriptor from registry: error getting credentials - err: exec: \"docker-credential-desktop\": executable file not found in $PATH, out: ``"[0m[0m
[90m3:42PM[0m [33mWRN[0m [1mScan failed for img ghcr.io/tarampampam/error-pages:3.3.0 --[0m [36merror=[0m[31m[1m"failed to catalog ghcr.io/tarampampam/error-pages:3.3.0: errors occurred attempting to resolve 'ghcr.io/tarampampam/error-pages:3.3.0':\n  - no such file or directory\n  - docker not available: failed to connect to Docker daemon. Ensure Docker is running and accessible\n  - podman not available: making http client: connection to bastion host=\"127.0.0.1:49782\" failed: dial tcp 127.0.0.1:49782: connect: connection refused\n  - containerd not available: no grpc connection or services is available: unavailable\n  - failed to get image descriptor from registry: error getting credentials - err: exec: \"docker-credential-desktop\": executable file not found in $PATH, out: ``"[0m[0m
[90m3:42PM[0m [33mWRN[0m [1mScan failed for img rancher/mirrored-coredns-coredns:1.11.3 --[0m [36merror=[0m[31m[1m"failed to catalog rancher/mirrored-coredns-coredns:1.11.3: errors occurred attempting to resolve 'rancher/mirrored-coredns-coredns:1.11.3':\n  - no such file or directory\n  - docker not available: failed to connect to Docker daemon. Ensure Docker is running and accessible\n  - podman not available: making http client: connection to bastion host=\"127.0.0.1:49782\" failed: dial tcp 127.0.0.1:49782: connect: connection refused\n  - containerd not available: no grpc connection or services is available: unavailable\n  - failed to get image descriptor from registry: error getting credentials - err: exec: \"docker-credential-desktop\": executable file not found in $PATH, out: ``"[0m[0m
[90m4:05PM[0m [32mINF[0m [1m🐶 K9s starting up...[0m
[90m4:05PM[0m [32mINF[0m [1m✅ Kubernetes connectivity[0m
[90m4:23PM[0m [31mERR[0m [1mcan't connect to cluster[0m [36merror=[0m[31m[1m"Get \"https://192.168.1.101:6443/version?timeout=15s\": net/http: request canceled (Client.Timeout exceeded while awaiting headers)"[0m[0m
[90m4:23PM[0m [31mERR[0m [1mClusterUpdater failed[0m [36merror=[0m[31m[1m"conn check failed (1/5)"[0m[0m
[90m6:07PM[0m [31mERR[0m [1mcan't connect to cluster[0m [36merror=[0m[31m[1m"Get \"https://192.168.1.101:6443/version?timeout=15s\": net/http: request canceled (Client.Timeout exceeded while awaiting headers)"[0m[0m
[90m6:07PM[0m [31mERR[0m [1mClusterUpdater failed[0m [36merror=[0m[31m[1m"conn check failed (1/5)"[0m[0m
[90m6:07PM[0m [31mERR[0m [1mreconcile failed "v1/nodes"[0m [36merror=[0m[31m[1m"Get \"https://192.168.1.101:6443/api/v1/nodes/metal3\": http2: client connection lost"[0m[0m
[90m6:07PM[0m [31mERR[0m [1mDescribe gave up![0m [36merror=[0m[31m[1m"Get \"https://192.168.1.101:6443/api/v1/nodes/metal3\": http2: client connection lost"[0m[0m
[90m6:40PM[0m [31mERR[0m [1mcan't connect to cluster[0m [36merror=[0m[31m[1m"Get \"https://192.168.1.101:6443/version?timeout=15s\": net/http: request canceled (Client.Timeout exceeded while awaiting headers)"[0m[0m
[90m6:40PM[0m [31mERR[0m [1mClusterUpdater failed[0m [36merror=[0m[31m[1m"conn check failed (1/5)"[0m[0m
[90m6:40PM[0m [31mERR[0m [1mreconcile failed "v1/nodes"[0m [36merror=[0m[31m[1m"Get \"https://192.168.1.101:6443/api/v1/nodes/metal3\": http2: client connection lost"[0m[0m
[90m6:40PM[0m [31mERR[0m [1mcan't connect to cluster[0m [36merror=[0m[31m[1m"Get \"https://192.168.1.101:6443/version?timeout=15s\": http2: client connection lost"[0m[0m
[90m6:40PM[0m [31mERR[0m [1mDescribe gave up![0m [36merror=[0m[31m[1m"Get \"https://192.168.1.101:6443/api/v1/nodes/metal3\": http2: client connection lost"[0m[0m
[90m6:40PM[0m [31mERR[0m [1mClusterUpdater failed[0m [36merror=[0m[31m[1m"conn check failed (2/5)"[0m[0m
[90m7:08PM[0m [31mERR[0m [1mcan't connect to cluster[0m [36merror=[0m[31m[1m"Get \"https://192.168.1.101:6443/version?timeout=15s\": net/http: request canceled (Client.Timeout exceeded while awaiting headers)"[0m[0m
[90m7:08PM[0m [31mERR[0m [1mClusterUpdater failed[0m [36merror=[0m[31m[1m"conn check failed (1/5)"[0m[0m
[90m7:08PM[0m [31mERR[0m [1mreconcile failed "v1/nodes"[0m [36merror=[0m[31m[1m"Get \"https://192.168.1.101:6443/api/v1/nodes/metal3\": http2: client connection lost"[0m[0m
[90m7:08PM[0m [31mERR[0m [1mDescribe gave up![0m [36merror=[0m[31m[1m"Get \"https://192.168.1.101:6443/api/v1/nodes/metal3\": http2: client connection lost"[0m[0m
[90m7:25PM[0m [31mERR[0m [1mcan't connect to cluster[0m [36merror=[0m[31m[1m"Get \"https://192.168.1.101:6443/version?timeout=15s\": net/http: request canceled (Client.Timeout exceeded while awaiting headers)"[0m[0m
[90m7:25PM[0m [31mERR[0m [1mClusterUpdater failed[0m [36merror=[0m[31m[1m"conn check failed (1/5)"[0m[0m
[90m7:25PM[0m [31mERR[0m [1mcan't connect to cluster[0m [36merror=[0m[31m[1m"Get \"https://192.168.1.101:6443/version?timeout=15s\": http2: client connection lost"[0m[0m
[90m7:25PM[0m [31mERR[0m [1mClusterUpdater failed[0m [36merror=[0m[31m[1m"conn check failed (2/5)"[0m[0m
[90m7:25PM[0m [31mERR[0m [1mNo GVK for resource v1/nodes[0m [36merror=[0m[31m[1m"Get \"https://192.168.1.101:6443/api?timeout=32s\": http2: client connection lost"[0m[0m
[90m7:25PM[0m [31mERR[0m [1mreconcile failed "v1/nodes"[0m [36merror=[0m[31m[1m"Get \"https://192.168.1.101:6443/api?timeout=32s\": http2: client connection lost"[0m[0m
[90m7:25PM[0m [31mERR[0m [1mDescribe gave up![0m [36merror=[0m[31m[1m"Get \"https://192.168.1.101:6443/api?timeout=32s\": http2: client connection lost"[0m[0m
[90m7:42PM[0m [31mERR[0m [1mcan't connect to cluster[0m [36merror=[0m[31m[1m"Get \"https://192.168.1.101:6443/version?timeout=15s\": net/http: request canceled (Client.Timeout exceeded while awaiting headers)"[0m[0m
[90m7:42PM[0m [31mERR[0m [1mClusterUpdater failed[0m [36merror=[0m[31m[1m"conn check failed (1/5)"[0m[0m
[90m7:55PM[0m [31mERR[0m [1mcan't connect to cluster[0m [36merror=[0m[31m[1m"Get \"https://192.168.1.101:6443/version?timeout=15s\": net/http: request canceled (Client.Timeout exceeded while awaiting headers)"[0m[0m
[90m7:55PM[0m [31mERR[0m [1mClusterUpdater failed[0m [36merror=[0m[31m[1m"conn check failed (1/5)"[0m[0m
[90m7:55PM[0m [31mERR[0m [1mcan't connect to cluster[0m [36merror=[0m[31m[1m"Get \"https://192.168.1.101:6443/version?timeout=15s\": http2: client connection lost"[0m[0m
[90m7:55PM[0m [31mERR[0m [1mClusterUpdater failed[0m [36merror=[0m[31m[1m"conn check failed (2/5)"[0m[0m
[90m8:25PM[0m [31mERR[0m [1mcan't connect to cluster[0m [36merror=[0m[31m[1m"Get \"https://192.168.1.101:6443/version?timeout=15s\": net/http: request canceled (Client.Timeout exceeded while awaiting headers)"[0m[0m
[90m8:25PM[0m [31mERR[0m [1mClusterUpdater failed[0m [36merror=[0m[31m[1m"conn check failed (1/5)"[0m[0m
[90m8:26PM[0m [31mERR[0m [1mreconcile failed "v1/nodes"[0m [36merror=[0m[31m[1m"Get \"https://192.168.1.101:6443/api/v1/nodes/metal3\": http2: client connection lost"[0m[0m
[90m8:26PM[0m [31mERR[0m [1mcan't connect to cluster[0m [36merror=[0m[31m[1m"Get \"https://192.168.1.101:6443/version?timeout=15s\": http2: client connection lost"[0m[0m
[90m8:26PM[0m [31mERR[0m [1mDescribe gave up![0m [36merror=[0m[31m[1m"Get \"https://192.168.1.101:6443/api/v1/nodes/metal3\": http2: client connection lost"[0m[0m
[90m8:26PM[0m [31mERR[0m [1mClusterUpdater failed[0m [36merror=[0m[31m[1m"conn check failed (2/5)"[0m[0m
[90m9:36PM[0m [31mERR[0m [1mcan't connect to cluster[0m [36merror=[0m[31m[1m"Get \"https://192.168.1.101:6443/version?timeout=15s\": net/http: request canceled (Client.Timeout exceeded while awaiting headers)"[0m[0m
[90m9:36PM[0m [31mERR[0m [1mClusterUpdater failed[0m [36merror=[0m[31m[1m"conn check failed (1/5)"[0m[0m
[90m10:28PM[0m [32mINF[0m [1m🐶 K9s starting up...[0m
[90m10:28PM[0m [31mERR[0m [1mFail to locate metrics-server[0m [36merror=[0m[31m[1m"No metrics api group metrics.k8s.io found on cluster"[0m[0m
[90m10:28PM[0m [32mINF[0m [1m✅ Kubernetes connectivity[0m
[90m10:28PM[0m [33mWRN[0m [1mScan failed for img quay.io/argoproj/argocd:v2.13.0 --[0m [36merror=[0m[31m[1m"failed to catalog quay.io/argoproj/argocd:v2.13.0: errors occurred attempting to resolve 'quay.io/argoproj/argocd:v2.13.0':\n  - no such file or directory\n  - docker not available: failed to connect to Docker daemon. Ensure Docker is running and accessible\n  - podman not available: making http client: connection to bastion host=\"127.0.0.1:49782\" failed: dial tcp 127.0.0.1:49782: connect: connection refused\n  - containerd not available: no grpc connection or services is available: unavailable\n  - failed to get image descriptor from registry: error getting credentials - err: exec: \"docker-credential-desktop\": executable file not found in $PATH, out: ``"[0m[0m
[90m10:28PM[0m [33mWRN[0m [1mScan failed for img rancher/mirrored-coredns-coredns:1.11.3 --[0m [36merror=[0m[31m[1m"failed to catalog rancher/mirrored-coredns-coredns:1.11.3: errors occurred attempting to resolve 'rancher/mirrored-coredns-coredns:1.11.3':\n  - no such file or directory\n  - docker not available: failed to connect to Docker daemon. Ensure Docker is running and accessible\n  - podman not available: making http client: connection to bastion host=\"127.0.0.1:49782\" failed: dial tcp 127.0.0.1:49782: connect: connection refused\n  - containerd not available: no grpc connection or services is available: unavailable\n  - failed to get image descriptor from registry: error getting credentials - err: exec: \"docker-credential-desktop\": executable file not found in $PATH, out: ``"[0m[0m
[90m10:28PM[0m [33mWRN[0m [1mScan failed for img ghcr.io/kube-vip/kube-vip:v0.6.4 --[0m [36merror=[0m[31m[1m"failed to catalog ghcr.io/kube-vip/kube-vip:v0.6.4: errors occurred attempting to resolve 'ghcr.io/kube-vip/kube-vip:v0.6.4':\n  - no such file or directory\n  - docker not available: failed to connect to Docker daemon. Ensure Docker is running and accessible\n  - podman not available: making http client: connection to bastion host=\"127.0.0.1:49782\" failed: dial tcp 127.0.0.1:49782: connect: connection refused\n  - containerd not available: no grpc connection or services is available: unavailable\n  - failed to get image descriptor from registry: error getting credentials - err: exec: \"docker-credential-desktop\": executable file not found in $PATH, out: ``"[0m[0m
[90m10:28PM[0m [33mWRN[0m [1mScan failed for img quay.io/argoproj/workflow-controller:v3.5.12 --[0m [36merror=[0m[31m[1m"failed to catalog quay.io/argoproj/workflow-controller:v3.5.12: errors occurred attempting to resolve 'quay.io/argoproj/workflow-controller:v3.5.12':\n  - no such file or directory\n  - docker not available: failed to connect to Docker daemon. Ensure Docker is running and accessible\n  - podman not available: making http client: connection to bastion host=\"127.0.0.1:49782\" failed: dial tcp 127.0.0.1:49782: connect: connection refused\n  - containerd not available: no grpc connection or services is available: unavailable\n  - failed to get image descriptor from registry: error getting credentials - err: exec: \"docker-credential-desktop\": executable file not found in $PATH, out: ``"[0m[0m
[90m10:28PM[0m [33mWRN[0m [1mScan failed for img quay.io/argoproj/argocli:v3.5.12 --[0m [36merror=[0m[31m[1m"failed to catalog quay.io/argoproj/argocli:v3.5.12: errors occurred attempting to resolve 'quay.io/argoproj/argocli:v3.5.12':\n  - no such file or directory\n  - docker not available: failed to connect to Docker daemon. Ensure Docker is running and accessible\n  - podman not available: making http client: connection to bastion host=\"127.0.0.1:49782\" failed: dial tcp 127.0.0.1:49782: connect: connection refused\n  - containerd not available: no grpc connection or services is available: unavailable\n  - failed to get image descriptor from registry: error getting credentials - err: exec: \"docker-credential-desktop\": executable file not found in $PATH, out: ``"[0m[0m
[90m10:28PM[0m [33mWRN[0m [1mScan failed for img rancher/mirrored-metrics-server:v0.7.2 --[0m [36merror=[0m[31m[1m"failed to catalog rancher/mirrored-metrics-server:v0.7.2: errors occurred attempting to resolve 'rancher/mirrored-metrics-server:v0.7.2':\n  - no such file or directory\n  - docker not available: failed to connect to Docker daemon. Ensure Docker is running and accessible\n  - podman not available: making http client: connection to bastion host=\"127.0.0.1:49782\" failed: dial tcp 127.0.0.1:49782: connect: connection refused\n  - containerd not available: no grpc connection or services is available: unavailable\n  - failed to get image descriptor from registry: error getting credentials - err: exec: \"docker-credential-desktop\": executable file not found in $PATH, out: ``"[0m[0m
[90m10:28PM[0m [33mWRN[0m [1mScan failed for img quay.io/argoproj/argo-events:v1.9.2 --[0m [36merror=[0m[31m[1m"failed to catalog quay.io/argoproj/argo-events:v1.9.2: errors occurred attempting to resolve 'quay.io/argoproj/argo-events:v1.9.2':\n  - no such file or directory\n  - docker not available: failed to connect to Docker daemon. Ensure Docker is running and accessible\n  - podman not available: making http client: connection to bastion host=\"127.0.0.1:49782\" failed: dial tcp 127.0.0.1:49782: connect: connection refused\n  - containerd not available: no grpc connection or services is available: unavailable\n  - failed to get image descriptor from registry: error getting credentials - err: exec: \"docker-credential-desktop\": executable file not found in $PATH, out: ``"[0m[0m
[90m10:28PM[0m [33mWRN[0m [1mScan failed for img public.ecr.aws/docker/library/redis:7.2.4-alpine --[0m [36merror=[0m[31m[1m"failed to catalog public.ecr.aws/docker/library/redis:7.2.4-alpine: errors occurred attempting to resolve 'public.ecr.aws/docker/library/redis:7.2.4-alpine':\n  - no such file or directory\n  - docker not available: failed to connect to Docker daemon. Ensure Docker is running and accessible\n  - podman not available: making http client: connection to bastion host=\"127.0.0.1:49782\" failed: dial tcp 127.0.0.1:49782: connect: connection refused\n  - containerd not available: no grpc connection or services is available: unavailable\n  - failed to get image descriptor from registry: error getting credentials - err: exec: \"docker-credential-desktop\": executable file not found in $PATH, out: ``"[0m[0m
[90m10:28PM[0m [31mERR[0m [1mlogs-stream[0m [36merror=[0m[31m[1m"stream logs failed container \"copyutil\" in pod \"argocd-repo-server-68d769b688-jj4cq\" is waiting to start: PodInitializing for argocd/argocd-repo-server-68d769b688-jj4cq (copyutil)"[0m[0m
[90m10:28PM[0m [31mERR[0m [1mlogs-stream[0m [36merror=[0m[31m[1m"stream logs failed container \"copyutil\" in pod \"argocd-repo-server-68d769b688-jj4cq\" is waiting to start: PodInitializing for argocd/argocd-repo-server-68d769b688-jj4cq (copyutil)"[0m[0m
[90m10:28PM[0m [31mERR[0m [1mlogs-stream[0m [36merror=[0m[31m[1m"stream logs failed client rate limiter Wait returned an error: context canceled for argocd/argocd-repo-server-68d769b688-jj4cq (copyutil)"[0m[0m
[90m10:28PM[0m [31mERR[0m [1mlogs-stream[0m [36merror=[0m[31m[1m"stream logs failed container \"repo-server\" in pod \"argocd-repo-server-68d769b688-jj4cq\" is waiting to start: PodInitializing for argocd/argocd-repo-server-68d769b688-jj4cq (repo-server)"[0m[0m
[90m10:28PM[0m [31mERR[0m [1mlogs-stream[0m [36merror=[0m[31m[1m"stream logs failed container \"repo-server\" in pod \"argocd-repo-server-68d769b688-jj4cq\" is waiting to start: PodInitializing for argocd/argocd-repo-server-68d769b688-jj4cq (repo-server)"[0m[0m
[90m10:28PM[0m [31mERR[0m [1mlogs-stream[0m [36merror=[0m[31m[1m"stream logs failed container \"repo-server\" in pod \"argocd-repo-server-68d769b688-jj4cq\" is waiting to start: PodInitializing for argocd/argocd-repo-server-68d769b688-jj4cq (repo-server)"[0m[0m
[90m10:28PM[0m [31mERR[0m [1mlogs-stream[0m [36merror=[0m[31m[1m"stream logs failed client rate limiter Wait returned an error: context canceled for argocd/argocd-repo-server-68d769b688-jj4cq (repo-server)"[0m[0m
[90m10:28PM[0m [31mERR[0m [1mlogs-stream[0m [36merror=[0m[31m[1m"stream logs failed container \"repo-server\" in pod \"argocd-repo-server-68d769b688-jj4cq\" is waiting to start: PodInitializing for argocd/argocd-repo-server-68d769b688-jj4cq (repo-server)"[0m[0m
[90m10:28PM[0m [31mERR[0m [1mlogs-stream[0m [36merror=[0m[31m[1m"stream logs failed container \"repo-server\" in pod \"argocd-repo-server-68d769b688-jj4cq\" is waiting to start: PodInitializing for argocd/argocd-repo-server-68d769b688-jj4cq (repo-server)"[0m[0m
[90m10:28PM[0m [31mERR[0m [1mlogs-stream[0m [36merror=[0m[31m[1m"stream logs failed container \"repo-server\" in pod \"argocd-repo-server-68d769b688-jj4cq\" is waiting to start: PodInitializing for argocd/argocd-repo-server-68d769b688-jj4cq (repo-server)"[0m[0m
[90m10:28PM[0m [31mERR[0m [1mlogs-stream[0m [36merror=[0m[31m[1m"stream logs failed container \"repo-server\" in pod \"argocd-repo-server-68d769b688-jj4cq\" is waiting to start: PodInitializing for argocd/argocd-repo-server-68d769b688-jj4cq (repo-server)"[0m[0m
[90m10:28PM[0m [31mERR[0m [1mlogs-stream[0m [36merror=[0m[31m[1m"stream logs failed container \"repo-server\" in pod \"argocd-repo-server-68d769b688-jj4cq\" is waiting to start: PodInitializing for argocd/argocd-repo-server-68d769b688-jj4cq (repo-server)"[0m[0m
[90m10:28PM[0m [31mERR[0m [1mlogs-stream[0m [36merror=[0m[31m[1m"stream logs failed container \"repo-server\" in pod \"argocd-repo-server-68d769b688-jj4cq\" is waiting to start: PodInitializing for argocd/argocd-repo-server-68d769b688-jj4cq (repo-server)"[0m[0m
[90m10:28PM[0m [31mERR[0m [1mlogs-stream[0m [36merror=[0m[31m[1m"stream logs failed container \"repo-server\" in pod \"argocd-repo-server-68d769b688-jj4cq\" is waiting to start: PodInitializing for argocd/argocd-repo-server-68d769b688-jj4cq (repo-server)"[0m[0m
[90m10:28PM[0m [31mERR[0m [1mlogs-stream[0m [36merror=[0m[31m[1m"stream logs failed container \"repo-server\" in pod \"argocd-repo-server-68d769b688-jj4cq\" is waiting to start: PodInitializing for argocd/argocd-repo-server-68d769b688-jj4cq (repo-server)"[0m[0m
[90m10:28PM[0m [31mERR[0m [1mlogs-stream[0m [36merror=[0m[31m[1m"stream logs failed client rate limiter Wait returned an error: context canceled for argocd/argocd-repo-server-68d769b688-jj4cq (repo-server)"[0m[0m
[90m10:32PM[0m [32mINF[0m [1m🐶 K9s starting up...[0m
[90m10:32PM[0m [31mERR[0m [1mFail to locate metrics-server[0m [36merror=[0m[31m[1m"No metrics api group metrics.k8s.io found on cluster"[0m[0m
[90m10:32PM[0m [32mINF[0m [1m✅ Kubernetes connectivity[0m
[90m10:32PM[0m [33mWRN[0m [1mScan failed for img quay.io/argoproj/argocd:v2.13.0 --[0m [36merror=[0m[31m[1m"failed to catalog quay.io/argoproj/argocd:v2.13.0: errors occurred attempting to resolve 'quay.io/argoproj/argocd:v2.13.0':\n  - no such file or directory\n  - docker not available: failed to connect to Docker daemon. Ensure Docker is running and accessible\n  - podman not available: making http client: connection to bastion host=\"127.0.0.1:49782\" failed: dial tcp 127.0.0.1:49782: connect: connection refused\n  - containerd not available: no grpc connection or services is available: unavailable\n  - failed to get image descriptor from registry: error getting credentials - err: exec: \"docker-credential-desktop\": executable file not found in $PATH, out: ``"[0m[0m
[90m10:32PM[0m [33mWRN[0m [1mScan failed for img quay.io/argoproj/argo-events:v1.9.2 --[0m [36merror=[0m[31m[1m"failed to catalog quay.io/argoproj/argo-events:v1.9.2: errors occurred attempting to resolve 'quay.io/argoproj/argo-events:v1.9.2':\n  - no such file or directory\n  - docker not available: failed to connect to Docker daemon. Ensure Docker is running and accessible\n  - podman not available: making http client: connection to bastion host=\"127.0.0.1:49782\" failed: dial tcp 127.0.0.1:49782: connect: connection refused\n  - containerd not available: no grpc connection or services is available: unavailable\n  - failed to get image descriptor from registry: error getting credentials - err: exec: \"docker-credential-desktop\": executable file not found in $PATH, out: ``"[0m[0m
[90m10:32PM[0m [33mWRN[0m [1mScan failed for img ghcr.io/kube-vip/kube-vip:v0.6.4 --[0m [36merror=[0m[31m[1m"failed to catalog ghcr.io/kube-vip/kube-vip:v0.6.4: errors occurred attempting to resolve 'ghcr.io/kube-vip/kube-vip:v0.6.4':\n  - no such file or directory\n  - docker not available: failed to connect to Docker daemon. Ensure Docker is running and accessible\n  - podman not available: making http client: connection to bastion host=\"127.0.0.1:49782\" failed: dial tcp 127.0.0.1:49782: connect: connection refused\n  - containerd not available: no grpc connection or services is available: unavailable\n  - failed to get image descriptor from registry: error getting credentials - err: exec: \"docker-credential-desktop\": executable file not found in $PATH, out: ``"[0m[0m
[90m10:32PM[0m [33mWRN[0m [1mScan failed for img quay.io/cilium/cilium:v1.16.1@sha256:0b4a3ab41a4760d86b7fc945b8783747ba27f29dac30dd434d94f2c9e3679f39 --[0m [36merror=[0m[31m[1m"failed to catalog quay.io/cilium/cilium:v1.16.1@sha256:0b4a3ab41a4760d86b7fc945b8783747ba27f29dac30dd434d94f2c9e3679f39: errors occurred attempting to resolve 'quay.io/cilium/cilium:v1.16.1@sha256:0b4a3ab41a4760d86b7fc945b8783747ba27f29dac30dd434d94f2c9e3679f39':\n  - no such file or directory\n  - docker not available: failed to connect to Docker daemon. Ensure Docker is running and accessible\n  - podman not available: making http client: connection to bastion host=\"127.0.0.1:49782\" failed: dial tcp 127.0.0.1:49782: connect: connection refused\n  - containerd not available: no grpc connection or services is available: unavailable\n  - failed to get image descriptor from registry: error getting credentials - err: exec: \"docker-credential-desktop\": executable file not found in $PATH, out: ``"[0m[0m
[90m10:32PM[0m [33mWRN[0m [1mScan failed for img quay.io/cilium/cilium-envoy:v1.29.7-39a2a56bbd5b3a591f69dbca51d3e30ef97e0e51@sha256:bd5ff8c66716080028f414ec1cb4f7dc66f40d2fb5a009fff187f4a9b90b566b --[0m [36merror=[0m[31m[1m"failed to catalog quay.io/cilium/cilium-envoy:v1.29.7-39a2a56bbd5b3a591f69dbca51d3e30ef97e0e51@sha256:bd5ff8c66716080028f414ec1cb4f7dc66f40d2fb5a009fff187f4a9b90b566b: errors occurred attempting to resolve 'quay.io/cilium/cilium-envoy:v1.29.7-39a2a56bbd5b3a591f69dbca51d3e30ef97e0e51@sha256:bd5ff8c66716080028f414ec1cb4f7dc66f40d2fb5a009fff187f4a9b90b566b':\n  - no such file or directory\n  - docker not available: failed to connect to Docker daemon. Ensure Docker is running and accessible\n  - podman not available: making http client: connection to bastion host=\"127.0.0.1:49782\" failed: dial tcp 127.0.0.1:49782: connect: connection refused\n  - containerd not available: no grpc connection or services is available: unavailable\n  - failed to get image descriptor from registry: error getting credentials - err: exec: \"docker-credential-desktop\": executable file not found in $PATH, out: ``"[0m[0m
[90m10:32PM[0m [33mWRN[0m [1mScan failed for img quay.io/cilium/hubble-relay:v1.16.1@sha256:2e1b4c739a676ae187d4c2bfc45c3e865bda2567cc0320a90cb666657fcfcc35 --[0m [36merror=[0m[31m[1m"failed to catalog quay.io/cilium/hubble-relay:v1.16.1@sha256:2e1b4c739a676ae187d4c2bfc45c3e865bda2567cc0320a90cb666657fcfcc35: errors occurred attempting to resolve 'quay.io/cilium/hubble-relay:v1.16.1@sha256:2e1b4c739a676ae187d4c2bfc45c3e865bda2567cc0320a90cb666657fcfcc35':\n  - no such file or directory\n  - docker not available: failed to connect to Docker daemon. Ensure Docker is running and accessible\n  - podman not available: making http client: connection to bastion host=\"127.0.0.1:49782\" failed: dial tcp 127.0.0.1:49782: connect: connection refused\n  - containerd not available: no grpc connection or services is available: unavailable\n  - failed to get image descriptor from registry: error getting credentials - err: exec: \"docker-credential-desktop\": executable file not found in $PATH, out: ``"[0m[0m
[90m10:32PM[0m [33mWRN[0m [1mScan failed for img public.ecr.aws/docker/library/redis:7.2.4-alpine --[0m [36merror=[0m[31m[1m"failed to catalog public.ecr.aws/docker/library/redis:7.2.4-alpine: errors occurred attempting to resolve 'public.ecr.aws/docker/library/redis:7.2.4-alpine':\n  - no such file or directory\n  - docker not available: failed to connect to Docker daemon. Ensure Docker is running and accessible\n  - podman not available: making http client: connection to bastion host=\"127.0.0.1:49782\" failed: dial tcp 127.0.0.1:49782: connect: connection refused\n  - containerd not available: no grpc connection or services is available: unavailable\n  - failed to get image descriptor from registry: error getting credentials - err: exec: \"docker-credential-desktop\": executable file not found in $PATH, out: ``"[0m[0m
[90m10:32PM[0m [33mWRN[0m [1mScan failed for img quay.io/argoproj/workflow-controller:v3.5.12 --[0m [36merror=[0m[31m[1m"failed to catalog quay.io/argoproj/workflow-controller:v3.5.12: errors occurred attempting to resolve 'quay.io/argoproj/workflow-controller:v3.5.12':\n  - no such file or directory\n  - docker not available: failed to connect to Docker daemon. Ensure Docker is running and accessible\n  - podman not available: making http client: connection to bastion host=\"127.0.0.1:49782\" failed: dial tcp 127.0.0.1:49782: connect: connection refused\n  - containerd not available: no grpc connection or services is available: unavailable\n  - failed to get image descriptor from registry: error getting credentials - err: exec: \"docker-credential-desktop\": executable file not found in $PATH, out: ``"[0m[0m
[90m10:32PM[0m [33mWRN[0m [1mScan failed for img quay.io/cilium/hubble-ui-backend:v0.13.1@sha256:0e0eed917653441fded4e7cdb096b7be6a3bddded5a2dd10812a27b1fc6ed95b --[0m [36merror=[0m[31m[1m"failed to catalog quay.io/cilium/hubble-ui-backend:v0.13.1@sha256:0e0eed917653441fded4e7cdb096b7be6a3bddded5a2dd10812a27b1fc6ed95b: errors occurred attempting to resolve 'quay.io/cilium/hubble-ui-backend:v0.13.1@sha256:0e0eed917653441fded4e7cdb096b7be6a3bddded5a2dd10812a27b1fc6ed95b':\n  - no such file or directory\n  - docker not available: failed to connect to Docker daemon. Ensure Docker is running and accessible\n  - podman not available: making http client: connection to bastion host=\"127.0.0.1:49782\" failed: dial tcp 127.0.0.1:49782: connect: connection refused\n  - containerd not available: no grpc connection or services is available: unavailable\n  - failed to get image descriptor from registry: error getting credentials - err: exec: \"docker-credential-desktop\": executable file not found in $PATH, out: ``"[0m[0m
[90m10:32PM[0m [33mWRN[0m [1mScan failed for img quay.io/cilium/hubble-ui:v0.13.1@sha256:e2e9313eb7caf64b0061d9da0efbdad59c6c461f6ca1752768942bfeda0796c6 --[0m [36merror=[0m[31m[1m"failed to catalog quay.io/cilium/hubble-ui:v0.13.1@sha256:e2e9313eb7caf64b0061d9da0efbdad59c6c461f6ca1752768942bfeda0796c6: errors occurred attempting to resolve 'quay.io/cilium/hubble-ui:v0.13.1@sha256:e2e9313eb7caf64b0061d9da0efbdad59c6c461f6ca1752768942bfeda0796c6':\n  - no such file or directory\n  - docker not available: failed to connect to Docker daemon. Ensure Docker is running and accessible\n  - podman not available: making http client: connection to bastion host=\"127.0.0.1:49782\" failed: dial tcp 127.0.0.1:49782: connect: connection refused\n  - containerd not available: no grpc connection or services is available: unavailable\n  - failed to get image descriptor from registry: error getting credentials - err: exec: \"docker-credential-desktop\": executable file not found in $PATH, out: ``"[0m[0m
[90m10:32PM[0m [33mWRN[0m [1mScan failed for img quay.io/cilium/operator-generic:v1.16.1@sha256:3bc7e7a43bc4a4d8989cb7936c5d96675dd2d02c306adf925ce0a7c35aa27dc4 --[0m [36merror=[0m[31m[1m"failed to catalog quay.io/cilium/operator-generic:v1.16.1@sha256:3bc7e7a43bc4a4d8989cb7936c5d96675dd2d02c306adf925ce0a7c35aa27dc4: errors occurred attempting to resolve 'quay.io/cilium/operator-generic:v1.16.1@sha256:3bc7e7a43bc4a4d8989cb7936c5d96675dd2d02c306adf925ce0a7c35aa27dc4':\n  - no such file or directory\n  - docker not available: failed to connect to Docker daemon. Ensure Docker is running and accessible\n  - podman not available: making http client: connection to bastion host=\"127.0.0.1:49782\" failed: dial tcp 127.0.0.1:49782: connect: connection refused\n  - containerd not available: no grpc connection or services is available: unavailable\n  - failed to get image descriptor from registry: error getting credentials - err: exec: \"docker-credential-desktop\": executable file not found in $PATH, out: ``"[0m[0m
[90m10:32PM[0m [33mWRN[0m [1mScan failed for img rancher/mirrored-metrics-server:v0.7.2 --[0m [36merror=[0m[31m[1m"failed to catalog rancher/mirrored-metrics-server:v0.7.2: errors occurred attempting to resolve 'rancher/mirrored-metrics-server:v0.7.2':\n  - no such file or directory\n  - docker not available: failed to connect to Docker daemon. Ensure Docker is running and accessible\n  - podman not available: making http client: connection to bastion host=\"127.0.0.1:49782\" failed: dial tcp 127.0.0.1:49782: connect: connection refused\n  - containerd not available: no grpc connection or services is available: unavailable\n  - failed to get image descriptor from registry: error getting credentials - err: exec: \"docker-credential-desktop\": executable file not found in $PATH, out: ``"[0m[0m
[90m10:32PM[0m [33mWRN[0m [1mScan failed for img rancher/mirrored-coredns-coredns:1.11.3 --[0m [36merror=[0m[31m[1m"failed to catalog rancher/mirrored-coredns-coredns:1.11.3: errors occurred attempting to resolve 'rancher/mirrored-coredns-coredns:1.11.3':\n  - no such file or directory\n  - docker not available: failed to connect to Docker daemon. Ensure Docker is running and accessible\n  - podman not available: making http client: connection to bastion host=\"127.0.0.1:49782\" failed: dial tcp 127.0.0.1:49782: connect: connection refused\n  - containerd not available: no grpc connection or services is available: unavailable\n  - failed to get image descriptor from registry: error getting credentials - err: exec: \"docker-credential-desktop\": executable file not found in $PATH, out: ``"[0m[0m
[90m10:32PM[0m [33mWRN[0m [1mScan failed for img quay.io/argoproj/argocli:v3.5.12 --[0m [36merror=[0m[31m[1m"failed to catalog quay.io/argoproj/argocli:v3.5.12: errors occurred attempting to resolve 'quay.io/argoproj/argocli:v3.5.12':\n  - no such file or directory\n  - docker not available: failed to connect to Docker daemon. Ensure Docker is running and accessible\n  - podman not available: making http client: connection to bastion host=\"127.0.0.1:49782\" failed: dial tcp 127.0.0.1:49782: connect: connection refused\n  - containerd not available: no grpc connection or services is available: unavailable\n  - failed to get image descriptor from registry: error getting credentials - err: exec: \"docker-credential-desktop\": executable file not found in $PATH, out: ``"[0m[0m
[90m10:33PM[0m [33mWRN[0m [1mlog-reader canceled[0m [36merror=[0m[31m[1m"Stream canceled context canceled for argocd/argocd-server-57d85c5b55-cd94c (server)"[0m[0m
[90m10:33PM[0m [33mWRN[0m [1mScan failed for img ghcr.io/joekleinsorge/kindle-weather/kindle-weather:c06da66 --[0m [36merror=[0m[31m[1m"failed to catalog ghcr.io/joekleinsorge/kindle-weather/kindle-weather:c06da66: errors occurred attempting to resolve 'ghcr.io/joekleinsorge/kindle-weather/kindle-weather:c06da66':\n  - no such file or directory\n  - docker not available: failed to connect to Docker daemon. Ensure Docker is running and accessible\n  - podman not available: making http client: connection to bastion host=\"127.0.0.1:49782\" failed: dial tcp 127.0.0.1:49782: connect: connection refused\n  - containerd not available: no grpc connection or services is available: unavailable\n  - failed to get image descriptor from registry: error getting credentials - err: exec: \"docker-credential-desktop\": executable file not found in $PATH, out: ``"[0m[0m
[90m10:33PM[0m [33mWRN[0m [1mScan failed for img ghcr.io/toboshii/hajimari:v0.3.1 --[0m [36merror=[0m[31m[1m"failed to catalog ghcr.io/toboshii/hajimari:v0.3.1: errors occurred attempting to resolve 'ghcr.io/toboshii/hajimari:v0.3.1':\n  - no such file or directory\n  - docker not available: failed to connect to Docker daemon. Ensure Docker is running and accessible\n  - podman not available: making http client: connection to bastion host=\"127.0.0.1:49782\" failed: dial tcp 127.0.0.1:49782: connect: connection refused\n  - containerd not available: no grpc connection or services is available: unavailable\n  - failed to get image descriptor from registry: error getting credentials - err: exec: \"docker-credential-desktop\": executable file not found in $PATH, out: ``"[0m[0m
[90m10:33PM[0m [33mWRN[0m [1mScan failed for img linuxserver/freshrss:latest --[0m [36merror=[0m[31m[1m"failed to catalog linuxserver/freshrss:latest: errors occurred attempting to resolve 'linuxserver/freshrss:latest':\n  - no such file or directory\n  - docker not available: failed to connect to Docker daemon. Ensure Docker is running and accessible\n  - podman not available: making http client: connection to bastion host=\"127.0.0.1:49782\" failed: dial tcp 127.0.0.1:49782: connect: connection refused\n  - containerd not available: no grpc connection or services is available: unavailable\n  - failed to get image descriptor from registry: error getting credentials - err: exec: \"docker-credential-desktop\": executable file not found in $PATH, out: ``"[0m[0m
[90m10:33PM[0m [33mWRN[0m [1mScan failed for img excalidraw/excalidraw:latest --[0m [36merror=[0m[31m[1m"failed to catalog excalidraw/excalidraw:latest: errors occurred attempting to resolve 'excalidraw/excalidraw:latest':\n  - no such file or directory\n  - docker not available: failed to connect to Docker daemon. Ensure Docker is running and accessible\n  - podman not available: making http client: connection to bastion host=\"127.0.0.1:49782\" failed: dial tcp 127.0.0.1:49782: connect: connection refused\n  - containerd not available: no grpc connection or services is available: unavailable\n  - failed to get image descriptor from registry: error getting credentials - err: exec: \"docker-credential-desktop\": executable file not found in $PATH, out: ``"[0m[0m
[90m10:33PM[0m [33mWRN[0m [1mScan failed for img ghcr.io/tailscale/tailscale:latest --[0m [36merror=[0m[31m[1m"failed to catalog ghcr.io/tailscale/tailscale:latest: errors occurred attempting to resolve 'ghcr.io/tailscale/tailscale:latest':\n  - no such file or directory\n  - docker not available: failed to connect to Docker daemon. Ensure Docker is running and accessible\n  - podman not available: making http client: connection to bastion host=\"127.0.0.1:49782\" failed: dial tcp 127.0.0.1:49782: connect: connection refused\n  - containerd not available: no grpc connection or services is available: unavailable\n  - failed to get image descriptor from registry: error getting credentials - err: exec: \"docker-credential-desktop\": executable file not found in $PATH, out: ``"[0m[0m
[90m10:33PM[0m [33mWRN[0m [1mScan failed for img nginx:1.27 --[0m [36merror=[0m[31m[1m"failed to catalog nginx:1.27: errors occurred attempting to resolve 'nginx:1.27':\n  - no such file or directory\n  - docker not available: failed to connect to Docker daemon. Ensure Docker is running and accessible\n  - podman not available: making http client: connection to bastion host=\"127.0.0.1:49782\" failed: dial tcp 127.0.0.1:49782: connect: connection refused\n  - containerd not available: no grpc connection or services is available: unavailable\n  - failed to get image descriptor from registry: error getting credentials - err: exec: \"docker-credential-desktop\": executable file not found in $PATH, out: ``"[0m[0m
[90m10:33PM[0m [33mWRN[0m [1mScan failed for img lscr.io/linuxserver/plex:latest --[0m [36merror=[0m[31m[1m"failed to catalog lscr.io/linuxserver/plex:latest: errors occurred attempting to resolve 'lscr.io/linuxserver/plex:latest':\n  - no such file or directory\n  - docker not available: failed to connect to Docker daemon. Ensure Docker is running and accessible\n  - podman not available: making http client: connection to bastion host=\"127.0.0.1:49782\" failed: dial tcp 127.0.0.1:49782: connect: connection refused\n  - containerd not available: no grpc connection or services is available: unavailable\n  - failed to get image descriptor from registry: error getting credentials - err: exec: \"docker-credential-desktop\": executable file not found in $PATH, out: ``"[0m[0m
[90m10:33PM[0m [33mWRN[0m [1mScan failed for img registry.k8s.io/external-dns/external-dns:v0.15.0 --[0m [36merror=[0m[31m[1m"failed to catalog registry.k8s.io/external-dns/external-dns:v0.15.0: errors occurred attempting to resolve 'registry.k8s.io/external-dns/external-dns:v0.15.0':\n  - no such file or directory\n  - docker not available: failed to connect to Docker daemon. Ensure Docker is running and accessible\n  - podman not available: making http client: connection to bastion host=\"127.0.0.1:49782\" failed: dial tcp 127.0.0.1:49782: connect: connection refused\n  - containerd not available: no grpc connection or services is available: unavailable\n  - failed to get image descriptor from registry: error getting credentials - err: exec: \"docker-credential-desktop\": executable file not found in $PATH, out: ``"[0m[0m
[90m10:33PM[0m [33mWRN[0m [1mScan failed for img ghcr.io/kubereboot/kured:1.16.1 --[0m [36merror=[0m[31m[1m"failed to catalog ghcr.io/kubereboot/kured:1.16.1: errors occurred attempting to resolve 'ghcr.io/kubereboot/kured:1.16.1':\n  - no such file or directory\n  - docker not available: failed to connect to Docker daemon. Ensure Docker is running and accessible\n  - podman not available: making http client: connection to bastion host=\"127.0.0.1:49782\" failed: dial tcp 127.0.0.1:49782: connect: connection refused\n  - containerd not available: no grpc connection or services is available: unavailable\n  - failed to get image descriptor from registry: error getting credentials - err: exec: \"docker-credential-desktop\": executable file not found in $PATH, out: ``"[0m[0m
[90m10:33PM[0m [33mWRN[0m [1mScan failed for img quay.io/backube/volsync:0.10.0 --[0m [36merror=[0m[31m[1m"failed to catalog quay.io/backube/volsync:0.10.0: errors occurred attempting to resolve 'quay.io/backube/volsync:0.10.0':\n  - no such file or directory\n  - docker not available: failed to connect to Docker daemon. Ensure Docker is running and accessible\n  - podman not available: making http client: connection to bastion host=\"127.0.0.1:49782\" failed: dial tcp 127.0.0.1:49782: connect: connection refused\n  - containerd not available: no grpc connection or services is available: unavailable\n  - failed to get image descriptor from registry: error getting credentials - err: exec: \"docker-credential-desktop\": executable file not found in $PATH, out: ``"[0m[0m
[90m10:33PM[0m [33mWRN[0m [1mScan failed for img quay.io/brancz/kube-rbac-proxy:v0.17.1 --[0m [36merror=[0m[31m[1m"failed to catalog quay.io/brancz/kube-rbac-proxy:v0.17.1: errors occurred attempting to resolve 'quay.io/brancz/kube-rbac-proxy:v0.17.1':\n  - no such file or directory\n  - docker not available: failed to connect to Docker daemon. Ensure Docker is running and accessible\n  - podman not available: making http client: connection to bastion host=\"127.0.0.1:49782\" failed: dial tcp 127.0.0.1:49782: connect: connection refused\n  - containerd not available: no grpc connection or services is available: unavailable\n  - failed to get image descriptor from registry: error getting credentials - err: exec: \"docker-credential-desktop\": executable file not found in $PATH, out: ``"[0m[0m
[90m10:33PM[0m [33mWRN[0m [1mScan failed for img oci.external-secrets.io/external-secrets/external-secrets:v0.10.5 --[0m [36merror=[0m[31m[1m"failed to catalog oci.external-secrets.io/external-secrets/external-secrets:v0.10.5: errors occurred attempting to resolve 'oci.external-secrets.io/external-secrets/external-secrets:v0.10.5':\n  - no such file or directory\n  - docker not available: failed to connect to Docker daemon. Ensure Docker is running and accessible\n  - podman not available: making http client: connection to bastion host=\"127.0.0.1:49782\" failed: dial tcp 127.0.0.1:49782: connect: connection refused\n  - containerd not available: no grpc connection or services is available: unavailable\n  - failed to get image descriptor from registry: error getting credentials - err: exec: \"docker-credential-desktop\": executable file not found in $PATH, out: ``"[0m[0m
[90m10:33PM[0m [33mWRN[0m [1mScan failed for img haveagitgat/tdarr_node:2.00.10 --[0m [36merror=[0m[31m[1m"failed to catalog haveagitgat/tdarr_node:2.00.10: errors occurred attempting to resolve 'haveagitgat/tdarr_node:2.00.10':\n  - no such file or directory\n  - docker not available: failed to connect to Docker daemon. Ensure Docker is running and accessible\n  - podman not available: making http client: connection to bastion host=\"127.0.0.1:49782\" failed: dial tcp 127.0.0.1:49782: connect: connection refused\n  - containerd not available: no grpc connection or services is available: unavailable\n  - failed to get image descriptor from registry: error getting credentials - err: exec: \"docker-credential-desktop\": executable file not found in $PATH, out: ``"[0m[0m
[90m10:33PM[0m [33mWRN[0m [1mScan failed for img haveagitgat/tdarr:2.00.18 --[0m [36merror=[0m[31m[1m"failed to catalog haveagitgat/tdarr:2.00.18: errors occurred attempting to resolve 'haveagitgat/tdarr:2.00.18':\n  - no such file or directory\n  - docker not available: failed to connect to Docker daemon. Ensure Docker is running and accessible\n  - podman not available: making http client: connection to bastion host=\"127.0.0.1:49782\" failed: dial tcp 127.0.0.1:49782: connect: connection refused\n  - containerd not available: no grpc connection or services is available: unavailable\n  - failed to get image descriptor from registry: error getting credentials - err: exec: \"docker-credential-desktop\": executable file not found in $PATH, out: ``"[0m[0m
[90m10:33PM[0m [33mWRN[0m [1mScan failed for img linuxserver/librespeed:version-5.2.4 --[0m [36merror=[0m[31m[1m"failed to catalog linuxserver/librespeed:version-5.2.4: errors occurred attempting to resolve 'linuxserver/librespeed:version-5.2.4':\n  - no such file or directory\n  - docker not available: failed to connect to Docker daemon. Ensure Docker is running and accessible\n  - podman not available: making http client: connection to bastion host=\"127.0.0.1:49782\" failed: dial tcp 127.0.0.1:49782: connect: connection refused\n  - containerd not available: no grpc connection or services is available: unavailable\n  - failed to get image descriptor from registry: error getting credentials - err: exec: \"docker-credential-desktop\": executable file not found in $PATH, out: ``"[0m[0m
[90m10:33PM[0m [33mWRN[0m [1mScan failed for img seafileltd/seafile-mc:8.0.7 --[0m [36merror=[0m[31m[1m"failed to catalog seafileltd/seafile-mc:8.0.7: errors occurred attempting to resolve 'seafileltd/seafile-mc:8.0.7':\n  - no such file or directory\n  - docker not available: failed to connect to Docker daemon. Ensure Docker is running and accessible\n  - podman not available: making http client: connection to bastion host=\"127.0.0.1:49782\" failed: dial tcp 127.0.0.1:49782: connect: connection refused\n  - containerd not available: no grpc connection or services is available: unavailable\n  - failed to get image descriptor from registry: error getting credentials - err: exec: \"docker-credential-desktop\": executable file not found in $PATH, out: ``"[0m[0m
[90m10:33PM[0m [33mWRN[0m [1mScan failed for img hjacobs/kube-ops-view:20.4.0 --[0m [36merror=[0m[31m[1m"failed to catalog hjacobs/kube-ops-view:20.4.0: errors occurred attempting to resolve 'hjacobs/kube-ops-view:20.4.0':\n  - no such file or directory\n  - docker not available: failed to connect to Docker daemon. Ensure Docker is running and accessible\n  - podman not available: making http client: connection to bastion host=\"127.0.0.1:49782\" failed: dial tcp 127.0.0.1:49782: connect: connection refused\n  - containerd not available: no grpc connection or services is available: unavailable\n  - failed to get image descriptor from registry: error getting credentials - err: exec: \"docker-credential-desktop\": executable file not found in $PATH, out: ``"[0m[0m
[90m10:33PM[0m [33mWRN[0m [1mScan failed for img louislam/uptime-kuma:1.17.1 --[0m [36merror=[0m[31m[1m"failed to catalog louislam/uptime-kuma:1.17.1: errors occurred attempting to resolve 'louislam/uptime-kuma:1.17.1':\n  - no such file or directory\n  - docker not available: failed to connect to Docker daemon. Ensure Docker is running and accessible\n  - podman not available: making http client: connection to bastion host=\"127.0.0.1:49782\" failed: dial tcp 127.0.0.1:49782: connect: connection refused\n  - containerd not available: no grpc connection or services is available: unavailable\n  - failed to get image descriptor from registry: error getting credentials - err: exec: \"docker-credential-desktop\": executable file not found in $PATH, out: ``"[0m[0m
[90m10:33PM[0m [31mERR[0m [1mCommand failed[0m [36merror=[0m[31m[1m"exit status 1"[0m[0m
[90m10:33PM[0m [31mERR[0m [1mExec failed "dive nginx:1.27": exit status 1
[0m [36merror=[0m[31m[1m"exit status 1\n"[0m[0m
[90m10:34PM[0m [31mERR[0m [1mCommand failed[0m [36merror=[0m[31m[1m"exit status 1"[0m[0m
[90m10:34PM[0m [31mERR[0m [1mExec failed "dive nginx:1.27": exit status 1
[0m [36merror=[0m[31m[1m"exit status 1\n"[0m[0m
[90m10:34PM[0m [31mERR[0m [1mno port-forward defined[0m
[90m10:34PM[0m [33mWRN[0m [1mScan failed for img registry.k8s.io/ingress-nginx/kube-webhook-certgen:v20221220-controller-v1.5.1-58-g787ea74b6 --[0m [36merror=[0m[31m[1m"failed to catalog registry.k8s.io/ingress-nginx/kube-webhook-certgen:v20221220-controller-v1.5.1-58-g787ea74b6: errors occurred attempting to resolve 'registry.k8s.io/ingress-nginx/kube-webhook-certgen:v20221220-controller-v1.5.1-58-g787ea74b6':\n  - no such file or directory\n  - docker not available: failed to connect to Docker daemon. Ensure Docker is running and accessible\n  - podman not available: making http client: connection to bastion host=\"127.0.0.1:49782\" failed: dial tcp 127.0.0.1:49782: connect: connection refused\n  - containerd not available: no grpc connection or services is available: unavailable\n  - failed to get image descriptor from registry: error getting credentials - err: exec: \"docker-credential-desktop\": executable file not found in $PATH, out: ``"[0m[0m
[90m10:34PM[0m [33mWRN[0m [1mScan failed for img docker.io/bitnami/mariadb:10.6.8-debian-11-r9 --[0m [36merror=[0m[31m[1m"failed to catalog docker.io/bitnami/mariadb:10.6.8-debian-11-r9: errors occurred attempting to resolve 'docker.io/bitnami/mariadb:10.6.8-debian-11-r9':\n  - no such file or directory\n  - docker not available: failed to connect to Docker daemon. Ensure Docker is running and accessible\n  - podman not available: making http client: connection to bastion host=\"127.0.0.1:49782\" failed: dial tcp 127.0.0.1:49782: connect: connection refused\n  - containerd not available: no grpc connection or services is available: unavailable\n  - failed to get image descriptor from registry: error getting credentials - err: exec: \"docker-credential-desktop\": executable file not found in $PATH, out: ``"[0m[0m
[90m10:34PM[0m [33mWRN[0m [1mScan failed for img quay.io/prometheus/node-exporter:v1.8.2 --[0m [36merror=[0m[31m[1m"failed to catalog quay.io/prometheus/node-exporter:v1.8.2: errors occurred attempting to resolve 'quay.io/prometheus/node-exporter:v1.8.2':\n  - no such file or directory\n  - docker not available: failed to connect to Docker daemon. Ensure Docker is running and accessible\n  - podman not available: making http client: connection to bastion host=\"127.0.0.1:49782\" failed: dial tcp 127.0.0.1:49782: connect: connection refused\n  - containerd not available: no grpc connection or services is available: unavailable\n  - failed to get image descriptor from registry: error getting credentials - err: exec: \"docker-credential-desktop\": executable file not found in $PATH, out: ``"[0m[0m
[90m10:34PM[0m [33mWRN[0m [1mScan failed for img quay.io/kiwigrid/k8s-sidecar:1.28.0 --[0m [36merror=[0m[31m[1m"failed to catalog quay.io/kiwigrid/k8s-sidecar:1.28.0: errors occurred attempting to resolve 'quay.io/kiwigrid/k8s-sidecar:1.28.0':\n  - no such file or directory\n  - docker not available: failed to connect to Docker daemon. Ensure Docker is running and accessible\n  - podman not available: making http client: connection to bastion host=\"127.0.0.1:49782\" failed: dial tcp 127.0.0.1:49782: connect: connection refused\n  - containerd not available: no grpc connection or services is available: unavailable\n  - failed to get image descriptor from registry: error getting credentials - err: exec: \"docker-credential-desktop\": executable file not found in $PATH, out: ``"[0m[0m
[90m10:34PM[0m [33mWRN[0m [1mScan failed for img registry.k8s.io/kube-state-metrics/kube-state-metrics:v2.13.0 --[0m [36merror=[0m[31m[1m"failed to catalog registry.k8s.io/kube-state-metrics/kube-state-metrics:v2.13.0: errors occurred attempting to resolve 'registry.k8s.io/kube-state-metrics/kube-state-metrics:v2.13.0':\n  - no such file or directory\n  - docker not available: failed to connect to Docker daemon. Ensure Docker is running and accessible\n  - podman not available: making http client: connection to bastion host=\"127.0.0.1:49782\" failed: dial tcp 127.0.0.1:49782: connect: connection refused\n  - containerd not available: no grpc connection or services is available: unavailable\n  - failed to get image descriptor from registry: error getting credentials - err: exec: \"docker-credential-desktop\": executable file not found in $PATH, out: ``"[0m[0m
[90m10:34PM[0m [33mWRN[0m [1mScan failed for img quay.io/kiwigrid/k8s-sidecar:1.28.0 --[0m [36merror=[0m[31m[1m"failed to catalog quay.io/kiwigrid/k8s-sidecar:1.28.0: errors occurred attempting to resolve 'quay.io/kiwigrid/k8s-sidecar:1.28.0':\n  - no such file or directory\n  - docker not available: failed to connect to Docker daemon. Ensure Docker is running and accessible\n  - podman not available: making http client: connection to bastion host=\"127.0.0.1:49782\" failed: dial tcp 127.0.0.1:49782: connect: connection refused\n  - containerd not available: no grpc connection or services is available: unavailable\n  - failed to get image descriptor from registry: error getting credentials - err: exec: \"docker-credential-desktop\": executable file not found in $PATH, out: ``"[0m[0m
[90m10:34PM[0m [33mWRN[0m [1mScan failed for img docker.io/grafana/grafana:11.3.0 --[0m [36merror=[0m[31m[1m"failed to catalog docker.io/grafana/grafana:11.3.0: errors occurred attempting to resolve 'docker.io/grafana/grafana:11.3.0':\n  - no such file or directory\n  - docker not available: failed to connect to Docker daemon. Ensure Docker is running and accessible\n  - podman not available: making http client: connection to bastion host=\"127.0.0.1:49782\" failed: dial tcp 127.0.0.1:49782: connect: connection refused\n  - containerd not available: no grpc connection or services is available: unavailable\n  - failed to get image descriptor from registry: error getting credentials - err: exec: \"docker-credential-desktop\": executable file not found in $PATH, out: ``"[0m[0m
[90m10:34PM[0m [33mWRN[0m [1mScan failed for img quay.io/prometheus-operator/prometheus-operator:v0.77.2 --[0m [36merror=[0m[31m[1m"failed to catalog quay.io/prometheus-operator/prometheus-operator:v0.77.2: errors occurred attempting to resolve 'quay.io/prometheus-operator/prometheus-operator:v0.77.2':\n  - no such file or directory\n  - docker not available: failed to connect to Docker daemon. Ensure Docker is running and accessible\n  - podman not available: making http client: connection to bastion host=\"127.0.0.1:49782\" failed: dial tcp 127.0.0.1:49782: connect: connection refused\n  - containerd not available: no grpc connection or services is available: unavailable\n  - failed to get image descriptor from registry: error getting credentials - err: exec: \"docker-credential-desktop\": executable file not found in $PATH, out: ``"[0m[0m
[90m10:34PM[0m [33mWRN[0m [1mScan failed for img quay.io/prometheus-operator/prometheus-config-reloader:v0.77.2 --[0m [36merror=[0m[31m[1m"failed to catalog quay.io/prometheus-operator/prometheus-config-reloader:v0.77.2: errors occurred attempting to resolve 'quay.io/prometheus-operator/prometheus-config-reloader:v0.77.2':\n  - no such file or directory\n  - docker not available: failed to connect to Docker daemon. Ensure Docker is running and accessible\n  - podman not available: making http client: connection to bastion host=\"127.0.0.1:49782\" failed: dial tcp 127.0.0.1:49782: connect: connection refused\n  - containerd not available: no grpc connection or services is available: unavailable\n  - failed to get image descriptor from registry: error getting credentials - err: exec: \"docker-credential-desktop\": executable file not found in $PATH, out: ``"[0m[0m
[90m10:34PM[0m [33mWRN[0m [1mScan failed for img quay.io/prometheus/alertmanager:v0.27.0 --[0m [36merror=[0m[31m[1m"failed to catalog quay.io/prometheus/alertmanager:v0.27.0: errors occurred attempting to resolve 'quay.io/prometheus/alertmanager:v0.27.0':\n  - no such file or directory\n  - docker not available: failed to connect to Docker daemon. Ensure Docker is running and accessible\n  - podman not available: making http client: connection to bastion host=\"127.0.0.1:49782\" failed: dial tcp 127.0.0.1:49782: connect: connection refused\n  - containerd not available: no grpc connection or services is available: unavailable\n  - failed to get image descriptor from registry: error getting credentials - err: exec: \"docker-credential-desktop\": executable file not found in $PATH, out: ``"[0m[0m
[90m10:34PM[0m [33mWRN[0m [1mScan failed for img quay.io/prometheus/prometheus:v2.55.0 --[0m [36merror=[0m[31m[1m"failed to catalog quay.io/prometheus/prometheus:v2.55.0: errors occurred attempting to resolve 'quay.io/prometheus/prometheus:v2.55.0':\n  - no such file or directory\n  - docker not available: failed to connect to Docker daemon. Ensure Docker is running and accessible\n  - podman not available: making http client: connection to bastion host=\"127.0.0.1:49782\" failed: dial tcp 127.0.0.1:49782: connect: connection refused\n  - containerd not available: no grpc connection or services is available: unavailable\n  - failed to get image descriptor from registry: error getting credentials - err: exec: \"docker-credential-desktop\": executable file not found in $PATH, out: ``"[0m[0m
[90m10:35PM[0m [33mWRN[0m [1mScan failed for img ghcr.io/dexidp/dex:v2.41.1 --[0m [36merror=[0m[31m[1m"failed to catalog ghcr.io/dexidp/dex:v2.41.1: errors occurred attempting to resolve 'ghcr.io/dexidp/dex:v2.41.1':\n  - no such file or directory\n  - docker not available: failed to connect to Docker daemon. Ensure Docker is running and accessible\n  - podman not available: making http client: connection to bastion host=\"127.0.0.1:49782\" failed: dial tcp 127.0.0.1:49782: connect: connection refused\n  - containerd not available: no grpc connection or services is available: unavailable\n  - failed to get image descriptor from registry: error getting credentials - err: exec: \"docker-credential-desktop\": executable file not found in $PATH, out: ``"[0m[0m
[90m10:35PM[0m [33mWRN[0m [1mScan failed for img ghcr.io/tarampampam/error-pages:3.3.0 --[0m [36merror=[0m[31m[1m"failed to catalog ghcr.io/tarampampam/error-pages:3.3.0: errors occurred attempting to resolve 'ghcr.io/tarampampam/error-pages:3.3.0':\n  - no such file or directory\n  - docker not available: failed to connect to Docker daemon. Ensure Docker is running and accessible\n  - podman not available: making http client: connection to bastion host=\"127.0.0.1:49782\" failed: dial tcp 127.0.0.1:49782: connect: connection refused\n  - containerd not available: no grpc connection or services is available: unavailable\n  - failed to get image descriptor from registry: error getting credentials - err: exec: \"docker-credential-desktop\": executable file not found in $PATH, out: ``"[0m[0m
[90m10:35PM[0m [33mWRN[0m [1mScan failed for img registry.k8s.io/ingress-nginx/controller:v1.11.3@sha256:d56f135b6462cfc476447cfe564b83a45e8bb7da2774963b00d12161112270b7 --[0m [36merror=[0m[31m[1m"failed to catalog registry.k8s.io/ingress-nginx/controller:v1.11.3@sha256:d56f135b6462cfc476447cfe564b83a45e8bb7da2774963b00d12161112270b7: errors occurred attempting to resolve 'registry.k8s.io/ingress-nginx/controller:v1.11.3@sha256:d56f135b6462cfc476447cfe564b83a45e8bb7da2774963b00d12161112270b7':\n  - no such file or directory\n  - docker not available: failed to connect to Docker daemon. Ensure Docker is running and accessible\n  - podman not available: making http client: connection to bastion host=\"127.0.0.1:49782\" failed: dial tcp 127.0.0.1:49782: connect: connection refused\n  - containerd not available: no grpc connection or services is available: unavailable\n  - failed to get image descriptor from registry: error getting credentials - err: exec: \"docker-credential-desktop\": executable file not found in $PATH, out: ``"[0m[0m
[90m10:35PM[0m [33mWRN[0m [1mScan failed for img quay.io/jetstack/cert-manager-cainjector:v1.16.1 --[0m [36merror=[0m[31m[1m"failed to catalog quay.io/jetstack/cert-manager-cainjector:v1.16.1: errors occurred attempting to resolve 'quay.io/jetstack/cert-manager-cainjector:v1.16.1':\n  - no such file or directory\n  - docker not available: failed to connect to Docker daemon. Ensure Docker is running and accessible\n  - podman not available: making http client: connection to bastion host=\"127.0.0.1:49782\" failed: dial tcp 127.0.0.1:49782: connect: connection refused\n  - containerd not available: no grpc connection or services is available: unavailable\n  - failed to get image descriptor from registry: error getting credentials - err: exec: \"docker-credential-desktop\": executable file not found in $PATH, out: ``"[0m[0m
[90m10:35PM[0m [33mWRN[0m [1mScan failed for img quay.io/jetstack/cert-manager-controller:v1.16.1 --[0m [36merror=[0m[31m[1m"failed to catalog quay.io/jetstack/cert-manager-controller:v1.16.1: errors occurred attempting to resolve 'quay.io/jetstack/cert-manager-controller:v1.16.1':\n  - no such file or directory\n  - docker not available: failed to connect to Docker daemon. Ensure Docker is running and accessible\n  - podman not available: making http client: connection to bastion host=\"127.0.0.1:49782\" failed: dial tcp 127.0.0.1:49782: connect: connection refused\n  - containerd not available: no grpc connection or services is available: unavailable\n  - failed to get image descriptor from registry: error getting credentials - err: exec: \"docker-credential-desktop\": executable file not found in $PATH, out: ``"[0m[0m
[90m10:35PM[0m [33mWRN[0m [1mScan failed for img quay.io/jetstack/cert-manager-webhook:v1.16.1 --[0m [36merror=[0m[31m[1m"failed to catalog quay.io/jetstack/cert-manager-webhook:v1.16.1: errors occurred attempting to resolve 'quay.io/jetstack/cert-manager-webhook:v1.16.1':\n  - no such file or directory\n  - docker not available: failed to connect to Docker daemon. Ensure Docker is running and accessible\n  - podman not available: making http client: connection to bastion host=\"127.0.0.1:49782\" failed: dial tcp 127.0.0.1:49782: connect: connection refused\n  - containerd not available: no grpc connection or services is available: unavailable\n  - failed to get image descriptor from registry: error getting credentials - err: exec: \"docker-credential-desktop\": executable file not found in $PATH, out: ``"[0m[0m
[90m10:35PM[0m [33mWRN[0m [1mScan failed for img grafana/loki:2.6.1 --[0m [36merror=[0m[31m[1m"failed to catalog grafana/loki:2.6.1: errors occurred attempting to resolve 'grafana/loki:2.6.1':\n  - no such file or directory\n  - docker not available: failed to connect to Docker daemon. Ensure Docker is running and accessible\n  - podman not available: making http client: connection to bastion host=\"127.0.0.1:49782\" failed: dial tcp 127.0.0.1:49782: connect: connection refused\n  - containerd not available: no grpc connection or services is available: unavailable\n  - failed to get image descriptor from registry: error getting credentials - err: exec: \"docker-credential-desktop\": executable file not found in $PATH, out: ``"[0m[0m
[90m10:35PM[0m [33mWRN[0m [1mScan failed for img docker.io/grafana/promtail:2.9.3 --[0m [36merror=[0m[31m[1m"failed to catalog docker.io/grafana/promtail:2.9.3: errors occurred attempting to resolve 'docker.io/grafana/promtail:2.9.3':\n  - no such file or directory\n  - docker not available: failed to connect to Docker daemon. Ensure Docker is running and accessible\n  - podman not available: making http client: connection to bastion host=\"127.0.0.1:49782\" failed: dial tcp 127.0.0.1:49782: connect: connection refused\n  - containerd not available: no grpc connection or services is available: unavailable\n  - failed to get image descriptor from registry: error getting credentials - err: exec: \"docker-credential-desktop\": executable file not found in $PATH, out: ``"[0m[0m
[90m10:35PM[0m [31mERR[0m [1mlogs-stream[0m [36merror=[0m[31m[1m"stream logs failed container \"controller\" in pod \"ingress-nginx-controller-c68df9d84-pjx6c\" is waiting to start: ContainerCreating for ingress-nginx/ingress-nginx-controller-c68df9d84-pjx6c (controller)"[0m[0m
[90m10:35PM[0m [31mERR[0m [1mlogs-stream[0m [36merror=[0m[31m[1m"stream logs failed container \"controller\" in pod \"ingress-nginx-controller-c68df9d84-pjx6c\" is waiting to start: ContainerCreating for ingress-nginx/ingress-nginx-controller-c68df9d84-pjx6c (controller)"[0m[0m
[90m10:35PM[0m [31mERR[0m [1mlogs-stream[0m [36merror=[0m[31m[1m"stream logs failed container \"controller\" in pod \"ingress-nginx-controller-c68df9d84-pjx6c\" is waiting to start: ContainerCreating for ingress-nginx/ingress-nginx-controller-c68df9d84-pjx6c (controller)"[0m[0m
[90m10:36PM[0m [33mWRN[0m [1mlog-reader canceled[0m [36merror=[0m[31m[1m"Stream canceled context canceled for ingress-nginx/ingress-nginx-controller-c68df9d84-pjx6c (controller)"[0m[0m
[90m10:36PM[0m [33mWRN[0m [1mScan failed for img registry.k8s.io/sig-storage/snapshot-controller:v8.1.0 --[0m [36merror=[0m[31m[1m"failed to catalog registry.k8s.io/sig-storage/snapshot-controller:v8.1.0: errors occurred attempting to resolve 'registry.k8s.io/sig-storage/snapshot-controller:v8.1.0':\n  - no such file or directory\n  - docker not available: failed to connect to Docker daemon. Ensure Docker is running and accessible\n  - podman not available: making http client: connection to bastion host=\"127.0.0.1:49782\" failed: dial tcp 127.0.0.1:49782: connect: connection refused\n  - containerd not available: no grpc connection or services is available: unavailable\n  - failed to get image descriptor from registry: error getting credentials - err: exec: \"docker-credential-desktop\": executable file not found in $PATH, out: ``"[0m[0m
[90m10:36PM[0m [33mWRN[0m [1mScan failed for img registry.k8s.io/sig-storage/snapshot-validation-webhook:v8.1.0 --[0m [36merror=[0m[31m[1m"failed to catalog registry.k8s.io/sig-storage/snapshot-validation-webhook:v8.1.0: errors occurred attempting to resolve 'registry.k8s.io/sig-storage/snapshot-validation-webhook:v8.1.0':\n  - no such file or directory\n  - docker not available: failed to connect to Docker daemon. Ensure Docker is running and accessible\n  - podman not available: making http client: connection to bastion host=\"127.0.0.1:49782\" failed: dial tcp 127.0.0.1:49782: connect: connection refused\n  - containerd not available: no grpc connection or services is available: unavailable\n  - failed to get image descriptor from registry: error getting credentials - err: exec: \"docker-credential-desktop\": executable file not found in $PATH, out: ``"[0m[0m
[90m10:36PM[0m [33mWRN[0m [1mScan failed for img docker.io/rook/ceph:v1.15.4 --[0m [36merror=[0m[31m[1m"failed to catalog docker.io/rook/ceph:v1.15.4: errors occurred attempting to resolve 'docker.io/rook/ceph:v1.15.4':\n  - no such file or directory\n  - docker not available: failed to connect to Docker daemon. Ensure Docker is running and accessible\n  - podman not available: making http client: connection to bastion host=\"127.0.0.1:49782\" failed: dial tcp 127.0.0.1:49782: connect: connection refused\n  - containerd not available: no grpc connection or services is available: unavailable\n  - failed to get image descriptor from registry: error getting credentials - err: exec: \"docker-credential-desktop\": executable file not found in $PATH, out: ``"[0m[0m
[90m10:39PM[0m [33mWRN[0m [1mScan failed for img quay.io/ceph/ceph:v18.2.4 --[0m [36merror=[0m[31m[1m"failed to catalog quay.io/ceph/ceph:v18.2.4: errors occurred attempting to resolve 'quay.io/ceph/ceph:v18.2.4':\n  - no such file or directory\n  - docker not available: failed to connect to Docker daemon. Ensure Docker is running and accessible\n  - podman not available: making http client: connection to bastion host=\"127.0.0.1:49782\" failed: dial tcp 127.0.0.1:49782: connect: connection refused\n  - containerd not available: no grpc connection or services is available: unavailable\n  - failed to get image descriptor from registry: error getting credentials - err: exec: \"docker-credential-desktop\": executable file not found in $PATH, out: ``"[0m[0m
[90m10:39PM[0m [33mWRN[0m [1mScan failed for img registry.k8s.io/sig-storage/csi-node-driver-registrar:v2.11.1 --[0m [36merror=[0m[31m[1m"failed to catalog registry.k8s.io/sig-storage/csi-node-driver-registrar:v2.11.1: errors occurred attempting to resolve 'registry.k8s.io/sig-storage/csi-node-driver-registrar:v2.11.1':\n  - no such file or directory\n  - docker not available: failed to connect to Docker daemon. Ensure Docker is running and accessible\n  - podman not available: making http client: connection to bastion host=\"127.0.0.1:49782\" failed: dial tcp 127.0.0.1:49782: connect: connection refused\n  - containerd not available: no grpc connection or services is available: unavailable\n  - failed to get image descriptor from registry: error getting credentials - err: exec: \"docker-credential-desktop\": executable file not found in $PATH, out: ``"[0m[0m
[90m10:39PM[0m [33mWRN[0m [1mScan failed for img quay.io/cephcsi/cephcsi:v3.12.2 --[0m [36merror=[0m[31m[1m"failed to catalog quay.io/cephcsi/cephcsi:v3.12.2: errors occurred attempting to resolve 'quay.io/cephcsi/cephcsi:v3.12.2':\n  - no such file or directory\n  - docker not available: failed to connect to Docker daemon. Ensure Docker is running and accessible\n  - podman not available: making http client: connection to bastion host=\"127.0.0.1:49782\" failed: dial tcp 127.0.0.1:49782: connect: connection refused\n  - containerd not available: no grpc connection or services is available: unavailable\n  - failed to get image descriptor from registry: error getting credentials - err: exec: \"docker-credential-desktop\": executable file not found in $PATH, out: ``"[0m[0m
[90m10:39PM[0m [33mWRN[0m [1mScan failed for img registry.k8s.io/sig-storage/csi-resizer:v1.11.1 --[0m [36merror=[0m[31m[1m"failed to catalog registry.k8s.io/sig-storage/csi-resizer:v1.11.1: errors occurred attempting to resolve 'registry.k8s.io/sig-storage/csi-resizer:v1.11.1':\n  - no such file or directory\n  - docker not available: failed to connect to Docker daemon. Ensure Docker is running and accessible\n  - podman not available: making http client: connection to bastion host=\"127.0.0.1:49782\" failed: dial tcp 127.0.0.1:49782: connect: connection refused\n  - containerd not available: no grpc connection or services is available: unavailable\n  - failed to get image descriptor from registry: error getting credentials - err: exec: \"docker-credential-desktop\": executable file not found in $PATH, out: ``"[0m[0m
[90m10:39PM[0m [33mWRN[0m [1mScan failed for img registry.k8s.io/sig-storage/csi-attacher:v4.6.1 --[0m [36merror=[0m[31m[1m"failed to catalog registry.k8s.io/sig-storage/csi-attacher:v4.6.1: errors occurred attempting to resolve 'registry.k8s.io/sig-storage/csi-attacher:v4.6.1':\n  - no such file or directory\n  - docker not available: failed to connect to Docker daemon. Ensure Docker is running and accessible\n  - podman not available: making http client: connection to bastion host=\"127.0.0.1:49782\" failed: dial tcp 127.0.0.1:49782: connect: connection refused\n  - containerd not available: no grpc connection or services is available: unavailable\n  - failed to get image descriptor from registry: error getting credentials - err: exec: \"docker-credential-desktop\": executable file not found in $PATH, out: ``"[0m[0m
[90m10:39PM[0m [33mWRN[0m [1mScan failed for img registry.k8s.io/sig-storage/csi-provisioner:v5.0.1 --[0m [36merror=[0m[31m[1m"failed to catalog registry.k8s.io/sig-storage/csi-provisioner:v5.0.1: errors occurred attempting to resolve 'registry.k8s.io/sig-storage/csi-provisioner:v5.0.1':\n  - no such file or directory\n  - docker not available: failed to connect to Docker daemon. Ensure Docker is running and accessible\n  - podman not available: making http client: connection to bastion host=\"127.0.0.1:49782\" failed: dial tcp 127.0.0.1:49782: connect: connection refused\n  - containerd not available: no grpc connection or services is available: unavailable\n  - failed to get image descriptor from registry: error getting credentials - err: exec: \"docker-credential-desktop\": executable file not found in $PATH, out: ``"[0m[0m
[90m10:39PM[0m [33mWRN[0m [1mScan failed for img registry.k8s.io/sig-storage/csi-snapshotter:v8.0.1 --[0m [36merror=[0m[31m[1m"failed to catalog registry.k8s.io/sig-storage/csi-snapshotter:v8.0.1: errors occurred attempting to resolve 'registry.k8s.io/sig-storage/csi-snapshotter:v8.0.1':\n  - no such file or directory\n  - docker not available: failed to connect to Docker daemon. Ensure Docker is running and accessible\n  - podman not available: making http client: connection to bastion host=\"127.0.0.1:49782\" failed: dial tcp 127.0.0.1:49782: connect: connection refused\n  - containerd not available: no grpc connection or services is available: unavailable\n  - failed to get image descriptor from registry: error getting credentials - err: exec: \"docker-credential-desktop\": executable file not found in $PATH, out: ``"[0m[0m
[90m11:58PM[0m [33mWRN[0m [1mlog-reader canceled[0m [36merror=[0m[31m[1m"Stream canceled read tcp 192.168.1.109:50406->192.168.1.101:6443: read: connection reset by peer for cert-manager/cert-manager-dc6d88f94-6bz89 (cert-manager-controller)"[0m[0m
[90m7:51AM[0m [31mERR[0m [1mcan't connect to cluster[0m [36merror=[0m[31m[1m"Get \"https://192.168.1.101:6443/version?timeout=15s\": net/http: request canceled (Client.Timeout exceeded while awaiting headers)"[0m[0m
[90m7:51AM[0m [31mERR[0m [1mClusterUpdater failed[0m [36merror=[0m[31m[1m"conn check failed (1/5)"[0m[0m
[90m8:00AM[0m [31mERR[0m [1mcan't connect to cluster[0m [36merror=[0m[31m[1m"Get \"https://192.168.1.101:6443/version?timeout=15s\": net/http: request canceled (Client.Timeout exceeded while awaiting headers)"[0m[0m
[90m8:00AM[0m [31mERR[0m [1mClusterUpdater failed[0m [36merror=[0m[31m[1m"conn check failed (2/5)"[0m[0m
[90m8:39AM[0m [31mERR[0m [1mcan't connect to cluster[0m [36merror=[0m[31m[1m"Get \"https://192.168.1.101:6443/version?timeout=15s\": net/http: request canceled (Client.Timeout exceeded while awaiting headers)"[0m[0m
[90m8:39AM[0m [31mERR[0m [1mClusterUpdater failed[0m [36merror=[0m[31m[1m"conn check failed (1/5)"[0m[0m
[90m8:39AM[0m [33mWRN[0m [1mlog-reader canceled[0m [36merror=[0m[31m[1m"Stream canceled context canceled for cert-manager/cert-manager-dc6d88f94-6bz89 (cert-manager-controller)"[0m[0m
[90m8:52AM[0m [31mERR[0m [1mcan't connect to cluster[0m [36merror=[0m[31m[1m"Get \"https://192.168.1.101:6443/version?timeout=15s\": net/http: request canceled (Client.Timeout exceeded while awaiting headers)"[0m[0m
[90m8:52AM[0m [31mERR[0m [1mClusterUpdater failed[0m [36merror=[0m[31m[1m"conn check failed (1/5)"[0m[0m
[90m8:52AM[0m [33mWRN[0m [1mlog-reader canceled[0m [36merror=[0m[31m[1m"Stream canceled context canceled for cert-manager/cert-manager-dc6d88f94-6bz89 (cert-manager-controller)"[0m[0m
[90m8:52AM[0m [31mERR[0m [1mcan't connect to cluster[0m [36merror=[0m[31m[1m"Get \"https://192.168.1.101:6443/version?timeout=15s\": http2: client connection lost"[0m[0m
[90m8:52AM[0m [31mERR[0m [1mClusterUpdater failed[0m [36merror=[0m[31m[1m"conn check failed (2/5)"[0m[0m
[90m9:02AM[0m [31mERR[0m [1mcan't connect to cluster[0m [36merror=[0m[31m[1m"Get \"https://192.168.1.101:6443/version?timeout=15s\": net/http: request canceled (Client.Timeout exceeded while awaiting headers)"[0m[0m
[90m9:02AM[0m [31mERR[0m [1mClusterUpdater failed[0m [36merror=[0m[31m[1m"conn check failed (1/5)"[0m[0m
[90m9:02AM[0m [33mWRN[0m [1mlog-reader canceled[0m [36merror=[0m[31m[1m"Stream canceled context canceled for cert-manager/cert-manager-dc6d88f94-6bz89 (cert-manager-controller)"[0m[0m
[90m9:45AM[0m [31mERR[0m [1mcan't connect to cluster[0m [36merror=[0m[31m[1m"Get \"https://192.168.1.101:6443/version?timeout=15s\": net/http: request canceled (Client.Timeout exceeded while awaiting headers)"[0m[0m
[90m9:45AM[0m [31mERR[0m [1mClusterUpdater failed[0m [36merror=[0m[31m[1m"conn check failed (1/5)"[0m[0m
[90m9:45AM[0m [33mWRN[0m [1mlog-reader canceled[0m [36merror=[0m[31m[1m"Stream canceled context canceled for cert-manager/cert-manager-dc6d88f94-6bz89 (cert-manager-controller)"[0m[0m
[90m9:53AM[0m [31mERR[0m [1mcan't connect to cluster[0m [36merror=[0m[31m[1m"Get \"https://192.168.1.101:6443/version?timeout=15s\": net/http: request canceled (Client.Timeout exceeded while awaiting headers)"[0m[0m
[90m9:53AM[0m [31mERR[0m [1mClusterUpdater failed[0m [36merror=[0m[31m[1m"conn check failed (1/5)"[0m[0m
[90m9:53AM[0m [33mWRN[0m [1mlog-reader canceled[0m [36merror=[0m[31m[1m"Stream canceled context canceled for cert-manager/cert-manager-dc6d88f94-6bz89 (cert-manager-controller)"[0m[0m
[90m9:53AM[0m [31mERR[0m [1mcan't connect to cluster[0m [36merror=[0m[31m[1m"Get \"https://192.168.1.101:6443/version?timeout=15s\": http2: client connection lost"[0m[0m
[90m9:53AM[0m [31mERR[0m [1mClusterUpdater failed[0m [36merror=[0m[31m[1m"conn check failed (2/5)"[0m[0m
[90m11:13AM[0m [31mERR[0m [1mcan't connect to cluster[0m [36merror=[0m[31m[1m"Get \"https://192.168.1.101:6443/version?timeout=15s\": net/http: request canceled (Client.Timeout exceeded while awaiting headers)"[0m[0m
[90m11:13AM[0m [31mERR[0m [1mClusterUpdater failed[0m [36merror=[0m[31m[1m"conn check failed (1/5)"[0m[0m
[90m11:13AM[0m [33mWRN[0m [1mlog-reader canceled[0m [36merror=[0m[31m[1m"Stream canceled context canceled for cert-manager/cert-manager-dc6d88f94-6bz89 (cert-manager-controller)"[0m[0m
[90m11:17AM[0m [31mERR[0m [1mcan't connect to cluster[0m [36merror=[0m[31m[1m"Get \"https://192.168.1.101:6443/version?timeout=15s\": net/http: request canceled (Client.Timeout exceeded while awaiting headers)"[0m[0m
[90m11:17AM[0m [31mERR[0m [1mClusterUpdater failed[0m [36merror=[0m[31m[1m"conn check failed (1/5)"[0m[0m
[90m11:17AM[0m [33mWRN[0m [1mlog-reader canceled[0m [36merror=[0m[31m[1m"Stream canceled context canceled for cert-manager/cert-manager-dc6d88f94-6bz89 (cert-manager-controller)"[0m[0m
[90m11:18AM[0m [31mERR[0m [1mcan't connect to cluster[0m [36merror=[0m[31m[1m"Get \"https://192.168.1.101:6443/version?timeout=15s\": http2: client connection lost"[0m[0m
[90m11:18AM[0m [31mERR[0m [1mClusterUpdater failed[0m [36merror=[0m[31m[1m"conn check failed (2/5)"[0m[0m
[90m11:34AM[0m [31mERR[0m [1mcan't connect to cluster[0m [36merror=[0m[31m[1m"Get \"https://192.168.1.101:6443/version?timeout=15s\": net/http: request canceled (Client.Timeout exceeded while awaiting headers)"[0m[0m
[90m11:34AM[0m [31mERR[0m [1mClusterUpdater failed[0m [36merror=[0m[31m[1m"conn check failed (1/5)"[0m[0m
[90m11:34AM[0m [33mWRN[0m [1mlog-reader canceled[0m [36merror=[0m[31m[1m"Stream canceled context canceled for cert-manager/cert-manager-dc6d88f94-6bz89 (cert-manager-controller)"[0m[0m
[90m11:46AM[0m [31mERR[0m [1mcan't connect to cluster[0m [36merror=[0m[31m[1m"Get \"https://192.168.1.101:6443/version?timeout=15s\": net/http: request canceled (Client.Timeout exceeded while awaiting headers)"[0m[0m
[90m11:46AM[0m [31mERR[0m [1mClusterUpdater failed[0m [36merror=[0m[31m[1m"conn check failed (1/5)"[0m[0m
[90m11:46AM[0m [33mWRN[0m [1mlog-reader canceled[0m [36merror=[0m[31m[1m"Stream canceled context canceled for cert-manager/cert-manager-dc6d88f94-6bz89 (cert-manager-controller)"[0m[0m
[90m12:59PM[0m [31mERR[0m [1mcan't connect to cluster[0m [36merror=[0m[31m[1m"Get \"https://192.168.1.101:6443/version?timeout=15s\": net/http: request canceled (Client.Timeout exceeded while awaiting headers)"[0m[0m
[90m12:59PM[0m [31mERR[0m [1mClusterUpdater failed[0m [36merror=[0m[31m[1m"conn check failed (1/5)"[0m[0m
[90m12:59PM[0m [33mWRN[0m [1mlog-reader canceled[0m [36merror=[0m[31m[1m"Stream canceled context canceled for cert-manager/cert-manager-dc6d88f94-6bz89 (cert-manager-controller)"[0m[0m
[90m3:17PM[0m [31mERR[0m [1mcan't connect to cluster[0m [36merror=[0m[31m[1m"Get \"https://192.168.1.101:6443/version?timeout=15s\": net/http: request canceled (Client.Timeout exceeded while awaiting headers)"[0m[0m
[90m3:17PM[0m [31mERR[0m [1mClusterUpdater failed[0m [36merror=[0m[31m[1m"conn check failed (1/5)"[0m[0m
[90m3:17PM[0m [33mWRN[0m [1mlog-reader canceled[0m [36merror=[0m[31m[1m"Stream canceled context canceled for cert-manager/cert-manager-dc6d88f94-6bz89 (cert-manager-controller)"[0m[0m
[90m3:17PM[0m [31mERR[0m [1mcan't connect to cluster[0m [36merror=[0m[31m[1m"Get \"https://192.168.1.101:6443/version?timeout=15s\": http2: client connection lost"[0m[0m
[90m3:17PM[0m [31mERR[0m [1mClusterUpdater failed[0m [36merror=[0m[31m[1m"conn check failed (2/5)"[0m[0m
[90m4:26PM[0m [33mWRN[0m [1mlog-reader canceled[0m [36merror=[0m[31m[1m"Stream canceled read tcp 192.168.1.109:54293->192.168.1.101:6443: read: connection reset by peer for cert-manager/cert-manager-dc6d88f94-6bz89 (cert-manager-controller)"[0m[0m
[90m4:30PM[0m [31mERR[0m [1mcan't connect to cluster[0m [36merror=[0m[31m[1m"Get \"https://192.168.1.101:6443/version?timeout=15s\": net/http: request canceled (Client.Timeout exceeded while awaiting headers)"[0m[0m
[90m4:30PM[0m [31mERR[0m [1mClusterUpdater failed[0m [36merror=[0m[31m[1m"conn check failed (1/5)"[0m[0m
[90m4:30PM[0m [31mERR[0m [1mcan't connect to cluster[0m [36merror=[0m[31m[1m"Get \"https://192.168.1.101:6443/version?timeout=15s\": http2: client connection lost"[0m[0m
[90m4:30PM[0m [31mERR[0m [1mClusterUpdater failed[0m [36merror=[0m[31m[1m"conn check failed (2/5)"[0m[0m
[90m6:04PM[0m [33mWRN[0m [1mlog-reader canceled[0m [36merror=[0m[31m[1m"Stream canceled read tcp 192.168.1.109:54984->192.168.1.101:6443: read: connection reset by peer for cert-manager/cert-manager-dc6d88f94-6bz89 (cert-manager-controller)"[0m[0m
[90m6:09PM[0m [31mERR[0m [1mcan't connect to cluster[0m [36merror=[0m[31m[1m"Get \"https://192.168.1.101:6443/version?timeout=15s\": net/http: request canceled (Client.Timeout exceeded while awaiting headers)"[0m[0m
[90m6:09PM[0m [31mERR[0m [1mClusterUpdater failed[0m [36merror=[0m[31m[1m"conn check failed (1/5)"[0m[0m
[90m6:09PM[0m [31mERR[0m [1mcan't connect to cluster[0m [36merror=[0m[31m[1m"Get \"https://192.168.1.101:6443/version?timeout=15s\": http2: client connection lost"[0m[0m
[90m6:09PM[0m [31mERR[0m [1mClusterUpdater failed[0m [36merror=[0m[31m[1m"conn check failed (2/5)"[0m[0m
[90m6:28PM[0m [33mWRN[0m [1mlog-reader canceled[0m [36merror=[0m[31m[1m"Stream canceled read tcp 192.168.1.109:57524->192.168.1.101:6443: read: connection reset by peer for cert-manager/cert-manager-dc6d88f94-6bz89 (cert-manager-controller)"[0m[0m
[90m7:56PM[0m [31mERR[0m [1mcan't connect to cluster[0m [36merror=[0m[31m[1m"Get \"https://192.168.1.101:6443/version?timeout=15s\": net/http: request canceled (Client.Timeout exceeded while awaiting headers)"[0m[0m
[90m7:56PM[0m [31mERR[0m [1mClusterUpdater failed[0m [36merror=[0m[31m[1m"conn check failed (1/5)"[0m[0m
[90m7:56PM[0m [31mERR[0m [1mcan't connect to cluster[0m [36merror=[0m[31m[1m"Get \"https://192.168.1.101:6443/version?timeout=15s\": http2: client connection lost"[0m[0m
[90m7:56PM[0m [31mERR[0m [1mClusterUpdater failed[0m [36merror=[0m[31m[1m"conn check failed (2/5)"[0m[0m
[90m8:10PM[0m [31mERR[0m [1mcan't connect to cluster[0m [36merror=[0m[31m[1m"Get \"https://192.168.1.101:6443/version?timeout=15s\": net/http: request canceled (Client.Timeout exceeded while awaiting headers)"[0m[0m
[90m8:10PM[0m [31mERR[0m [1mClusterUpdater failed[0m [36merror=[0m[31m[1m"conn check failed (1/5)"[0m[0m
[90m8:10PM[0m [33mWRN[0m [1mlog-reader canceled[0m [36merror=[0m[31m[1m"Stream canceled context canceled for cert-manager/cert-manager-dc6d88f94-6bz89 (cert-manager-controller)"[0m[0m
[90m8:26PM[0m [31mERR[0m [1mcan't connect to cluster[0m [36merror=[0m[31m[1m"Get \"https://192.168.1.101:6443/version?timeout=15s\": context deadline exceeded (Client.Timeout exceeded while awaiting headers)"[0m[0m
[90m8:26PM[0m [31mERR[0m [1mClusterUpdater failed[0m [36merror=[0m[31m[1m"conn check failed (1/5)"[0m[0m
[90m8:26PM[0m [33mWRN[0m [1mlog-reader canceled[0m [36merror=[0m[31m[1m"Stream canceled context canceled for cert-manager/cert-manager-dc6d88f94-6bz89 (cert-manager-controller)"[0m[0m
[90m8:26PM[0m [31mERR[0m [1mcan't connect to cluster[0m [36merror=[0m[31m[1m"Get \"https://192.168.1.101:6443/version?timeout=15s\": http2: client connection lost"[0m[0m
[90m8:26PM[0m [31mERR[0m [1mClusterUpdater failed[0m [36merror=[0m[31m[1m"conn check failed (2/5)"[0m[0m
[90m8:43PM[0m [31mERR[0m [1mcan't connect to cluster[0m [36merror=[0m[31m[1m"Get \"https://192.168.1.101:6443/version?timeout=15s\": net/http: request canceled (Client.Timeout exceeded while awaiting headers)"[0m[0m
[90m8:43PM[0m [31mERR[0m [1mClusterUpdater failed[0m [36merror=[0m[31m[1m"conn check failed (1/5)"[0m[0m
[90m8:43PM[0m [33mWRN[0m [1mlog-reader canceled[0m [36merror=[0m[31m[1m"Stream canceled context canceled for cert-manager/cert-manager-dc6d88f94-6bz89 (cert-manager-controller)"[0m[0m
[90m8:43PM[0m [31mERR[0m [1mcan't connect to cluster[0m [36merror=[0m[31m[1m"Get \"https://192.168.1.101:6443/version?timeout=15s\": http2: client connection lost"[0m[0m
[90m8:43PM[0m [31mERR[0m [1mClusterUpdater failed[0m [36merror=[0m[31m[1m"conn check failed (2/5)"[0m[0m
[90m8:56PM[0m [31mERR[0m [1mcan't connect to cluster[0m [36merror=[0m[31m[1m"Get \"https://192.168.1.101:6443/version?timeout=15s\": net/http: request canceled (Client.Timeout exceeded while awaiting headers)"[0m[0m
[90m8:56PM[0m [31mERR[0m [1mClusterUpdater failed[0m [36merror=[0m[31m[1m"conn check failed (1/5)"[0m[0m
[90m8:56PM[0m [33mWRN[0m [1mlog-reader canceled[0m [36merror=[0m[31m[1m"Stream canceled context canceled for cert-manager/cert-manager-dc6d88f94-6bz89 (cert-manager-controller)"[0m[0m
[90m8:56PM[0m [31mERR[0m [1mcan't connect to cluster[0m [36merror=[0m[31m[1m"Get \"https://192.168.1.101:6443/version?timeout=15s\": http2: client connection lost"[0m[0m
[90m8:56PM[0m [31mERR[0m [1mClusterUpdater failed[0m [36merror=[0m[31m[1m"conn check failed (2/5)"[0m[0m
[90m10:27PM[0m [31mERR[0m [1mcan't connect to cluster[0m [36merror=[0m[31m[1m"Get \"https://192.168.1.101:6443/version?timeout=15s\": net/http: request canceled (Client.Timeout exceeded while awaiting headers)"[0m[0m
[90m10:27PM[0m [31mERR[0m [1mClusterUpdater failed[0m [36merror=[0m[31m[1m"conn check failed (1/5)"[0m[0m
[90m10:27PM[0m [33mWRN[0m [1mlog-reader canceled[0m [36merror=[0m[31m[1m"Stream canceled context canceled for cert-manager/cert-manager-dc6d88f94-6bz89 (cert-manager-controller)"[0m[0m
[90m10:27PM[0m [31mERR[0m [1mcan't connect to cluster[0m [36merror=[0m[31m[1m"Get \"https://192.168.1.101:6443/version?timeout=15s\": http2: client connection lost"[0m[0m
[90m10:27PM[0m [31mERR[0m [1mClusterUpdater failed[0m [36merror=[0m[31m[1m"conn check failed (2/5)"[0m[0m
[90m10:44PM[0m [31mERR[0m [1mcan't connect to cluster[0m [36merror=[0m[31m[1m"Get \"https://192.168.1.101:6443/version?timeout=15s\": context deadline exceeded (Client.Timeout exceeded while awaiting headers)"[0m[0m
[90m10:44PM[0m [31mERR[0m [1mClusterUpdater failed[0m [36merror=[0m[31m[1m"conn check failed (1/5)"[0m[0m
[90m10:44PM[0m [33mWRN[0m [1mlog-reader canceled[0m [36merror=[0m[31m[1m"Stream canceled context canceled for cert-manager/cert-manager-dc6d88f94-6bz89 (cert-manager-controller)"[0m[0m
[90m11:51PM[0m [31mERR[0m [1mcan't connect to cluster[0m [36merror=[0m[31m[1m"Get \"https://192.168.1.101:6443/version?timeout=15s\": net/http: request canceled (Client.Timeout exceeded while awaiting headers)"[0m[0m
[90m11:51PM[0m [31mERR[0m [1mClusterUpdater failed[0m [36merror=[0m[31m[1m"conn check failed (1/5)"[0m[0m
[90m11:51PM[0m [33mWRN[0m [1mlog-reader canceled[0m [36merror=[0m[31m[1m"Stream canceled context canceled for cert-manager/cert-manager-dc6d88f94-6bz89 (cert-manager-controller)"[0m[0m
[90m11:51PM[0m [31mERR[0m [1mcan't connect to cluster[0m [36merror=[0m[31m[1m"Get \"https://192.168.1.101:6443/version?timeout=15s\": http2: client connection lost"[0m[0m
[90m11:51PM[0m [31mERR[0m [1mClusterUpdater failed[0m [36merror=[0m[31m[1m"conn check failed (2/5)"[0m[0m
[90m11:54PM[0m [31mERR[0m [1mcan't connect to cluster[0m [36merror=[0m[31m[1m"Get \"https://192.168.1.101:6443/version?timeout=15s\": net/http: request canceled (Client.Timeout exceeded while awaiting headers)"[0m[0m
[90m11:54PM[0m [31mERR[0m [1mClusterUpdater failed[0m [36merror=[0m[31m[1m"conn check failed (1/5)"[0m[0m
[90m11:54PM[0m [33mWRN[0m [1mlog-reader canceled[0m [36merror=[0m[31m[1m"Stream canceled context canceled for cert-manager/cert-manager-dc6d88f94-6bz89 (cert-manager-controller)"[0m[0m
[90m1:07AM[0m [33mWRN[0m [1mlog-reader canceled[0m [36merror=[0m[31m[1m"Stream canceled read tcp 192.168.1.109:49262->192.168.1.101:6443: read: connection reset by peer for cert-manager/cert-manager-dc6d88f94-6bz89 (cert-manager-controller)"[0m[0m
[90m1:40AM[0m [31mERR[0m [1mcan't connect to cluster[0m [36merror=[0m[31m[1m"Get \"https://192.168.1.101:6443/version?timeout=15s\": net/http: request canceled (Client.Timeout exceeded while awaiting headers)"[0m[0m
[90m1:40AM[0m [31mERR[0m [1mClusterUpdater failed[0m [36merror=[0m[31m[1m"conn check failed (1/5)"[0m[0m
[90m1:41AM[0m [31mERR[0m [1mcan't connect to cluster[0m [36merror=[0m[31m[1m"Get \"https://192.168.1.101:6443/version?timeout=15s\": http2: client connection lost"[0m[0m
[90m1:41AM[0m [31mERR[0m [1mClusterUpdater failed[0m [36merror=[0m[31m[1m"conn check failed (2/5)"[0m[0m
[90m1:57AM[0m [31mERR[0m [1mcan't connect to cluster[0m [36merror=[0m[31m[1m"Get \"https://192.168.1.101:6443/version?timeout=15s\": net/http: request canceled (Client.Timeout exceeded while awaiting headers)"[0m[0m
[90m1:57AM[0m [31mERR[0m [1mClusterUpdater failed[0m [36merror=[0m[31m[1m"conn check failed (3/5)"[0m[0m
[90m2:04AM[0m [31mERR[0m [1mcan't connect to cluster[0m [36merror=[0m[31m[1m"Get \"https://192.168.1.101:6443/version?timeout=15s\": net/http: request canceled (Client.Timeout exceeded while awaiting headers)"[0m[0m
[90m2:04AM[0m [31mERR[0m [1mClusterUpdater failed[0m [36merror=[0m[31m[1m"conn check failed (4/5)"[0m[0m
[90m2:04AM[0m [33mWRN[0m [1mnamespace validation failed for: "default"[0m [36merror=[0m[31m[1m"user not authorized to list all namespaces"[0m[0m
[90m2:04AM[0m [33mWRN[0m [1mnamespace validation failed for: "argocd"[0m [36merror=[0m[31m[1m"user not authorized to list all namespaces"[0m[0m
[90m2:04AM[0m [33mWRN[0m [1mnamespace validation failed for: "default"[0m [36merror=[0m[31m[1m"user not authorized to list all namespaces"[0m[0m
[90m2:04AM[0m [33mWRN[0m [1mnamespace validation failed for: "ingress-nginx"[0m [36merror=[0m[31m[1m"user not authorized to list all namespaces"[0m[0m
[90m2:04AM[0m [33mWRN[0m [1mnamespace validation failed for: "metallb-system"[0m [36merror=[0m[31m[1m"user not authorized to list all namespaces"[0m[0m
[90m2:04AM[0m [33mWRN[0m [1mnamespace validation failed for: "frigate"[0m [36merror=[0m[31m[1m"user not authorized to list all namespaces"[0m[0m
[90m2:04AM[0m [33mWRN[0m [1mnamespace validation failed for: "frigate"[0m [36merror=[0m[31m[1m"user not authorized to list all namespaces"[0m[0m
[90m2:04AM[0m [33mWRN[0m [1mnamespace validation failed for: "frigate"[0m [36merror=[0m[31m[1m"user not authorized to list all namespaces"[0m[0m
[90m2:04AM[0m [33mWRN[0m [1mnamespace validation failed for: "frigate"[0m [36merror=[0m[31m[1m"user not authorized to list all namespaces"[0m[0m
[90m8:55AM[0m [32mINF[0m [1m🐶 K9s starting up...[0m
[90m8:55AM[0m [32mINF[0m [1m✅ Kubernetes connectivity[0m
[90m9:35AM[0m [32mINF[0m [1m🐶 K9s starting up...[0m
[90m9:35AM[0m [32mINF[0m [1m✅ Kubernetes connectivity[0m
[90m9:38AM[0m [32mINF[0m [1m🐶 K9s starting up...[0m
[90m9:38AM[0m [32mINF[0m [1m✅ Kubernetes connectivity[0m
[90m9:38AM[0m [33mWRN[0m [1mScan failed for img registry.k8s.io/sig-storage/csi-node-driver-registrar:v2.11.1 --[0m [36merror=[0m[31m[1m"failed to catalog registry.k8s.io/sig-storage/csi-node-driver-registrar:v2.11.1: errors occurred attempting to resolve 'registry.k8s.io/sig-storage/csi-node-driver-registrar:v2.11.1':\n  - no such file or directory\n  - docker not available: failed to connect to Docker daemon. Ensure Docker is running and accessible\n  - podman not available: making http client: connection to bastion host=\"127.0.0.1:49782\" failed: dial tcp 127.0.0.1:49782: connect: connection refused\n  - containerd not available: no grpc connection or services is available: unavailable\n  - failed to get image descriptor from registry: error getting credentials - err: exec: \"docker-credential-desktop\": executable file not found in $PATH, out: ``"[0m[0m
[90m9:38AM[0m [33mWRN[0m [1mScan failed for img quay.io/argoproj/argocd:v2.13.0 --[0m [36merror=[0m[31m[1m"failed to catalog quay.io/argoproj/argocd:v2.13.0: errors occurred attempting to resolve 'quay.io/argoproj/argocd:v2.13.0':\n  - no such file or directory\n  - docker not available: failed to connect to Docker daemon. Ensure Docker is running and accessible\n  - podman not available: making http client: connection to bastion host=\"127.0.0.1:49782\" failed: dial tcp 127.0.0.1:49782: connect: connection refused\n  - containerd not available: no grpc connection or services is available: unavailable\n  - failed to get image descriptor from registry: error getting credentials - err: exec: \"docker-credential-desktop\": executable file not found in $PATH, out: ``"[0m[0m
[90m9:38AM[0m [33mWRN[0m [1mScan failed for img registry.k8s.io/sig-storage/csi-attacher:v4.6.1 --[0m [36merror=[0m[31m[1m"failed to catalog registry.k8s.io/sig-storage/csi-attacher:v4.6.1: errors occurred attempting to resolve 'registry.k8s.io/sig-storage/csi-attacher:v4.6.1':\n  - no such file or directory\n  - docker not available: failed to connect to Docker daemon. Ensure Docker is running and accessible\n  - podman not available: making http client: connection to bastion host=\"127.0.0.1:49782\" failed: dial tcp 127.0.0.1:49782: connect: connection refused\n  - containerd not available: no grpc connection or services is available: unavailable\n  - failed to get image descriptor from registry: error getting credentials - err: exec: \"docker-credential-desktop\": executable file not found in $PATH, out: ``"[0m[0m
[90m9:38AM[0m [33mWRN[0m [1mScan failed for img registry.k8s.io/sig-storage/csi-snapshotter:v8.0.1 --[0m [36merror=[0m[31m[1m"failed to catalog registry.k8s.io/sig-storage/csi-snapshotter:v8.0.1: errors occurred attempting to resolve 'registry.k8s.io/sig-storage/csi-snapshotter:v8.0.1':\n  - no such file or directory\n  - docker not available: failed to connect to Docker daemon. Ensure Docker is running and accessible\n  - podman not available: making http client: connection to bastion host=\"127.0.0.1:49782\" failed: dial tcp 127.0.0.1:49782: connect: connection refused\n  - containerd not available: no grpc connection or services is available: unavailable\n  - failed to get image descriptor from registry: error getting credentials - err: exec: \"docker-credential-desktop\": executable file not found in $PATH, out: ``"[0m[0m
[90m9:38AM[0m [33mWRN[0m [1mScan failed for img quay.io/cephcsi/cephcsi:v3.12.2 --[0m [36merror=[0m[31m[1m"failed to catalog quay.io/cephcsi/cephcsi:v3.12.2: errors occurred attempting to resolve 'quay.io/cephcsi/cephcsi:v3.12.2':\n  - no such file or directory\n  - docker not available: failed to connect to Docker daemon. Ensure Docker is running and accessible\n  - podman not available: making http client: connection to bastion host=\"127.0.0.1:49782\" failed: dial tcp 127.0.0.1:49782: connect: connection refused\n  - containerd not available: no grpc connection or services is available: unavailable\n  - failed to get image descriptor from registry: error getting credentials - err: exec: \"docker-credential-desktop\": executable file not found in $PATH, out: ``"[0m[0m
[90m9:38AM[0m [33mWRN[0m [1mScan failed for img registry.k8s.io/sig-storage/csi-resizer:v1.11.1 --[0m [36merror=[0m[31m[1m"failed to catalog registry.k8s.io/sig-storage/csi-resizer:v1.11.1: errors occurred attempting to resolve 'registry.k8s.io/sig-storage/csi-resizer:v1.11.1':\n  - no such file or directory\n  - docker not available: failed to connect to Docker daemon. Ensure Docker is running and accessible\n  - podman not available: making http client: connection to bastion host=\"127.0.0.1:49782\" failed: dial tcp 127.0.0.1:49782: connect: connection refused\n  - containerd not available: no grpc connection or services is available: unavailable\n  - failed to get image descriptor from registry: error getting credentials - err: exec: \"docker-credential-desktop\": executable file not found in $PATH, out: ``"[0m[0m
[90m9:38AM[0m [33mWRN[0m [1mScan failed for img registry.k8s.io/sig-storage/csi-provisioner:v5.0.1 --[0m [36merror=[0m[31m[1m"failed to catalog registry.k8s.io/sig-storage/csi-provisioner:v5.0.1: errors occurred attempting to resolve 'registry.k8s.io/sig-storage/csi-provisioner:v5.0.1':\n  - no such file or directory\n  - docker not available: failed to connect to Docker daemon. Ensure Docker is running and accessible\n  - podman not available: making http client: connection to bastion host=\"127.0.0.1:49782\" failed: dial tcp 127.0.0.1:49782: connect: connection refused\n  - containerd not available: no grpc connection or services is available: unavailable\n  - failed to get image descriptor from registry: error getting credentials - err: exec: \"docker-credential-desktop\": executable file not found in $PATH, out: ``"[0m[0m
[90m9:38AM[0m [33mWRN[0m [1mScan failed for img quay.io/ceph/ceph:v18.2.4 --[0m [36merror=[0m[31m[1m"failed to catalog quay.io/ceph/ceph:v18.2.4: errors occurred attempting to resolve 'quay.io/ceph/ceph:v18.2.4':\n  - no such file or directory\n  - docker not available: failed to connect to Docker daemon. Ensure Docker is running and accessible\n  - podman not available: making http client: connection to bastion host=\"127.0.0.1:49782\" failed: dial tcp 127.0.0.1:49782: connect: connection refused\n  - containerd not available: no grpc connection or services is available: unavailable\n  - failed to get image descriptor from registry: error getting credentials - err: exec: \"docker-credential-desktop\": executable file not found in $PATH, out: ``"[0m[0m
[90m9:38AM[0m [33mWRN[0m [1mScan failed for img quay.io/argoproj/argo-events:v1.9.2 --[0m [36merror=[0m[31m[1m"failed to catalog quay.io/argoproj/argo-events:v1.9.2: errors occurred attempting to resolve 'quay.io/argoproj/argo-events:v1.9.2':\n  - no such file or directory\n  - docker not available: failed to connect to Docker daemon. Ensure Docker is running and accessible\n  - podman not available: making http client: connection to bastion host=\"127.0.0.1:49782\" failed: dial tcp 127.0.0.1:49782: connect: connection refused\n  - containerd not available: no grpc connection or services is available: unavailable\n  - failed to get image descriptor from registry: error getting credentials - err: exec: \"docker-credential-desktop\": executable file not found in $PATH, out: ``"[0m[0m
[90m9:38AM[0m [33mWRN[0m [1mScan failed for img ghcr.io/tarampampam/error-pages:3.3.0 --[0m [36merror=[0m[31m[1m"failed to catalog ghcr.io/tarampampam/error-pages:3.3.0: errors occurred attempting to resolve 'ghcr.io/tarampampam/error-pages:3.3.0':\n  - no such file or directory\n  - docker not available: failed to connect to Docker daemon. Ensure Docker is running and accessible\n  - podman not available: making http client: connection to bastion host=\"127.0.0.1:49782\" failed: dial tcp 127.0.0.1:49782: connect: connection refused\n  - containerd not available: no grpc connection or services is available: unavailable\n  - failed to get image descriptor from registry: error getting credentials - err: exec: \"docker-credential-desktop\": executable file not found in $PATH, out: ``"[0m[0m
[90m9:38AM[0m [33mWRN[0m [1mScan failed for img quay.io/kiwigrid/k8s-sidecar:1.28.0 --[0m [36merror=[0m[31m[1m"failed to catalog quay.io/kiwigrid/k8s-sidecar:1.28.0: errors occurred attempting to resolve 'quay.io/kiwigrid/k8s-sidecar:1.28.0':\n  - no such file or directory\n  - docker not available: failed to connect to Docker daemon. Ensure Docker is running and accessible\n  - podman not available: making http client: connection to bastion host=\"127.0.0.1:49782\" failed: dial tcp 127.0.0.1:49782: connect: connection refused\n  - containerd not available: no grpc connection or services is available: unavailable\n  - failed to get image descriptor from registry: error getting credentials - err: exec: \"docker-credential-desktop\": executable file not found in $PATH, out: ``"[0m[0m
[90m9:38AM[0m [33mWRN[0m [1mScan failed for img ghcr.io/kubereboot/kured:1.16.1 --[0m [36merror=[0m[31m[1m"failed to catalog ghcr.io/kubereboot/kured:1.16.1: errors occurred attempting to resolve 'ghcr.io/kubereboot/kured:1.16.1':\n  - no such file or directory\n  - docker not available: failed to connect to Docker daemon. Ensure Docker is running and accessible\n  - podman not available: making http client: connection to bastion host=\"127.0.0.1:49782\" failed: dial tcp 127.0.0.1:49782: connect: connection refused\n  - containerd not available: no grpc connection or services is available: unavailable\n  - failed to get image descriptor from registry: error getting credentials - err: exec: \"docker-credential-desktop\": executable file not found in $PATH, out: ``"[0m[0m
[90m9:38AM[0m [33mWRN[0m [1mScan failed for img quay.io/kiwigrid/k8s-sidecar:1.28.0 --[0m [36merror=[0m[31m[1m"failed to catalog quay.io/kiwigrid/k8s-sidecar:1.28.0: errors occurred attempting to resolve 'quay.io/kiwigrid/k8s-sidecar:1.28.0':\n  - no such file or directory\n  - docker not available: failed to connect to Docker daemon. Ensure Docker is running and accessible\n  - podman not available: making http client: connection to bastion host=\"127.0.0.1:49782\" failed: dial tcp 127.0.0.1:49782: connect: connection refused\n  - containerd not available: no grpc connection or services is available: unavailable\n  - failed to get image descriptor from registry: error getting credentials - err: exec: \"docker-credential-desktop\": executable file not found in $PATH, out: ``"[0m[0m
[90m9:38AM[0m [33mWRN[0m [1mScan failed for img rancher/mirrored-coredns-coredns:1.11.3 --[0m [36merror=[0m[31m[1m"failed to catalog rancher/mirrored-coredns-coredns:1.11.3: errors occurred attempting to resolve 'rancher/mirrored-coredns-coredns:1.11.3':\n  - no such file or directory\n  - docker not available: failed to connect to Docker daemon. Ensure Docker is running and accessible\n  - podman not available: making http client: connection to bastion host=\"127.0.0.1:49782\" failed: dial tcp 127.0.0.1:49782: connect: connection refused\n  - containerd not available: no grpc connection or services is available: unavailable\n  - failed to get image descriptor from registry: error getting credentials - err: exec: \"docker-credential-desktop\": executable file not found in $PATH, out: ``"[0m[0m
[90m9:38AM[0m [33mWRN[0m [1mScan failed for img docker.io/grafana/grafana:11.3.0 --[0m [36merror=[0m[31m[1m"failed to catalog docker.io/grafana/grafana:11.3.0: errors occurred attempting to resolve 'docker.io/grafana/grafana:11.3.0':\n  - no such file or directory\n  - docker not available: failed to connect to Docker daemon. Ensure Docker is running and accessible\n  - podman not available: making http client: connection to bastion host=\"127.0.0.1:49782\" failed: dial tcp 127.0.0.1:49782: connect: connection refused\n  - containerd not available: no grpc connection or services is available: unavailable\n  - failed to get image descriptor from registry: error getting credentials - err: exec: \"docker-credential-desktop\": executable file not found in $PATH, out: ``"[0m[0m
[90m9:38AM[0m [33mWRN[0m [1mScan failed for img quay.io/cilium/hubble-ui:v0.13.1@sha256:e2e9313eb7caf64b0061d9da0efbdad59c6c461f6ca1752768942bfeda0796c6 --[0m [36merror=[0m[31m[1m"failed to catalog quay.io/cilium/hubble-ui:v0.13.1@sha256:e2e9313eb7caf64b0061d9da0efbdad59c6c461f6ca1752768942bfeda0796c6: errors occurred attempting to resolve 'quay.io/cilium/hubble-ui:v0.13.1@sha256:e2e9313eb7caf64b0061d9da0efbdad59c6c461f6ca1752768942bfeda0796c6':\n  - no such file or directory\n  - docker not available: failed to connect to Docker daemon. Ensure Docker is running and accessible\n  - podman not available: making http client: connection to bastion host=\"127.0.0.1:49782\" failed: dial tcp 127.0.0.1:49782: connect: connection refused\n  - containerd not available: no grpc connection or services is available: unavailable\n  - failed to get image descriptor from registry: error getting credentials - err: exec: \"docker-credential-desktop\": executable file not found in $PATH, out: ``"[0m[0m
[90m9:38AM[0m [33mWRN[0m [1mScan failed for img quay.io/cilium/hubble-ui-backend:v0.13.1@sha256:0e0eed917653441fded4e7cdb096b7be6a3bddded5a2dd10812a27b1fc6ed95b --[0m [36merror=[0m[31m[1m"failed to catalog quay.io/cilium/hubble-ui-backend:v0.13.1@sha256:0e0eed917653441fded4e7cdb096b7be6a3bddded5a2dd10812a27b1fc6ed95b: errors occurred attempting to resolve 'quay.io/cilium/hubble-ui-backend:v0.13.1@sha256:0e0eed917653441fded4e7cdb096b7be6a3bddded5a2dd10812a27b1fc6ed95b':\n  - no such file or directory\n  - docker not available: failed to connect to Docker daemon. Ensure Docker is running and accessible\n  - podman not available: making http client: connection to bastion host=\"127.0.0.1:49782\" failed: dial tcp 127.0.0.1:49782: connect: connection refused\n  - containerd not available: no grpc connection or services is available: unavailable\n  - failed to get image descriptor from registry: error getting credentials - err: exec: \"docker-credential-desktop\": executable file not found in $PATH, out: ``"[0m[0m
[90m9:38AM[0m [33mWRN[0m [1mScan failed for img quay.io/cilium/cilium:v1.16.1@sha256:0b4a3ab41a4760d86b7fc945b8783747ba27f29dac30dd434d94f2c9e3679f39 --[0m [36merror=[0m[31m[1m"failed to catalog quay.io/cilium/cilium:v1.16.1@sha256:0b4a3ab41a4760d86b7fc945b8783747ba27f29dac30dd434d94f2c9e3679f39: errors occurred attempting to resolve 'quay.io/cilium/cilium:v1.16.1@sha256:0b4a3ab41a4760d86b7fc945b8783747ba27f29dac30dd434d94f2c9e3679f39':\n  - no such file or directory\n  - docker not available: failed to connect to Docker daemon. Ensure Docker is running and accessible\n  - podman not available: making http client: connection to bastion host=\"127.0.0.1:49782\" failed: dial tcp 127.0.0.1:49782: connect: connection refused\n  - containerd not available: no grpc connection or services is available: unavailable\n  - failed to get image descriptor from registry: error getting credentials - err: exec: \"docker-credential-desktop\": executable file not found in $PATH, out: ``"[0m[0m
[90m9:38AM[0m [33mWRN[0m [1mScan failed for img quay.io/prometheus/node-exporter:v1.8.2 --[0m [36merror=[0m[31m[1m"failed to catalog quay.io/prometheus/node-exporter:v1.8.2: errors occurred attempting to resolve 'quay.io/prometheus/node-exporter:v1.8.2':\n  - no such file or directory\n  - docker not available: failed to connect to Docker daemon. Ensure Docker is running and accessible\n  - podman not available: making http client: connection to bastion host=\"127.0.0.1:49782\" failed: dial tcp 127.0.0.1:49782: connect: connection refused\n  - containerd not available: no grpc connection or services is available: unavailable\n  - failed to get image descriptor from registry: error getting credentials - err: exec: \"docker-credential-desktop\": executable file not found in $PATH, out: ``"[0m[0m
[90m9:38AM[0m [33mWRN[0m [1mScan failed for img ghcr.io/dexidp/dex:v2.41.1 --[0m [36merror=[0m[31m[1m"failed to catalog ghcr.io/dexidp/dex:v2.41.1: errors occurred attempting to resolve 'ghcr.io/dexidp/dex:v2.41.1':\n  - no such file or directory\n  - docker not available: failed to connect to Docker daemon. Ensure Docker is running and accessible\n  - podman not available: making http client: connection to bastion host=\"127.0.0.1:49782\" failed: dial tcp 127.0.0.1:49782: connect: connection refused\n  - containerd not available: no grpc connection or services is available: unavailable\n  - failed to get image descriptor from registry: error getting credentials - err: exec: \"docker-credential-desktop\": executable file not found in $PATH, out: ``"[0m[0m
[90m9:38AM[0m [33mWRN[0m [1mScan failed for img docker.io/grafana/promtail:2.9.3 --[0m [36merror=[0m[31m[1m"failed to catalog docker.io/grafana/promtail:2.9.3: errors occurred attempting to resolve 'docker.io/grafana/promtail:2.9.3':\n  - no such file or directory\n  - docker not available: failed to connect to Docker daemon. Ensure Docker is running and accessible\n  - podman not available: making http client: connection to bastion host=\"127.0.0.1:49782\" failed: dial tcp 127.0.0.1:49782: connect: connection refused\n  - containerd not available: no grpc connection or services is available: unavailable\n  - failed to get image descriptor from registry: error getting credentials - err: exec: \"docker-credential-desktop\": executable file not found in $PATH, out: ``"[0m[0m
[90m9:38AM[0m [33mWRN[0m [1mScan failed for img quay.io/cilium/hubble-relay:v1.16.1@sha256:2e1b4c739a676ae187d4c2bfc45c3e865bda2567cc0320a90cb666657fcfcc35 --[0m [36merror=[0m[31m[1m"failed to catalog quay.io/cilium/hubble-relay:v1.16.1@sha256:2e1b4c739a676ae187d4c2bfc45c3e865bda2567cc0320a90cb666657fcfcc35: errors occurred attempting to resolve 'quay.io/cilium/hubble-relay:v1.16.1@sha256:2e1b4c739a676ae187d4c2bfc45c3e865bda2567cc0320a90cb666657fcfcc35':\n  - no such file or directory\n  - docker not available: failed to connect to Docker daemon. Ensure Docker is running and accessible\n  - podman not available: making http client: connection to bastion host=\"127.0.0.1:49782\" failed: dial tcp 127.0.0.1:49782: connect: connection refused\n  - containerd not available: no grpc connection or services is available: unavailable\n  - failed to get image descriptor from registry: error getting credentials - err: exec: \"docker-credential-desktop\": executable file not found in $PATH, out: ``"[0m[0m
[90m9:38AM[0m [33mWRN[0m [1mScan failed for img ghcr.io/kube-vip/kube-vip:v0.6.4 --[0m [36merror=[0m[31m[1m"failed to catalog ghcr.io/kube-vip/kube-vip:v0.6.4: errors occurred attempting to resolve 'ghcr.io/kube-vip/kube-vip:v0.6.4':\n  - no such file or directory\n  - docker not available: failed to connect to Docker daemon. Ensure Docker is running and accessible\n  - podman not available: making http client: connection to bastion host=\"127.0.0.1:49782\" failed: dial tcp 127.0.0.1:49782: connect: connection refused\n  - containerd not available: no grpc connection or services is available: unavailable\n  - failed to get image descriptor from registry: error getting credentials - err: exec: \"docker-credential-desktop\": executable file not found in $PATH, out: ``"[0m[0m
[90m9:38AM[0m [33mWRN[0m [1mScan failed for img nginx:1.27 --[0m [36merror=[0m[31m[1m"failed to catalog nginx:1.27: errors occurred attempting to resolve 'nginx:1.27':\n  - no such file or directory\n  - docker not available: failed to connect to Docker daemon. Ensure Docker is running and accessible\n  - podman not available: making http client: connection to bastion host=\"127.0.0.1:49782\" failed: dial tcp 127.0.0.1:49782: connect: connection refused\n  - containerd not available: no grpc connection or services is available: unavailable\n  - failed to get image descriptor from registry: error getting credentials - err: exec: \"docker-credential-desktop\": executable file not found in $PATH, out: ``"[0m[0m
[90m9:38AM[0m [33mWRN[0m [1mScan failed for img rancher/mirrored-metrics-server:v0.7.2 --[0m [36merror=[0m[31m[1m"failed to catalog rancher/mirrored-metrics-server:v0.7.2: errors occurred attempting to resolve 'rancher/mirrored-metrics-server:v0.7.2':\n  - no such file or directory\n  - docker not available: failed to connect to Docker daemon. Ensure Docker is running and accessible\n  - podman not available: making http client: connection to bastion host=\"127.0.0.1:49782\" failed: dial tcp 127.0.0.1:49782: connect: connection refused\n  - containerd not available: no grpc connection or services is available: unavailable\n  - failed to get image descriptor from registry: error getting credentials - err: exec: \"docker-credential-desktop\": executable file not found in $PATH, out: ``"[0m[0m
[90m9:38AM[0m [33mWRN[0m [1mScan failed for img quay.io/argoproj/argocli:v3.5.12 --[0m [36merror=[0m[31m[1m"failed to catalog quay.io/argoproj/argocli:v3.5.12: errors occurred attempting to resolve 'quay.io/argoproj/argocli:v3.5.12':\n  - no such file or directory\n  - docker not available: failed to connect to Docker daemon. Ensure Docker is running and accessible\n  - podman not available: making http client: connection to bastion host=\"127.0.0.1:49782\" failed: dial tcp 127.0.0.1:49782: connect: connection refused\n  - containerd not available: no grpc connection or services is available: unavailable\n  - failed to get image descriptor from registry: error getting credentials - err: exec: \"docker-credential-desktop\": executable file not found in $PATH, out: ``"[0m[0m
[90m9:38AM[0m [33mWRN[0m [1mScan failed for img xasag94215/flask-cache --[0m [36merror=[0m[31m[1m"failed to catalog xasag94215/flask-cache: errors occurred attempting to resolve 'xasag94215/flask-cache':\n  - no such file or directory\n  - docker not available: failed to connect to Docker daemon. Ensure Docker is running and accessible\n  - podman not available: making http client: connection to bastion host=\"127.0.0.1:49782\" failed: dial tcp 127.0.0.1:49782: connect: connection refused\n  - containerd not available: no grpc connection or services is available: unavailable\n  - failed to get image descriptor from registry: error getting credentials - err: exec: \"docker-credential-desktop\": executable file not found in $PATH, out: ``"[0m[0m
[90m9:38AM[0m [33mWRN[0m [1mScan failed for img quay.io/cilium/cilium-envoy:v1.29.7-39a2a56bbd5b3a591f69dbca51d3e30ef97e0e51@sha256:bd5ff8c66716080028f414ec1cb4f7dc66f40d2fb5a009fff187f4a9b90b566b --[0m [36merror=[0m[31m[1m"failed to catalog quay.io/cilium/cilium-envoy:v1.29.7-39a2a56bbd5b3a591f69dbca51d3e30ef97e0e51@sha256:bd5ff8c66716080028f414ec1cb4f7dc66f40d2fb5a009fff187f4a9b90b566b: errors occurred attempting to resolve 'quay.io/cilium/cilium-envoy:v1.29.7-39a2a56bbd5b3a591f69dbca51d3e30ef97e0e51@sha256:bd5ff8c66716080028f414ec1cb4f7dc66f40d2fb5a009fff187f4a9b90b566b':\n  - no such file or directory\n  - docker not available: failed to connect to Docker daemon. Ensure Docker is running and accessible\n  - podman not available: making http client: connection to bastion host=\"127.0.0.1:49782\" failed: dial tcp 127.0.0.1:49782: connect: connection refused\n  - containerd not available: no grpc connection or services is available: unavailable\n  - failed to get image descriptor from registry: error getting credentials - err: exec: \"docker-credential-desktop\": executable file not found in $PATH, out: ``"[0m[0m
[90m9:38AM[0m [33mWRN[0m [1mScan failed for img public.ecr.aws/docker/library/redis:7.2.4-alpine --[0m [36merror=[0m[31m[1m"failed to catalog public.ecr.aws/docker/library/redis:7.2.4-alpine: errors occurred attempting to resolve 'public.ecr.aws/docker/library/redis:7.2.4-alpine':\n  - no such file or directory\n  - docker not available: failed to connect to Docker daemon. Ensure Docker is running and accessible\n  - podman not available: making http client: connection to bastion host=\"127.0.0.1:49782\" failed: dial tcp 127.0.0.1:49782: connect: connection refused\n  - containerd not available: no grpc connection or services is available: unavailable\n  - failed to get image descriptor from registry: error getting credentials - err: exec: \"docker-credential-desktop\": executable file not found in $PATH, out: ``"[0m[0m
[90m9:38AM[0m [33mWRN[0m [1mScan failed for img quay.io/argoproj/workflow-controller:v3.5.12 --[0m [36merror=[0m[31m[1m"failed to catalog quay.io/argoproj/workflow-controller:v3.5.12: errors occurred attempting to resolve 'quay.io/argoproj/workflow-controller:v3.5.12':\n  - no such file or directory\n  - docker not available: failed to connect to Docker daemon. Ensure Docker is running and accessible\n  - podman not available: making http client: connection to bastion host=\"127.0.0.1:49782\" failed: dial tcp 127.0.0.1:49782: connect: connection refused\n  - containerd not available: no grpc connection or services is available: unavailable\n  - failed to get image descriptor from registry: error getting credentials - err: exec: \"docker-credential-desktop\": executable file not found in $PATH, out: ``"[0m[0m
[90m9:38AM[0m [33mWRN[0m [1mScan failed for img registry.k8s.io/external-dns/external-dns:v0.15.0 --[0m [36merror=[0m[31m[1m"failed to catalog registry.k8s.io/external-dns/external-dns:v0.15.0: errors occurred attempting to resolve 'registry.k8s.io/external-dns/external-dns:v0.15.0':\n  - no such file or directory\n  - docker not available: failed to connect to Docker daemon. Ensure Docker is running and accessible\n  - podman not available: making http client: connection to bastion host=\"127.0.0.1:49782\" failed: dial tcp 127.0.0.1:49782: connect: connection refused\n  - containerd not available: no grpc connection or services is available: unavailable\n  - failed to get image descriptor from registry: error getting credentials - err: exec: \"docker-credential-desktop\": executable file not found in $PATH, out: ``"[0m[0m
[90m9:38AM[0m [33mWRN[0m [1mScan failed for img quay.io/cilium/operator-generic:v1.16.1@sha256:3bc7e7a43bc4a4d8989cb7936c5d96675dd2d02c306adf925ce0a7c35aa27dc4 --[0m [36merror=[0m[31m[1m"failed to catalog quay.io/cilium/operator-generic:v1.16.1@sha256:3bc7e7a43bc4a4d8989cb7936c5d96675dd2d02c306adf925ce0a7c35aa27dc4: errors occurred attempting to resolve 'quay.io/cilium/operator-generic:v1.16.1@sha256:3bc7e7a43bc4a4d8989cb7936c5d96675dd2d02c306adf925ce0a7c35aa27dc4':\n  - no such file or directory\n  - docker not available: failed to connect to Docker daemon. Ensure Docker is running and accessible\n  - podman not available: making http client: connection to bastion host=\"127.0.0.1:49782\" failed: dial tcp 127.0.0.1:49782: connect: connection refused\n  - containerd not available: no grpc connection or services is available: unavailable\n  - failed to get image descriptor from registry: error getting credentials - err: exec: \"docker-credential-desktop\": executable file not found in $PATH, out: ``"[0m[0m
[90m10:22AM[0m [32mINF[0m [1m🐶 K9s starting up...[0m
[90m10:22AM[0m [31mERR[0m [1mFail to locate metrics-server[0m [36merror=[0m[31m[1m"No metrics api group metrics.k8s.io found on cluster"[0m[0m
[90m10:22AM[0m [32mINF[0m [1m✅ Kubernetes connectivity[0m
[90m10:23AM[0m [33mWRN[0m [1mlog-reader canceled[0m [36merror=[0m[31m[1m"Stream canceled context canceled for argocd/argocd-server-57d85c5b55-89l49 (server)"[0m[0m
[90m10:23AM[0m [33mWRN[0m [1mlog-reader canceled[0m [36merror=[0m[31m[1m"Stream canceled context canceled for argocd/argocd-server-57d85c5b55-89l49 (server)"[0m[0m
[90m10:23AM[0m [33mWRN[0m [1mlog-reader EOF[0m [36merror=[0m[31m[1m"Stream closed EOF for argocd/argocd-repo-server-68d769b688-7xrzb (copyutil)"[0m[0m
[90m10:23AM[0m [33mWRN[0m [1mlog-reader canceled[0m [36merror=[0m[31m[1m"Stream canceled context canceled for argocd/argocd-repo-server-68d769b688-7xrzb (repo-server)"[0m[0m
[90m10:23AM[0m [33mWRN[0m [1mlog-reader canceled[0m [36merror=[0m[31m[1m"Stream canceled context canceled for argocd/argocd-server-57d85c5b55-89l49 (server)"[0m[0m
[90m11:31AM[0m [31mERR[0m [1mcan't connect to cluster[0m [36merror=[0m[31m[1m"Get \"https://192.168.1.100:6443/version?timeout=15s\": net/http: request canceled (Client.Timeout exceeded while awaiting headers)"[0m[0m
[90m11:31AM[0m [31mERR[0m [1mClusterUpdater failed[0m [36merror=[0m[31m[1m"conn check failed (1/5)"[0m[0m
[90m11:31AM[0m [33mWRN[0m [1mreconciler exited[0m [36merror=[0m[31m[1m"context canceled"[0m[0m
[90m11:32AM[0m [31mERR[0m [1mcan't connect to cluster[0m [36merror=[0m[31m[1m"Get \"https://192.168.1.100:6443/version?timeout=15s\": http2: client connection lost"[0m[0m
[90m11:32AM[0m [31mERR[0m [1mClusterUpdater failed[0m [36merror=[0m[31m[1m"conn check failed (2/5)"[0m[0m
[90m11:43AM[0m [31mERR[0m [1mcan't connect to cluster[0m [36merror=[0m[31m[1m"Get \"https://192.168.1.100:6443/version?timeout=15s\": net/http: request canceled (Client.Timeout exceeded while awaiting headers)"[0m[0m
[90m11:43AM[0m [31mERR[0m [1mClusterUpdater failed[0m [36merror=[0m[31m[1m"conn check failed (3/5)"[0m[0m
[90m4:12PM[0m [31mERR[0m [1mcan't connect to cluster[0m [36merror=[0m[31m[1m"Get \"https://192.168.1.100:6443/version?timeout=15s\": net/http: request canceled (Client.Timeout exceeded while awaiting headers)"[0m[0m
[90m4:12PM[0m [31mERR[0m [1mClusterUpdater failed[0m [36merror=[0m[31m[1m"conn check failed (1/5)"[0m[0m
[90m4:12PM[0m [33mWRN[0m [1mreconciler exited[0m [36merror=[0m[31m[1m"context canceled"[0m[0m
[90m4:34PM[0m [31mERR[0m [1mcan't connect to cluster[0m [36merror=[0m[31m[1m"Get \"https://192.168.1.100:6443/version?timeout=15s\": net/http: request canceled (Client.Timeout exceeded while awaiting headers)"[0m[0m
[90m4:34PM[0m [31mERR[0m [1mClusterUpdater failed[0m [36merror=[0m[31m[1m"conn check failed (1/5)"[0m[0m
[90m4:34PM[0m [33mWRN[0m [1mreconciler exited[0m [36merror=[0m[31m[1m"context canceled"[0m[0m
[90m9:31PM[0m [31mERR[0m [1mcan't connect to cluster[0m [36merror=[0m[31m[1m"Get \"https://192.168.1.100:6443/version?timeout=15s\": net/http: request canceled (Client.Timeout exceeded while awaiting headers)"[0m[0m
[90m9:31PM[0m [31mERR[0m [1mClusterUpdater failed[0m [36merror=[0m[31m[1m"conn check failed (1/5)"[0m[0m
[90m9:31PM[0m [33mWRN[0m [1mreconciler exited[0m [36merror=[0m[31m[1m"context canceled"[0m[0m
[90m2:42AM[0m [31mERR[0m [1mcan't connect to cluster[0m [36merror=[0m[31m[1m"Get \"https://192.168.1.100:6443/version?timeout=15s\": net/http: request canceled (Client.Timeout exceeded while awaiting headers)"[0m[0m
[90m2:42AM[0m [31mERR[0m [1mClusterUpdater failed[0m [36merror=[0m[31m[1m"conn check failed (1/5)"[0m[0m
[90m2:42AM[0m [33mWRN[0m [1mreconciler exited[0m [36merror=[0m[31m[1m"context canceled"[0m[0m
[90m1:45PM[0m [31mERR[0m [1mcan't connect to cluster[0m [36merror=[0m[31m[1m"Get \"https://192.168.1.100:6443/version?timeout=15s\": net/http: request canceled (Client.Timeout exceeded while awaiting headers)"[0m[0m
[90m1:45PM[0m [31mERR[0m [1mClusterUpdater failed[0m [36merror=[0m[31m[1m"conn check failed (1/5)"[0m[0m
[90m1:45PM[0m [33mWRN[0m [1mreconciler exited[0m [36merror=[0m[31m[1m"context canceled"[0m[0m
[90m1:45PM[0m [31mERR[0m [1mcan't connect to cluster[0m [36merror=[0m[31m[1m"Get \"https://192.168.1.100:6443/version?timeout=15s\": http2: client connection lost"[0m[0m
[90m1:45PM[0m [31mERR[0m [1mClusterUpdater failed[0m [36merror=[0m[31m[1m"conn check failed (2/5)"[0m[0m
[90m2:43PM[0m [31mERR[0m [1mcan't connect to cluster[0m [36merror=[0m[31m[1m"Get \"https://192.168.1.100:6443/version?timeout=15s\": net/http: request canceled (Client.Timeout exceeded while awaiting headers)"[0m[0m
[90m2:43PM[0m [31mERR[0m [1mClusterUpdater failed[0m [36merror=[0m[31m[1m"conn check failed (1/5)"[0m[0m
[90m2:43PM[0m [33mWRN[0m [1mreconciler exited[0m [36merror=[0m[31m[1m"context canceled"[0m[0m
[90m8:37AM[0m [31mERR[0m [1mcan't connect to cluster[0m [36merror=[0m[31m[1m"Get \"https://192.168.1.100:6443/version?timeout=15s\": net/http: request canceled (Client.Timeout exceeded while awaiting headers)"[0m[0m
[90m8:37AM[0m [31mERR[0m [1mClusterUpdater failed[0m [36merror=[0m[31m[1m"conn check failed (1/5)"[0m[0m
[90m8:37AM[0m [33mWRN[0m [1mreconciler exited[0m [36merror=[0m[31m[1m"context canceled"[0m[0m
[90m4:00PM[0m [31mERR[0m [1mcan't connect to cluster[0m [36merror=[0m[31m[1m"Get \"https://192.168.1.100:6443/version?timeout=15s\": net/http: request canceled (Client.Timeout exceeded while awaiting headers)"[0m[0m
[90m4:00PM[0m [31mERR[0m [1mClusterUpdater failed[0m [36merror=[0m[31m[1m"conn check failed (1/5)"[0m[0m
[90m4:00PM[0m [33mWRN[0m [1mreconciler exited[0m [36merror=[0m[31m[1m"context canceled"[0m[0m
[90m8:08AM[0m [31mERR[0m [1mcan't connect to cluster[0m [36merror=[0m[31m[1m"Get \"https://192.168.1.100:6443/version?timeout=15s\": net/http: request canceled (Client.Timeout exceeded while awaiting headers)"[0m[0m
[90m8:08AM[0m [31mERR[0m [1mClusterUpdater failed[0m [36merror=[0m[31m[1m"conn check failed (1/5)"[0m[0m
[90m8:08AM[0m [33mWRN[0m [1mreconciler exited[0m [36merror=[0m[31m[1m"context canceled"[0m[0m
[90m11:21AM[0m [31mERR[0m [1mcan't connect to cluster[0m [36merror=[0m[31m[1m"Get \"https://192.168.1.100:6443/version?timeout=15s\": net/http: request canceled (Client.Timeout exceeded while awaiting headers)"[0m[0m
[90m11:21AM[0m [31mERR[0m [1mClusterUpdater failed[0m [36merror=[0m[31m[1m"conn check failed (1/5)"[0m[0m
[90m11:21AM[0m [33mWRN[0m [1mreconciler exited[0m [36merror=[0m[31m[1m"context canceled"[0m[0m
[90m11:41AM[0m [31mERR[0m [1mcan't connect to cluster[0m [36merror=[0m[31m[1m"Get \"https://192.168.1.100:6443/version?timeout=15s\": net/http: request canceled (Client.Timeout exceeded while awaiting headers)"[0m[0m
[90m11:41AM[0m [31mERR[0m [1mClusterUpdater failed[0m [36merror=[0m[31m[1m"conn check failed (1/5)"[0m[0m
[90m11:41AM[0m [33mWRN[0m [1mreconciler exited[0m [36merror=[0m[31m[1m"context canceled"[0m[0m
[90m11:54AM[0m [31mERR[0m [1mcan't connect to cluster[0m [36merror=[0m[31m[1m"Get \"https://192.168.1.100:6443/version?timeout=15s\": net/http: request canceled (Client.Timeout exceeded while awaiting headers)"[0m[0m
[90m11:54AM[0m [31mERR[0m [1mClusterUpdater failed[0m [36merror=[0m[31m[1m"conn check failed (1/5)"[0m[0m
[90m11:54AM[0m [33mWRN[0m [1mreconciler exited[0m [36merror=[0m[31m[1m"context canceled"[0m[0m
[90m11:54AM[0m [31mERR[0m [1mcan't connect to cluster[0m [36merror=[0m[31m[1m"Get \"https://192.168.1.100:6443/version?timeout=15s\": http2: client connection lost"[0m[0m
[90m11:54AM[0m [31mERR[0m [1mClusterUpdater failed[0m [36merror=[0m[31m[1m"conn check failed (2/5)"[0m[0m
[90m12:13PM[0m [31mERR[0m [1mcan't connect to cluster[0m [36merror=[0m[31m[1m"Get \"https://192.168.1.100:6443/version?timeout=15s\": net/http: request canceled (Client.Timeout exceeded while awaiting headers)"[0m[0m
[90m12:13PM[0m [31mERR[0m [1mClusterUpdater failed[0m [36merror=[0m[31m[1m"conn check failed (1/5)"[0m[0m
[90m12:13PM[0m [33mWRN[0m [1mreconciler exited[0m [36merror=[0m[31m[1m"context canceled"[0m[0m
[90m12:14PM[0m [31mERR[0m [1mcan't connect to cluster[0m [36merror=[0m[31m[1m"Get \"https://192.168.1.100:6443/version?timeout=15s\": net/http: request canceled (Client.Timeout exceeded while awaiting headers)"[0m[0m
[90m12:14PM[0m [31mERR[0m [1mClusterUpdater failed[0m [36merror=[0m[31m[1m"conn check failed (2/5)"[0m[0m
[90m12:34PM[0m [31mERR[0m [1mcan't connect to cluster[0m [36merror=[0m[31m[1m"Get \"https://192.168.1.100:6443/version?timeout=15s\": net/http: request canceled (Client.Timeout exceeded while awaiting headers)"[0m[0m
[90m12:34PM[0m [31mERR[0m [1mClusterUpdater failed[0m [36merror=[0m[31m[1m"conn check failed (1/5)"[0m[0m
[90m12:34PM[0m [33mWRN[0m [1mreconciler exited[0m [36merror=[0m[31m[1m"context canceled"[0m[0m
[90m12:35PM[0m [31mERR[0m [1mcan't connect to cluster[0m [36merror=[0m[31m[1m"Get \"https://192.168.1.100:6443/version?timeout=15s\": http2: client connection lost"[0m[0m
[90m12:35PM[0m [31mERR[0m [1mClusterUpdater failed[0m [36merror=[0m[31m[1m"conn check failed (2/5)"[0m[0m
[90m2:33PM[0m [31mERR[0m [1mcan't connect to cluster[0m [36merror=[0m[31m[1m"Get \"https://192.168.1.100:6443/version?timeout=15s\": net/http: request canceled (Client.Timeout exceeded while awaiting headers)"[0m[0m
[90m2:33PM[0m [33mWRN[0m [1mreconciler exited[0m [36merror=[0m[31m[1m"context canceled"[0m[0m
[90m2:33PM[0m [31mERR[0m [1mClusterUpdater failed[0m [36merror=[0m[31m[1m"conn check failed (1/5)"[0m[0m
[90m2:34PM[0m [31mERR[0m [1mcan't connect to cluster[0m [36merror=[0m[31m[1m"Get \"https://192.168.1.100:6443/version?timeout=15s\": http2: client connection lost"[0m[0m
[90m2:34PM[0m [31mERR[0m [1mClusterUpdater failed[0m [36merror=[0m[31m[1m"conn check failed (2/5)"[0m[0m
[90m8:00AM[0m [31mERR[0m [1mcan't connect to cluster[0m [36merror=[0m[31m[1m"Get \"https://192.168.1.100:6443/version?timeout=15s\": http2: client connection lost"[0m[0m
[90m8:00AM[0m [33mWRN[0m [1mreconciler exited[0m [36merror=[0m[31m[1m"context canceled"[0m[0m
[90m8:00AM[0m [31mERR[0m [1mClusterUpdater failed[0m [36merror=[0m[31m[1m"conn check failed (1/5)"[0m[0m
[90m9:04AM[0m [31mERR[0m [1mcan't connect to cluster[0m [36merror=[0m[31m[1m"Get \"https://192.168.1.100:6443/version?timeout=15s\": net/http: request canceled while waiting for connection (Client.Timeout exceeded while awaiting headers)"[0m[0m
[90m9:04AM[0m [31mERR[0m [1mClusterUpdater failed[0m [36merror=[0m[31m[1m"conn check failed (2/5)"[0m[0m
[90m10:04AM[0m [31mERR[0m [1mcan't connect to cluster[0m [36merror=[0m[31m[1m"Get \"https://192.168.1.100:6443/version?timeout=15s\": net/http: request canceled while waiting for connection (Client.Timeout exceeded while awaiting headers)"[0m[0m
[90m10:04AM[0m [31mERR[0m [1mClusterUpdater failed[0m [36merror=[0m[31m[1m"conn check failed (3/5)"[0m[0m
[90m10:04AM[0m [33mWRN[0m [1mnamespace validation failed for: "argocd"[0m [36merror=[0m[31m[1m"user not authorized to list all namespaces"[0m[0m
[90m10:04AM[0m [33mWRN[0m [1mnamespace validation failed for: "default"[0m [36merror=[0m[31m[1m"user not authorized to list all namespaces"[0m[0m
[90m10:04AM[0m [33mWRN[0m [1mnamespace validation failed for: "argocd"[0m [36merror=[0m[31m[1m"user not authorized to list all namespaces"[0m[0m
[90m10:04AM[0m [33mWRN[0m [1mnamespace validation failed for: "plex"[0m [36merror=[0m[31m[1m"user not authorized to list all namespaces"[0m[0m
[90m10:04AM[0m [33mWRN[0m [1mnamespace validation failed for: "sealed-secrets"[0m [36merror=[0m[31m[1m"user not authorized to list all namespaces"[0m[0m
[90m10:04AM[0m [33mWRN[0m [1mnamespace validation failed for: "frigate"[0m [36merror=[0m[31m[1m"user not authorized to list all namespaces"[0m[0m
[90m10:04AM[0m [33mWRN[0m [1mnamespace validation failed for: "frigate"[0m [36merror=[0m[31m[1m"user not authorized to list all namespaces"[0m[0m
[90m10:04AM[0m [33mWRN[0m [1mnamespace validation failed for: "frigate"[0m [36merror=[0m[31m[1m"user not authorized to list all namespaces"[0m[0m
[90m10:04AM[0m [33mWRN[0m [1mnamespace validation failed for: "frigate"[0m [36merror=[0m[31m[1m"user not authorized to list all namespaces"[0m[0m
[90m9:14PM[0m [32mINF[0m [1m🐶 K9s starting up...[0m
[90m9:14PM[0m [32mINF[0m [1m✅ Kubernetes connectivity[0m
[90m9:15PM[0m [32mINF[0m [1m🐶 K9s starting up...[0m
[90m9:15PM[0m [32mINF[0m [1m✅ Kubernetes connectivity[0m
[90m9:16PM[0m [33mWRN[0m [1mlog-reader EOF[0m [36merror=[0m[31m[1m"Stream closed EOF for hajimari/hajimari-7d785d568d-crsmp (hajimari)"[0m[0m
[90m9:16PM[0m [33mWRN[0m [1mlog-reader EOF[0m [36merror=[0m[31m[1m"Stream closed EOF for hajimari/hajimari-7d785d568d-crsmp (hajimari)"[0m[0m
[90m9:20PM[0m [32mINF[0m [1m🐶 K9s starting up...[0m
[90m9:20PM[0m [31mERR[0m [1mFail to locate metrics-server[0m [36merror=[0m[31m[1m"No metrics api group metrics.k8s.io found on cluster"[0m[0m
[90m9:20PM[0m [32mINF[0m [1m✅ Kubernetes connectivity[0m
[90m9:21PM[0m [31mERR[0m [1mlogs-stream[0m [36merror=[0m[31m[1m"stream logs failed container \"application-controller\" in pod \"argocd-application-controller-0\" is waiting to start: ContainerCreating for argocd/argocd-application-controller-0 (application-controller)"[0m[0m
[90m9:21PM[0m [31mERR[0m [1mlogs-stream[0m [36merror=[0m[31m[1m"stream logs failed container \"application-controller\" in pod \"argocd-application-controller-0\" is waiting to start: ContainerCreating for argocd/argocd-application-controller-0 (application-controller)"[0m[0m
[90m9:21PM[0m [31mERR[0m [1mlogs-stream[0m [36merror=[0m[31m[1m"stream logs failed container \"application-controller\" in pod \"argocd-application-controller-0\" is waiting to start: ContainerCreating for argocd/argocd-application-controller-0 (application-controller)"[0m[0m
[90m9:21PM[0m [31mERR[0m [1mlogs-stream[0m [36merror=[0m[31m[1m"stream logs failed container \"application-controller\" in pod \"argocd-application-controller-0\" is waiting to start: ContainerCreating for argocd/argocd-application-controller-0 (application-controller)"[0m[0m
[90m9:21PM[0m [31mERR[0m [1mlogs-stream[0m [36merror=[0m[31m[1m"stream logs failed container \"application-controller\" in pod \"argocd-application-controller-0\" is waiting to start: ContainerCreating for argocd/argocd-application-controller-0 (application-controller)"[0m[0m
[90m9:21PM[0m [31mERR[0m [1mlogs-stream[0m [36merror=[0m[31m[1m"stream logs failed client rate limiter Wait returned an error: context canceled for argocd/argocd-application-controller-0 (application-controller)"[0m[0m
[90m9:21PM[0m [31mERR[0m [1mlogs-stream[0m [36merror=[0m[31m[1m"stream logs failed Get \"https://192.168.1.100:6443/api/v1/namespaces/argocd/pods/argocd-server-57d85c5b55-rnphv/log?container=server&follow=true&tailLines=100&timestamps=true\": context canceled for argocd/argocd-server-57d85c5b55-rnphv (server)"[0m[0m
[90m9:21PM[0m [31mERR[0m [1mlogs-stream[0m [36merror=[0m[31m[1m"stream logs failed Get \"https://192.168.1.100:6443/api/v1/namespaces/argocd/pods/argocd-application-controller-0/log?container=application-controller&follow=true&tailLines=100&timestamps=true\": read tcp 192.168.1.60:62468->192.168.1.100:6443: read: connection reset by peer for argocd/argocd-application-controller-0 (application-controller)"[0m[0m
[90m9:21PM[0m [31mERR[0m [1mlogs-stream[0m [36merror=[0m[31m[1m"stream logs failed Get \"https://192.168.1.100:6443/api/v1/namespaces/argocd/pods/argocd-application-controller-0/log?container=application-controller&follow=true&tailLines=100&timestamps=true\": dial tcp 192.168.1.100:6443: connect: connection refused for argocd/argocd-application-controller-0 (application-controller)"[0m[0m
[90m9:21PM[0m [31mERR[0m [1mcan't connect to cluster[0m [36merror=[0m[31m[1m"Get \"https://192.168.1.100:6443/version?timeout=15s\": dial tcp 192.168.1.100:6443: connect: connection refused - error from a previous attempt: read tcp 192.168.1.60:62468->192.168.1.100:6443: read: connection reset by peer"[0m[0m
[90m9:21PM[0m [31mERR[0m [1mClusterUpdater failed[0m [36merror=[0m[31m[1m"conn check failed (1/5)"[0m[0m
[90m9:21PM[0m [31mERR[0m [1mlog-request[0m [36merror=[0m[31m[1m"stream logs failed ACCESS -- No API server connection for argocd/argocd-application-controller-0 (application-controller)"[0m[0m
[90m9:21PM[0m [31mERR[0m [1mcan't connect to cluster[0m [36merror=[0m[31m[1m"the server is currently unable to handle the request"[0m[0m
[90m9:21PM[0m [31mERR[0m [1mClusterUpdater failed[0m [36merror=[0m[31m[1m"conn check failed (2/5)"[0m[0m
[90m9:31PM[0m [32mINF[0m [1m🐶 K9s starting up...[0m
[90m9:31PM[0m [32mINF[0m [1m✅ Kubernetes connectivity[0m
[90m9:32PM[0m [33mWRN[0m [1mlog-reader canceled[0m [36merror=[0m[31m[1m"Stream canceled context canceled for argocd/argocd-application-controller-0 (application-controller)"[0m[0m
[90m9:32PM[0m [33mWRN[0m [1mlog-reader EOF[0m [36merror=[0m[31m[1m"Stream closed EOF for hajimari/hajimari-7d785d568d-r5x7r (hajimari)"[0m[0m
[90m9:34PM[0m [33mWRN[0m [1mlog-reader EOF[0m [36merror=[0m[31m[1m"Stream closed EOF for argocd/argocd-application-controller-0 (application-controller)"[0m[0m
[90m9:36PM[0m [33mWRN[0m [1mlog-reader canceled[0m [36merror=[0m[31m[1m"Stream canceled context canceled for flask/flask-cache-7fb46c479c-dddcx (cache-service)"[0m[0m
[90m9:38PM[0m [32mINF[0m [1m🐶 K9s starting up...[0m
[90m9:38PM[0m [32mINF[0m [1m✅ Kubernetes connectivity[0m
[90m9:39PM[0m [31mERR[0m [1mcan't connect to cluster[0m [36merror=[0m[31m[1m"Get \"https://192.168.1.100:6443/version?timeout=15s\": dial tcp 192.168.1.100:6443: connect: connection refused"[0m[0m
[90m9:39PM[0m [31mERR[0m [1mClusterUpdater failed[0m [36merror=[0m[31m[1m"conn check failed (1/5)"[0m[0m
[90m9:39PM[0m [33mWRN[0m [1mUnable to dial discovery API[0m [36merror=[0m[31m[1m"no connection to dial"[0m[0m
[90m9:39PM[0m [31mERR[0m [1mWatcher failed for containers -- ACCESS -- No API server connection[0m [36merror=[0m[31m[1m"ACCESS -- No API server connection"[0m[0m
[90m9:39PM[0m [31mERR[0m [1mWatcher failed for v1/pods -- ACCESS -- No API server connection[0m [36merror=[0m[31m[1m"ACCESS -- No API server connection"[0m[0m
[90m9:39PM[0m [31mERR[0m [1mWatcher failed for containers -- ACCESS -- No API server connection[0m [36merror=[0m[31m[1m"ACCESS -- No API server connection"[0m[0m
[90m9:39PM[0m [31mERR[0m [1mWatcher failed for v1/pods -- ACCESS -- No API server connection[0m [36merror=[0m[31m[1m"ACCESS -- No API server connection"[0m[0m
[90m9:39PM[0m [31mERR[0m [1mWatcher failed for containers -- ACCESS -- No API server connection[0m [36merror=[0m[31m[1m"ACCESS -- No API server connection"[0m[0m
[90m9:39PM[0m [31mERR[0m [1mWatcher failed for v1/pods -- ACCESS -- No API server connection[0m [36merror=[0m[31m[1m"ACCESS -- No API server connection"[0m[0m
[90m9:39PM[0m [31mERR[0m [1mWatcher failed for containers -- ACCESS -- No API server connection[0m [36merror=[0m[31m[1m"ACCESS -- No API server connection"[0m[0m
[90m9:39PM[0m [31mERR[0m [1mWatcher failed for v1/pods -- ACCESS -- No API server connection[0m [36merror=[0m[31m[1m"ACCESS -- No API server connection"[0m[0m
[90m9:39PM[0m [31mERR[0m [1mWatcher failed for containers -- ACCESS -- No API server connection[0m [36merror=[0m[31m[1m"ACCESS -- No API server connection"[0m[0m
[90m9:39PM[0m [31mERR[0m [1mWatcher failed for v1/pods -- ACCESS -- No API server connection[0m [36merror=[0m[31m[1m"ACCESS -- No API server connection"[0m[0m
[90m9:39PM[0m [31mERR[0m [1mcan't connect to cluster[0m [36merror=[0m[31m[1m"the server is currently unable to handle the request"[0m[0m
[90m9:39PM[0m [31mERR[0m [1mClusterUpdater failed[0m [36merror=[0m[31m[1m"conn check failed (2/5)"[0m[0m
[90m9:39PM[0m [33mWRN[0m [1mUnable to dial discovery API[0m [36merror=[0m[31m[1m"no connection to dial"[0m[0m
[90m9:39PM[0m [31mERR[0m [1mWatcher failed for containers -- ACCESS -- No API server connection[0m [36merror=[0m[31m[1m"ACCESS -- No API server connection"[0m[0m
[90m9:39PM[0m [31mERR[0m [1mWatcher failed for v1/pods -- ACCESS -- No API server connection[0m [36merror=[0m[31m[1m"ACCESS -- No API server connection"[0m[0m
[90m9:39PM[0m [31mERR[0m [1mWatcher failed for containers -- ACCESS -- No API server connection[0m [36merror=[0m[31m[1m"ACCESS -- No API server connection"[0m[0m
[90m9:39PM[0m [31mERR[0m [1mWatcher failed for v1/pods -- ACCESS -- No API server connection[0m [36merror=[0m[31m[1m"ACCESS -- No API server connection"[0m[0m
[90m9:39PM[0m [31mERR[0m [1mWatcher failed for containers -- ACCESS -- No API server connection[0m [36merror=[0m[31m[1m"ACCESS -- No API server connection"[0m[0m
[90m9:39PM[0m [31mERR[0m [1mWatcher failed for v1/pods -- ACCESS -- No API server connection[0m [36merror=[0m[31m[1m"ACCESS -- No API server connection"[0m[0m
[90m9:39PM[0m [31mERR[0m [1mWatcher failed for containers -- ACCESS -- No API server connection[0m [36merror=[0m[31m[1m"ACCESS -- No API server connection"[0m[0m
[90m9:39PM[0m [31mERR[0m [1mWatcher failed for v1/pods -- ACCESS -- No API server connection[0m [36merror=[0m[31m[1m"ACCESS -- No API server connection"[0m[0m
[90m9:39PM[0m [31mERR[0m [1mWatcher failed for containers -- ACCESS -- No API server connection[0m [36merror=[0m[31m[1m"ACCESS -- No API server connection"[0m[0m
[90m9:39PM[0m [31mERR[0m [1mWatcher failed for v1/pods -- ACCESS -- No API server connection[0m [36merror=[0m[31m[1m"ACCESS -- No API server connection"[0m[0m
[90m9:39PM[0m [31mERR[0m [1mfailed to list namespaces[0m [36merror=[0m[31m[1m"user not authorized to list all namespaces"[0m[0m
[90m9:40PM[0m [31mERR[0m [1mlogs-stream[0m [36merror=[0m[31m[1m"stream logs failed Get \"https://192.168.1.100:6443/api/v1/namespaces/kube-system/pods/kube-vip-metal0.kleinsorge.dev/log?container=kube-vip&follow=true&tailLines=100&timestamps=true\": context canceled for kube-system/kube-vip-metal0.kleinsorge.dev (kube-vip)"[0m[0m
[90m9:40PM[0m [33mWRN[0m [1m  Dial Failed![0m [36merror=[0m[31m[1m"Post \"https://192.168.1.100:6443/apis/authorization.k8s.io/v1/selfsubjectaccessreviews\": dial tcp 192.168.1.100:6443: connect: connection refused"[0m[0m
[90m9:40PM[0m [31mERR[0m [1mlog-request[0m [36merror=[0m[31m[1m"stream logs failed Post \"https://192.168.1.100:6443/apis/authorization.k8s.io/v1/selfsubjectaccessreviews\": dial tcp 192.168.1.100:6443: connect: connection refused for kube-system/kube-vip-metal1 (kube-vip)"[0m[0m
[90m9:40PM[0m [31mERR[0m [1mlog-request[0m [36merror=[0m[31m[1m"stream logs failed user is not authorized to view pod logs for kube-system/kube-vip-metal1 (kube-vip)"[0m[0m
[90m9:40PM[0m [31mERR[0m [1mlog-request[0m [36merror=[0m[31m[1m"stream logs failed user is not authorized to view pod logs for kube-system/kube-vip-metal1 (kube-vip)"[0m[0m
[90m9:40PM[0m [33mWRN[0m [1m  Dial Failed![0m [36merror=[0m[31m[1m"Post \"https://192.168.1.100:6443/apis/authorization.k8s.io/v1/selfsubjectaccessreviews\": dial tcp 192.168.1.100:6443: connect: connection refused"[0m[0m
[90m9:40PM[0m [31mERR[0m [1mlog-request[0m [36merror=[0m[31m[1m"stream logs failed Post \"https://192.168.1.100:6443/apis/authorization.k8s.io/v1/selfsubjectaccessreviews\": dial tcp 192.168.1.100:6443: connect: connection refused for kube-system/kube-vip-metal2 (kube-vip)"[0m[0m
[90m9:40PM[0m [31mERR[0m [1mlog-request[0m [36merror=[0m[31m[1m"stream logs failed user is not authorized to view pod logs for kube-system/kube-vip-metal2 (kube-vip)"[0m[0m
[90m9:40PM[0m [31mERR[0m [1mlog-request[0m [36merror=[0m[31m[1m"stream logs failed user is not authorized to view pod logs for kube-system/kube-vip-metal2 (kube-vip)"[0m[0m
[90m9:40PM[0m [31mERR[0m [1mlog-request[0m [36merror=[0m[31m[1m"stream logs failed user is not authorized to view pod logs for kube-system/kube-vip-metal2 (kube-vip)"[0m[0m
[90m9:40PM[0m [31mERR[0m [1mlog-request[0m [36merror=[0m[31m[1m"stream logs failed user is not authorized to view pod logs for kube-system/kube-vip-metal2 (kube-vip)"[0m[0m
[90m9:40PM[0m [31mERR[0m [1mcan't connect to cluster[0m [36merror=[0m[31m[1m"Get \"https://192.168.1.100:6443/version?timeout=15s\": dial tcp 192.168.1.100:6443: connect: connection refused"[0m[0m
[90m9:40PM[0m [31mERR[0m [1mClusterUpdater failed[0m [36merror=[0m[31m[1m"conn check failed (1/5)"[0m[0m
[90m9:40PM[0m [31mERR[0m [1mlog-request[0m [36merror=[0m[31m[1m"stream logs failed ACCESS -- No API server connection for kube-system/kube-vip-metal2 (kube-vip)"[0m[0m
[90m9:40PM[0m [33mWRN[0m [1mUnable to dial discovery API[0m [36merror=[0m[31m[1m"no connection to dial"[0m[0m
[90m9:40PM[0m [31mERR[0m [1mWatcher failed for containers -- ACCESS -- No API server connection[0m [36merror=[0m[31m[1m"ACCESS -- No API server connection"[0m[0m
[90m9:40PM[0m [31mERR[0m [1mWatcher failed for v1/pods -- ACCESS -- No API server connection[0m [36merror=[0m[31m[1m"ACCESS -- No API server connection"[0m[0m
[90m9:40PM[0m [31mERR[0m [1mWatcher failed for containers -- ACCESS -- No API server connection[0m [36merror=[0m[31m[1m"ACCESS -- No API server connection"[0m[0m
[90m9:40PM[0m [31mERR[0m [1mWatcher failed for v1/pods -- ACCESS -- No API server connection[0m [36merror=[0m[31m[1m"ACCESS -- No API server connection"[0m[0m
[90m9:40PM[0m [31mERR[0m [1mcan't connect to cluster[0m [36merror=[0m[31m[1m"the server is currently unable to handle the request"[0m[0m
[90m9:40PM[0m [31mERR[0m [1mClusterUpdater failed[0m [36merror=[0m[31m[1m"conn check failed (2/5)"[0m[0m
[90m9:40PM[0m [33mWRN[0m [1mUnable to dial discovery API[0m [36merror=[0m[31m[1m"no connection to dial"[0m[0m
[90m9:40PM[0m [31mERR[0m [1mWatcher failed for containers -- ACCESS -- No API server connection[0m [36merror=[0m[31m[1m"ACCESS -- No API server connection"[0m[0m
[90m9:40PM[0m [31mERR[0m [1mWatcher failed for v1/pods -- ACCESS -- No API server connection[0m [36merror=[0m[31m[1m"ACCESS -- No API server connection"[0m[0m
[90m9:40PM[0m [31mERR[0m [1mfailed to list namespaces[0m [36merror=[0m[31m[1m"user not authorized to list all namespaces"[0m[0m
[90m9:40PM[0m [31mERR[0m [1mfailed to list namespaces[0m [36merror=[0m[31m[1m"user not authorized to list all namespaces"[0m[0m
[90m9:40PM[0m [31mERR[0m [1mfailed to list namespaces[0m [36merror=[0m[31m[1m"user not authorized to list all namespaces"[0m[0m
[90m9:40PM[0m [31mERR[0m [1mWatcher failed for networking.k8s.io/v1/ingresses -- apiserver not ready[0m [36merror=[0m[31m[1m"apiserver not ready"[0m[0m
[90m9:40PM[0m [31mERR[0m [1mfailed to list namespaces[0m [36merror=[0m[31m[1m"user not authorized to list all namespaces"[0m[0m
[90m9:40PM[0m [33mWRN[0m [1mnamespace validation failed for: "default"[0m [36merror=[0m[31m[1m"user not authorized to list all namespaces"[0m[0m
[90m9:40PM[0m [33mWRN[0m [1mnamespace validation failed for: "plex"[0m [36merror=[0m[31m[1m"user not authorized to list all namespaces"[0m[0m
[90m9:40PM[0m [33mWRN[0m [1mnamespace validation failed for: "ingress-nginx"[0m [36merror=[0m[31m[1m"user not authorized to list all namespaces"[0m[0m
[90m9:40PM[0m [33mWRN[0m [1mnamespace validation failed for: "ingress-nginx"[0m [36merror=[0m[31m[1m"user not authorized to list all namespaces"[0m[0m
[90m9:40PM[0m [33mWRN[0m [1mnamespace validation failed for: "argocd"[0m [36merror=[0m[31m[1m"user not authorized to list all namespaces"[0m[0m
[90m9:40PM[0m [33mWRN[0m [1mnamespace validation failed for: "plex"[0m [36merror=[0m[31m[1m"user not authorized to list all namespaces"[0m[0m
[90m9:40PM[0m [33mWRN[0m [1mnamespace validation failed for: "ingress-nginx"[0m [36merror=[0m[31m[1m"user not authorized to list all namespaces"[0m[0m
[90m9:40PM[0m [33mWRN[0m [1mnamespace validation failed for: "frigate"[0m [36merror=[0m[31m[1m"user not authorized to list all namespaces"[0m[0m
[90m9:40PM[0m [33mWRN[0m [1mnamespace validation failed for: "frigate"[0m [36merror=[0m[31m[1m"user not authorized to list all namespaces"[0m[0m
[90m9:40PM[0m [33mWRN[0m [1mnamespace validation failed for: "frigate"[0m [36merror=[0m[31m[1m"user not authorized to list all namespaces"[0m[0m
[90m9:40PM[0m [33mWRN[0m [1mnamespace validation failed for: "frigate"[0m [36merror=[0m[31m[1m"user not authorized to list all namespaces"[0m[0m
[90m9:40PM[0m [32mINF[0m [1m🐶 K9s starting up...[0m
[90m9:40PM[0m [32mINF[0m [1m✅ Kubernetes connectivity[0m
[90m9:41PM[0m [31mERR[0m [1mcan't connect to cluster[0m [36merror=[0m[31m[1m"Get \"https://192.168.1.100:6443/version?timeout=15s\": dial tcp 192.168.1.100:6443: connect: connection refused"[0m[0m
[90m9:41PM[0m [31mERR[0m [1mClusterUpdater failed[0m [36merror=[0m[31m[1m"conn check failed (1/5)"[0m[0m
[90m9:41PM[0m [33mWRN[0m [1mreconciler exited[0m [36merror=[0m[31m[1m"context canceled"[0m[0m
[90m9:43PM[0m [31mERR[0m [1mcan't connect to cluster[0m [36merror=[0m[31m[1m"Get \"https://192.168.1.100:6443/version?timeout=15s\": dial tcp 192.168.1.100:6443: connect: connection refused"[0m[0m
[90m9:43PM[0m [31mERR[0m [1mClusterUpdater failed[0m [36merror=[0m[31m[1m"conn check failed (1/5)"[0m[0m
[90m9:43PM[0m [33mWRN[0m [1mreconciler exited[0m [36merror=[0m[31m[1m"context canceled"[0m[0m
[90m9:44PM[0m [32mINF[0m [1m🐶 K9s starting up...[0m
[90m9:44PM[0m [32mINF[0m [1m✅ Kubernetes connectivity[0m
[90m9:45PM[0m [31mERR[0m [1mcan't connect to cluster[0m [36merror=[0m[31m[1m"Get \"https://192.168.1.100:6443/version?timeout=15s\": dial tcp 192.168.1.100:6443: connect: connection refused"[0m[0m
[90m9:45PM[0m [31mERR[0m [1mClusterUpdater failed[0m [36merror=[0m[31m[1m"conn check failed (1/5)"[0m[0m
[90m9:45PM[0m [33mWRN[0m [1mreconciler exited[0m [36merror=[0m[31m[1m"context canceled"[0m[0m
[90m9:45PM[0m [31mERR[0m [1mcan't connect to cluster[0m [36merror=[0m[31m[1m"Get \"https://192.168.1.100:6443/version?timeout=15s\": dial tcp 192.168.1.100:6443: connect: connection refused"[0m[0m
[90m9:45PM[0m [31mERR[0m [1mClusterUpdater failed[0m [36merror=[0m[31m[1m"conn check failed (1/5)"[0m[0m
[90m9:45PM[0m [33mWRN[0m [1mreconciler exited[0m [36merror=[0m[31m[1m"context canceled"[0m[0m
[90m9:45PM[0m [31mERR[0m [1mcan't connect to cluster[0m [36merror=[0m[31m[1m"the server is currently unable to handle the request"[0m[0m
[90m9:45PM[0m [31mERR[0m [1mClusterUpdater failed[0m [36merror=[0m[31m[1m"conn check failed (2/5)"[0m[0m
[90m9:45PM[0m [31mERR[0m [1mcan't connect to cluster[0m [36merror=[0m[31m[1m"the server is currently unable to handle the request"[0m[0m
[90m9:45PM[0m [31mERR[0m [1mClusterUpdater failed[0m [36merror=[0m[31m[1m"conn check failed (2/5)"[0m[0m
[90m9:46PM[0m [31mERR[0m [1mcan't connect to cluster[0m [36merror=[0m[31m[1m"Get \"https://192.168.1.100:6443/version?timeout=15s\": dial tcp 192.168.1.100:6443: connect: connection refused"[0m[0m
[90m9:46PM[0m [31mERR[0m [1mClusterUpdater failed[0m [36merror=[0m[31m[1m"conn check failed (3/5)"[0m[0m
[90m9:46PM[0m [31mERR[0m [1mcan't connect to cluster[0m [36merror=[0m[31m[1m"Get \"https://192.168.1.100:6443/version?timeout=15s\": dial tcp 192.168.1.100:6443: connect: connection refused"[0m[0m
[90m9:46PM[0m [31mERR[0m [1mClusterUpdater failed[0m [36merror=[0m[31m[1m"conn check failed (3/5)"[0m[0m
[90m9:46PM[0m [31mERR[0m [1mcan't connect to cluster[0m [36merror=[0m[31m[1m"Get \"https://192.168.1.100:6443/version?timeout=15s\": dial tcp 192.168.1.100:6443: connect: connection refused"[0m[0m
[90m9:46PM[0m [31mERR[0m [1mClusterUpdater failed[0m [36merror=[0m[31m[1m"conn check failed (4/5)"[0m[0m
[90m9:46PM[0m [33mWRN[0m [1mnamespace validation failed for: "default"[0m [36merror=[0m[31m[1m"user not authorized to list all namespaces"[0m[0m
[90m9:46PM[0m [33mWRN[0m [1mnamespace validation failed for: "plex"[0m [36merror=[0m[31m[1m"user not authorized to list all namespaces"[0m[0m
[90m9:46PM[0m [33mWRN[0m [1mnamespace validation failed for: "ingress-nginx"[0m [36merror=[0m[31m[1m"user not authorized to list all namespaces"[0m[0m
[90m9:46PM[0m [33mWRN[0m [1mnamespace validation failed for: "ingress-nginx"[0m [36merror=[0m[31m[1m"user not authorized to list all namespaces"[0m[0m
[90m9:46PM[0m [33mWRN[0m [1mnamespace validation failed for: "argocd"[0m [36merror=[0m[31m[1m"user not authorized to list all namespaces"[0m[0m
[90m9:46PM[0m [33mWRN[0m [1mnamespace validation failed for: "metallb-system"[0m [36merror=[0m[31m[1m"user not authorized to list all namespaces"[0m[0m
[90m9:46PM[0m [33mWRN[0m [1mnamespace validation failed for: "plex"[0m [36merror=[0m[31m[1m"user not authorized to list all namespaces"[0m[0m
[90m9:46PM[0m [33mWRN[0m [1mnamespace validation failed for: "frigate"[0m [36merror=[0m[31m[1m"user not authorized to list all namespaces"[0m[0m
[90m9:46PM[0m [33mWRN[0m [1mnamespace validation failed for: "frigate"[0m [36merror=[0m[31m[1m"user not authorized to list all namespaces"[0m[0m
[90m9:46PM[0m [33mWRN[0m [1mnamespace validation failed for: "frigate"[0m [36merror=[0m[31m[1m"user not authorized to list all namespaces"[0m[0m
[90m9:46PM[0m [33mWRN[0m [1mnamespace validation failed for: "frigate"[0m [36merror=[0m[31m[1m"user not authorized to list all namespaces"[0m[0m
[90m9:46PM[0m [31mERR[0m [1mcan't connect to cluster[0m [36merror=[0m[31m[1m"Get \"https://192.168.1.100:6443/version?timeout=15s\": dial tcp 192.168.1.100:6443: connect: connection refused"[0m[0m
[90m9:46PM[0m [31mERR[0m [1mClusterUpdater failed[0m [36merror=[0m[31m[1m"conn check failed (4/5)"[0m[0m
[90m9:46PM[0m [33mWRN[0m [1mnamespace validation failed for: "default"[0m [36merror=[0m[31m[1m"user not authorized to list all namespaces"[0m[0m
[90m9:46PM[0m [33mWRN[0m [1mnamespace validation failed for: "plex"[0m [36merror=[0m[31m[1m"user not authorized to list all namespaces"[0m[0m
[90m9:46PM[0m [33mWRN[0m [1mnamespace validation failed for: "ingress-nginx"[0m [36merror=[0m[31m[1m"user not authorized to list all namespaces"[0m[0m
[90m9:46PM[0m [33mWRN[0m [1mnamespace validation failed for: "ingress-nginx"[0m [36merror=[0m[31m[1m"user not authorized to list all namespaces"[0m[0m
[90m9:46PM[0m [33mWRN[0m [1mnamespace validation failed for: "argocd"[0m [36merror=[0m[31m[1m"user not authorized to list all namespaces"[0m[0m
[90m9:46PM[0m [33mWRN[0m [1mnamespace validation failed for: "sealed-secrets"[0m [36merror=[0m[31m[1m"user not authorized to list all namespaces"[0m[0m
[90m9:46PM[0m [33mWRN[0m [1mnamespace validation failed for: "metallb-system"[0m [36merror=[0m[31m[1m"user not authorized to list all namespaces"[0m[0m
[90m9:46PM[0m [33mWRN[0m [1mnamespace validation failed for: "frigate"[0m [36merror=[0m[31m[1m"user not authorized to list all namespaces"[0m[0m
[90m9:46PM[0m [33mWRN[0m [1mnamespace validation failed for: "frigate"[0m [36merror=[0m[31m[1m"user not authorized to list all namespaces"[0m[0m
[90m9:46PM[0m [33mWRN[0m [1mnamespace validation failed for: "frigate"[0m [36merror=[0m[31m[1m"user not authorized to list all namespaces"[0m[0m
[90m9:46PM[0m [33mWRN[0m [1mnamespace validation failed for: "frigate"[0m [36merror=[0m[31m[1m"user not authorized to list all namespaces"[0m[0m
[90m9:46PM[0m [32mINF[0m [1m🐶 K9s starting up...[0m
[90m9:46PM[0m [31mERR[0m [1mFail to locate metrics-server[0m [36merror=[0m[31m[1m"Get \"https://192.168.1.100:6443/api\": dial tcp 192.168.1.100:6443: connect: connection refused"[0m[0m
[90m9:46PM[0m [33mWRN[0m [1mnamespace validation failed for: "default"[0m [36merror=[0m[31m[1m"user not authorized to list all namespaces"[0m[0m
[90m9:46PM[0m [33mWRN[0m [1mnamespace validation failed for: "plex"[0m [36merror=[0m[31m[1m"user not authorized to list all namespaces"[0m[0m
[90m9:46PM[0m [33mWRN[0m [1mnamespace validation failed for: "sealed-secrets"[0m [36merror=[0m[31m[1m"user not authorized to list all namespaces"[0m[0m
[90m9:46PM[0m [33mWRN[0m [1mnamespace validation failed for: "frigate"[0m [36merror=[0m[31m[1m"user not authorized to list all namespaces"[0m[0m
[90m9:46PM[0m [33mWRN[0m [1mnamespace validation failed for: "frigate"[0m [36merror=[0m[31m[1m"user not authorized to list all namespaces"[0m[0m
[90m9:46PM[0m [33mWRN[0m [1mnamespace validation failed for: "frigate"[0m [36merror=[0m[31m[1m"user not authorized to list all namespaces"[0m[0m
[90m9:46PM[0m [33mWRN[0m [1mnamespace validation failed for: "frigate"[0m [36merror=[0m[31m[1m"user not authorized to list all namespaces"[0m[0m
[90m9:46PM[0m [31mERR[0m [1mcan't connect to cluster[0m [36merror=[0m[31m[1m"Get \"https://192.168.1.100:6443/version?timeout=15s\": dial tcp 192.168.1.100:6443: connect: connection refused"[0m[0m
[90m9:46PM[0m [32mINF[0m [1m✅ Kubernetes connectivity[0m
[90m9:46PM[0m [33mWRN[0m [1mnamespace validation failed for: "ingress-nginx"[0m [36merror=[0m[31m[1m"user not authorized to list all namespaces"[0m[0m
[90m9:46PM[0m [33mWRN[0m [1mnamespace validation failed for: "metallb-system"[0m [36merror=[0m[31m[1m"user not authorized to list all namespaces"[0m[0m
[90m9:46PM[0m [33mWRN[0m [1mnamespace validation failed for: "metallb-system"[0m [36merror=[0m[31m[1m"user not authorized to list all namespaces"[0m[0m
[90m9:46PM[0m [31mERR[0m [1mFail to load global/context configuration[0m [36merror=[0m[31m[1m"Get \"https://192.168.1.100:6443/api\": dial tcp 192.168.1.100:6443: connect: connection refused\ncannot connect to context: default\nk8s connection failed for context: default"[0m[0m
[90m9:46PM[0m [31mERR[0m [1mLoad cluster resources - No API server connection[0m
[90m9:46PM[0m [31mERR[0m [1mfailed to list contexts[0m [36merror=[0m[31m[1m"no connection"[0m[0m
[90m9:46PM[0m [33mWRN[0m [1mUnable to dial discovery API[0m [36merror=[0m[31m[1m"no connection to dial"[0m[0m
[90m9:46PM[0m [31mERR[0m [1mcan't connect to cluster[0m [36merror=[0m[31m[1m"Get \"https://192.168.1.100:6443/version?timeout=15s\": dial tcp 192.168.1.100:6443: connect: connection refused"[0m[0m
[90m9:46PM[0m [31mERR[0m [1mLoad cluster resources - No API server connection[0m
[90m9:46PM[0m [33mWRN[0m [1mUnable to dial discovery API[0m [36merror=[0m[31m[1m"no connection to dial"[0m[0m
[90m9:47PM[0m [31mERR[0m [1mContext switch failed[0m [36merror=[0m[31m[1m"no connection to cached dial"[0m[0m
[90m9:47PM[0m [31mERR[0m [1mno connection to cached dial[0m
[90m9:47PM[0m [31mERR[0m [1mContext switch failed[0m [36merror=[0m[31m[1m"no connection to cached dial"[0m[0m
[90m9:47PM[0m [31mERR[0m [1mno connection to cached dial[0m
[90m9:47PM[0m [31mERR[0m [1mfailed to list namespaces[0m [36merror=[0m[31m[1m"user not authorized to list all namespaces"[0m[0m
[90m9:47PM[0m [33mWRN[0m [1mnamespace validation failed for: "argocd"[0m [36merror=[0m[31m[1m"user not authorized to list all namespaces"[0m[0m
[90m9:47PM[0m [33mWRN[0m [1mnamespace validation failed for: "default"[0m [36merror=[0m[31m[1m"user not authorized to list all namespaces"[0m[0m
[90m9:47PM[0m [33mWRN[0m [1mnamespace validation failed for: "plex"[0m [36merror=[0m[31m[1m"user not authorized to list all namespaces"[0m[0m
[90m9:47PM[0m [33mWRN[0m [1mnamespace validation failed for: "sealed-secrets"[0m [36merror=[0m[31m[1m"user not authorized to list all namespaces"[0m[0m
[90m9:47PM[0m [33mWRN[0m [1mnamespace validation failed for: "frigate"[0m [36merror=[0m[31m[1m"user not authorized to list all namespaces"[0m[0m
[90m9:47PM[0m [33mWRN[0m [1mnamespace validation failed for: "frigate"[0m [36merror=[0m[31m[1m"user not authorized to list all namespaces"[0m[0m
[90m9:47PM[0m [33mWRN[0m [1mnamespace validation failed for: "frigate"[0m [36merror=[0m[31m[1m"user not authorized to list all namespaces"[0m[0m
[90m9:47PM[0m [33mWRN[0m [1mnamespace validation failed for: "frigate"[0m [36merror=[0m[31m[1m"user not authorized to list all namespaces"[0m[0m
[90m9:47PM[0m [32mINF[0m [1m🐶 K9s starting up...[0m
[90m9:47PM[0m [31mERR[0m [1mFail to locate metrics-server[0m [36merror=[0m[31m[1m"Get \"https://192.168.1.100:6443/api\": dial tcp 192.168.1.100:6443: connect: connection refused"[0m[0m
[90m9:47PM[0m [33mWRN[0m [1mnamespace validation failed for: "ingress-nginx"[0m [36merror=[0m[31m[1m"user not authorized to list all namespaces"[0m[0m
[90m9:47PM[0m [33mWRN[0m [1mnamespace validation failed for: "metallb-system"[0m [36merror=[0m[31m[1m"user not authorized to list all namespaces"[0m[0m
[90m9:47PM[0m [33mWRN[0m [1mnamespace validation failed for: "plex"[0m [36merror=[0m[31m[1m"user not authorized to list all namespaces"[0m[0m
[90m9:47PM[0m [33mWRN[0m [1mnamespace validation failed for: "frigate"[0m [36merror=[0m[31m[1m"user not authorized to list all namespaces"[0m[0m
[90m9:47PM[0m [33mWRN[0m [1mnamespace validation failed for: "frigate"[0m [36merror=[0m[31m[1m"user not authorized to list all namespaces"[0m[0m
[90m9:47PM[0m [33mWRN[0m [1mnamespace validation failed for: "frigate"[0m [36merror=[0m[31m[1m"user not authorized to list all namespaces"[0m[0m
[90m9:47PM[0m [33mWRN[0m [1mnamespace validation failed for: "frigate"[0m [36merror=[0m[31m[1m"user not authorized to list all namespaces"[0m[0m
[90m9:47PM[0m [31mERR[0m [1mcan't connect to cluster[0m [36merror=[0m[31m[1m"Get \"https://192.168.1.100:6443/version?timeout=15s\": dial tcp 192.168.1.100:6443: connect: connection refused"[0m[0m
[90m9:47PM[0m [32mINF[0m [1m✅ Kubernetes connectivity[0m
[90m9:47PM[0m [33mWRN[0m [1mnamespace validation failed for: "argocd"[0m [36merror=[0m[31m[1m"user not authorized to list all namespaces"[0m[0m
[90m9:47PM[0m [33mWRN[0m [1mnamespace validation failed for: "sealed-secrets"[0m [36merror=[0m[31m[1m"user not authorized to list all namespaces"[0m[0m
[90m9:47PM[0m [33mWRN[0m [1mnamespace validation failed for: "sealed-secrets"[0m [36merror=[0m[31m[1m"user not authorized to list all namespaces"[0m[0m
[90m9:47PM[0m [31mERR[0m [1mFail to load global/context configuration[0m [36merror=[0m[31m[1m"Get \"https://192.168.1.100:6443/api\": dial tcp 192.168.1.100:6443: connect: connection refused\ncannot connect to context: default\nk8s connection failed for context: default"[0m[0m
[90m9:47PM[0m [31mERR[0m [1mLoad cluster resources - No API server connection[0m
[90m9:47PM[0m [31mERR[0m [1mfailed to list contexts[0m [36merror=[0m[31m[1m"no connection"[0m[0m
[90m9:47PM[0m [33mWRN[0m [1mUnable to dial discovery API[0m [36merror=[0m[31m[1m"no connection to dial"[0m[0m
[90m9:47PM[0m [31mERR[0m [1mcan't connect to cluster[0m [36merror=[0m[31m[1m"Get \"https://192.168.1.100:6443/version?timeout=15s\": dial tcp 192.168.1.100:6443: connect: connection refused"[0m[0m
[90m9:47PM[0m [31mERR[0m [1mLoad cluster resources - No API server connection[0m
[90m9:47PM[0m [33mWRN[0m [1mUnable to dial discovery API[0m [36merror=[0m[31m[1m"no connection to dial"[0m[0m
[90m9:47PM[0m [31mERR[0m [1mContext switch failed[0m [36merror=[0m[31m[1m"no connection to cached dial"[0m[0m
[90m9:47PM[0m [31mERR[0m [1mno connection to cached dial[0m
[90m9:47PM[0m [31mERR[0m [1mContext switch failed[0m [36merror=[0m[31m[1m"no connection to cached dial"[0m[0m
[90m9:47PM[0m [31mERR[0m [1mno connection to cached dial[0m
[90m9:47PM[0m [31mERR[0m [1mContext switch failed[0m [36merror=[0m[31m[1m"no connection to cached dial"[0m[0m
[90m9:47PM[0m [31mERR[0m [1mno connection to cached dial[0m
[90m9:47PM[0m [31mERR[0m [1mContext switch failed[0m [36merror=[0m[31m[1m"no connection to cached dial"[0m[0m
[90m9:47PM[0m [31mERR[0m [1mno connection to cached dial[0m
[90m9:47PM[0m [31mERR[0m [1mfailed to list namespaces[0m [36merror=[0m[31m[1m"user not authorized to list all namespaces"[0m[0m
[90m9:47PM[0m [33mWRN[0m [1mnamespace validation failed for: "default"[0m [36merror=[0m[31m[1m"user not authorized to list all namespaces"[0m[0m
[90m9:47PM[0m [33mWRN[0m [1mnamespace validation failed for: "ingress-nginx"[0m [36merror=[0m[31m[1m"user not authorized to list all namespaces"[0m[0m
[90m9:47PM[0m [33mWRN[0m [1mnamespace validation failed for: "metallb-system"[0m [36merror=[0m[31m[1m"user not authorized to list all namespaces"[0m[0m
[90m9:47PM[0m [33mWRN[0m [1mnamespace validation failed for: "plex"[0m [36merror=[0m[31m[1m"user not authorized to list all namespaces"[0m[0m
[90m9:47PM[0m [33mWRN[0m [1mnamespace validation failed for: "frigate"[0m [36merror=[0m[31m[1m"user not authorized to list all namespaces"[0m[0m
[90m9:47PM[0m [33mWRN[0m [1mnamespace validation failed for: "frigate"[0m [36merror=[0m[31m[1m"user not authorized to list all namespaces"[0m[0m
[90m9:47PM[0m [33mWRN[0m [1mnamespace validation failed for: "frigate"[0m [36merror=[0m[31m[1m"user not authorized to list all namespaces"[0m[0m
[90m9:47PM[0m [33mWRN[0m [1mnamespace validation failed for: "frigate"[0m [36merror=[0m[31m[1m"user not authorized to list all namespaces"[0m[0m
[90m10:13PM[0m [32mINF[0m [1m🐶 K9s starting up...[0m
[90m10:13PM[0m [32mINF[0m [1m✅ Kubernetes connectivity[0m
[90m10:13PM[0m [32mINF[0m [1m🐶 K9s starting up...[0m
[90m10:13PM[0m [32mINF[0m [1m✅ Kubernetes connectivity[0m
[90m10:13PM[0m [33mWRN[0m [1mlog-reader canceled[0m [36merror=[0m[31m[1m"Stream canceled context canceled for argocd/argocd-application-controller-0 (application-controller)"[0m[0m
[90m10:13PM[0m [33mWRN[0m [1mlog-reader canceled[0m [36merror=[0m[31m[1m"Stream canceled context canceled for argocd/argocd-server-654b757df-pb98p (server)"[0m[0m
[90m10:18PM[0m [33mWRN[0m [1mlog-reader canceled[0m [36merror=[0m[31m[1m"Stream canceled unexpected EOF for argocd/argocd-application-controller-0 (application-controller)"[0m[0m
[90m10:18PM[0m [31mERR[0m [1mcan't connect to cluster[0m [36merror=[0m[31m[1m"Get \"https://192.168.1.100:6443/version?timeout=15s\": dial tcp 192.168.1.100:6443: connect: connection refused"[0m[0m
[90m10:18PM[0m [31mERR[0m [1mClusterUpdater failed[0m [36merror=[0m[31m[1m"conn check failed (1/5)"[0m[0m
[90m10:22PM[0m [33mWRN[0m [1mlog-reader EOF[0m [36merror=[0m[31m[1m"Stream closed EOF for argocd/argocd-application-controller-0 (application-controller)"[0m[0m
[90m10:29PM[0m [32mINF[0m [1m🐶 K9s starting up...[0m
[90m10:29PM[0m [32mINF[0m [1m✅ Kubernetes connectivity[0m
[90m10:29PM[0m [32mINF[0m [1m🐶 K9s starting up...[0m
[90m10:29PM[0m [32mINF[0m [1m✅ Kubernetes connectivity[0m
[90m10:29PM[0m [33mWRN[0m [1mScan failed for img quay.io/cilium/cilium-envoy:v1.29.7-39a2a56bbd5b3a591f69dbca51d3e30ef97e0e51@sha256:bd5ff8c66716080028f414ec1cb4f7dc66f40d2fb5a009fff187f4a9b90b566b --[0m [36merror=[0m[31m[1m"failed to catalog quay.io/cilium/cilium-envoy:v1.29.7-39a2a56bbd5b3a591f69dbca51d3e30ef97e0e51@sha256:bd5ff8c66716080028f414ec1cb4f7dc66f40d2fb5a009fff187f4a9b90b566b: errors occurred attempting to resolve 'quay.io/cilium/cilium-envoy:v1.29.7-39a2a56bbd5b3a591f69dbca51d3e30ef97e0e51@sha256:bd5ff8c66716080028f414ec1cb4f7dc66f40d2fb5a009fff187f4a9b90b566b':\n  - no such file or directory\n  - docker not available: failed to connect to Docker daemon. Ensure Docker is running and accessible\n  - podman not available: making http client: connection to bastion host=\"127.0.0.1:49782\" failed: dial tcp 127.0.0.1:49782: connect: connection refused\n  - containerd not available: no grpc connection or services is available: unavailable\n  - unable to populate layer cache dir=\"/var/folders/9k/fl6gd1tx67dgc9b5njv0sjh40000gn/T/stereoscope-2018674477/oci-registry-image-2840714523/sha256:24a48d4af45bab05d8712fe22abec5761a7781283500e32e34bdff5798c09399.tar\" : unexpected EOF"[0m[0m
[90m10:29PM[0m [33mWRN[0m [1mlog-reader canceled[0m [36merror=[0m[31m[1m"Stream canceled context canceled for kube-system/kube-vip-metal0.kleinsorge.dev (kube-vip)"[0m[0m
[90m10:30PM[0m [33mWRN[0m [1mlog-reader canceled[0m [36merror=[0m[31m[1m"Stream canceled context canceled for kube-system/kube-vip-metal1 (kube-vip)"[0m[0m
[90m10:30PM[0m [31mERR[0m [1mlogs-stream[0m [36merror=[0m[31m[1m"stream logs failed Get \"https://192.168.1.103:10250/containerLogs/kube-system/kube-vip-metal3.kleinsorge.dev/kube-vip?follow=true&tailLines=100&timestamps=true\": proxy error from 127.0.0.1:6443 while dialing 192.168.1.103:10250, code 502: 502 Bad Gateway for kube-system/kube-vip-metal3.kleinsorge.dev (kube-vip)"[0m[0m
[90m10:30PM[0m [31mERR[0m [1mlogs-stream[0m [36merror=[0m[31m[1m"stream logs failed Get \"https://192.168.1.103:10250/containerLogs/kube-system/kube-vip-metal3.kleinsorge.dev/kube-vip?follow=true&tailLines=100&timestamps=true\": proxy error from 127.0.0.1:6443 while dialing 192.168.1.103:10250, code 502: 502 Bad Gateway for kube-system/kube-vip-metal3.kleinsorge.dev (kube-vip)"[0m[0m
[90m10:30PM[0m [31mERR[0m [1mlogs-stream[0m [36merror=[0m[31m[1m"stream logs failed Get \"https://192.168.1.103:10250/containerLogs/kube-system/kube-vip-metal3.kleinsorge.dev/kube-vip?follow=true&tailLines=100&timestamps=true\": proxy error from 127.0.0.1:6443 while dialing 192.168.1.103:10250, code 502: 502 Bad Gateway for kube-system/kube-vip-metal3.kleinsorge.dev (kube-vip)"[0m[0m
[90m10:30PM[0m [31mERR[0m [1mlogs-stream[0m [36merror=[0m[31m[1m"stream logs failed client rate limiter Wait returned an error: context canceled for kube-system/kube-vip-metal3.kleinsorge.dev (kube-vip)"[0m[0m
[90m10:30PM[0m [33mWRN[0m [1mDeleted (0) portforward for "kube-system/kube-vip-metal3.kleinsorge.dev"[0m
[90m10:30PM[0m [33mWRN[0m [1mlog-reader canceled[0m [36merror=[0m[31m[1m"Stream canceled context canceled for kube-system/kube-vip-metal1 (kube-vip)"[0m[0m
[90m10:30PM[0m [33mWRN[0m [1mlog-reader EOF[0m [36merror=[0m[31m[1m"Stream closed EOF for plex/plex-0 (plex-pms)"[0m[0m
[90m10:30PM[0m [33mWRN[0m [1mlog-reader EOF[0m [36merror=[0m[31m[1m"Stream closed EOF for kube-system/cilium-2nlgf (apply-sysctl-overwrites)"[0m[0m
[90m10:30PM[0m [33mWRN[0m [1mlog-reader canceled[0m [36merror=[0m[31m[1m"Stream canceled context canceled for kube-system/cilium-2nlgf (cilium-agent)"[0m[0m
[90m10:49PM[0m [33mWRN[0m [1mScan failed for img haveagitgat/tdarr:2.00.18 --[0m [36merror=[0m[31m[1m"failed to catalog haveagitgat/tdarr:2.00.18: errors occurred attempting to resolve 'haveagitgat/tdarr:2.00.18':\n  - no such file or directory\n  - docker not available: failed to connect to Docker daemon. Ensure Docker is running and accessible\n  - podman not available: making http client: connection to bastion host=\"127.0.0.1:49782\" failed: dial tcp 127.0.0.1:49782: connect: connection refused\n  - containerd not available: no grpc connection or services is available: unavailable\n  - unable to populate layer cache dir=\"/var/folders/9k/fl6gd1tx67dgc9b5njv0sjh40000gn/T/stereoscope-995460197/oci-registry-image-4052380470/sha256:8b08fc8b8801c2fd5b1a0868886e6ab36411d251cc2bff5a20b1c53de9318997.tar\" : read tcp 192.168.1.60:65094->104.16.99.215:443: read: connection reset by peer"[0m[0m
[90m11:29PM[0m [31mERR[0m [1mcan't connect to cluster[0m [36merror=[0m[31m[1m"Get \"https://192.168.1.100:6443/version?timeout=15s\": net/http: request canceled (Client.Timeout exceeded while awaiting headers)"[0m[0m
[90m11:29PM[0m [31mERR[0m [1mClusterUpdater failed[0m [36merror=[0m[31m[1m"conn check failed (1/5)"[0m[0m
[90m1:46AM[0m [31mERR[0m [1mcan't connect to cluster[0m [36merror=[0m[31m[1m"Get \"https://192.168.1.100:6443/version?timeout=15s\": net/http: request canceled (Client.Timeout exceeded while awaiting headers)"[0m[0m
[90m1:46AM[0m [31mERR[0m [1mClusterUpdater failed[0m [36merror=[0m[31m[1m"conn check failed (1/5)"[0m[0m
[90m1:46AM[0m [31mERR[0m [1mcan't connect to cluster[0m [36merror=[0m[31m[1m"Get \"https://192.168.1.100:6443/version?timeout=15s\": http2: client connection lost"[0m[0m
[90m1:46AM[0m [31mERR[0m [1mClusterUpdater failed[0m [36merror=[0m[31m[1m"conn check failed (2/5)"[0m[0m
[90m2:29AM[0m [31mERR[0m [1mcan't connect to cluster[0m [36merror=[0m[31m[1m"Get \"https://192.168.1.100:6443/version?timeout=15s\": net/http: request canceled (Client.Timeout exceeded while awaiting headers)"[0m[0m
[90m2:29AM[0m [31mERR[0m [1mClusterUpdater failed[0m [36merror=[0m[31m[1m"conn check failed (1/5)"[0m[0m
[90m7:19AM[0m [32mINF[0m [1m🐶 K9s starting up...[0m
[90m7:19AM[0m [32mINF[0m [1m✅ Kubernetes connectivity[0m
[90m8:11AM[0m [31mERR[0m [1mcan't connect to cluster[0m [36merror=[0m[31m[1m"Get \"https://192.168.1.100:6443/version?timeout=15s\": net/http: request canceled (Client.Timeout exceeded while awaiting headers)"[0m[0m
[90m8:11AM[0m [31mERR[0m [1mClusterUpdater failed[0m [36merror=[0m[31m[1m"conn check failed (1/5)"[0m[0m
[90m8:57AM[0m [31mERR[0m [1mcan't connect to cluster[0m [36merror=[0m[31m[1m"Get \"https://192.168.1.100:6443/version?timeout=15s\": net/http: request canceled (Client.Timeout exceeded while awaiting headers)"[0m[0m
[90m8:57AM[0m [31mERR[0m [1mClusterUpdater failed[0m [36merror=[0m[31m[1m"conn check failed (1/5)"[0m[0m
[90m11:05AM[0m [31mERR[0m [1mcan't connect to cluster[0m [36merror=[0m[31m[1m"Get \"https://192.168.1.100:6443/version?timeout=15s\": net/http: request canceled (Client.Timeout exceeded while awaiting headers)"[0m[0m
[90m11:05AM[0m [31mERR[0m [1mClusterUpdater failed[0m [36merror=[0m[31m[1m"conn check failed (1/5)"[0m[0m
[90m11:29AM[0m [31mERR[0m [1mcan't connect to cluster[0m [36merror=[0m[31m[1m"Get \"https://192.168.1.100:6443/version?timeout=15s\": net/http: request canceled (Client.Timeout exceeded while awaiting headers)"[0m[0m
[90m11:29AM[0m [31mERR[0m [1mClusterUpdater failed[0m [36merror=[0m[31m[1m"conn check failed (1/5)"[0m[0m
[90m11:47AM[0m [31mERR[0m [1mcan't connect to cluster[0m [36merror=[0m[31m[1m"Get \"https://192.168.1.100:6443/version?timeout=15s\": net/http: request canceled (Client.Timeout exceeded while awaiting headers)"[0m[0m
[90m11:47AM[0m [31mERR[0m [1mClusterUpdater failed[0m [36merror=[0m[31m[1m"conn check failed (1/5)"[0m[0m
[90m12:06PM[0m [31mERR[0m [1mcan't connect to cluster[0m [36merror=[0m[31m[1m"Get \"https://192.168.1.100:6443/version?timeout=15s\": net/http: request canceled (Client.Timeout exceeded while awaiting headers)"[0m[0m
[90m12:06PM[0m [31mERR[0m [1mClusterUpdater failed[0m [36merror=[0m[31m[1m"conn check failed (1/5)"[0m[0m
[90m1:14PM[0m [31mERR[0m [1mcan't connect to cluster[0m [36merror=[0m[31m[1m"Get \"https://192.168.1.100:6443/version?timeout=15s\": net/http: request canceled (Client.Timeout exceeded while awaiting headers)"[0m[0m
[90m1:14PM[0m [31mERR[0m [1mClusterUpdater failed[0m [36merror=[0m[31m[1m"conn check failed (1/5)"[0m[0m
[90m9:39PM[0m [32mINF[0m [1m🐶 K9s starting up...[0m
[90m9:39PM[0m [31mERR[0m [1mFail to locate metrics-server[0m [36merror=[0m[31m[1m"Get \"https://192.168.1.100:6443/api\": tls: failed to verify certificate: x509: certificate signed by unknown authority"[0m[0m
[90m9:39PM[0m [33mWRN[0m [1mnamespace validation failed for: "kube-system"[0m [36merror=[0m[31m[1m"user not authorized to list all namespaces"[0m[0m
[90m9:39PM[0m [31mERR[0m [1mcan't connect to cluster[0m [36merror=[0m[31m[1m"Get \"https://192.168.1.100:6443/version?timeout=15s\": tls: failed to verify certificate: x509: certificate signed by unknown authority"[0m[0m
[90m9:39PM[0m [32mINF[0m [1m✅ Kubernetes connectivity[0m
[90m9:39PM[0m [33mWRN[0m [1mnamespace validation failed for: "kube-system"[0m [36merror=[0m[31m[1m"user not authorized to list all namespaces"[0m[0m
[90m9:39PM[0m [31mERR[0m [1mFail to load global/context configuration[0m [36merror=[0m[31m[1m"Get \"https://192.168.1.100:6443/api\": tls: failed to verify certificate: x509: certificate signed by unknown authority\ncannot connect to context: default\nk8s connection failed for context: default"[0m[0m
[90m9:39PM[0m [31mERR[0m [1mLoad cluster resources - No API server connection[0m
[90m9:39PM[0m [31mERR[0m [1mfailed to list contexts[0m [36merror=[0m[31m[1m"no connection"[0m[0m
[90m9:39PM[0m [33mWRN[0m [1mUnable to dial discovery API[0m [36merror=[0m[31m[1m"no connection to dial"[0m[0m
[90m9:39PM[0m [31mERR[0m [1mcan't connect to cluster[0m [36merror=[0m[31m[1m"Get \"https://192.168.1.100:6443/version?timeout=15s\": tls: failed to verify certificate: x509: certificate signed by unknown authority"[0m[0m
[90m9:39PM[0m [31mERR[0m [1mLoad cluster resources - No API server connection[0m
[90m9:39PM[0m [33mWRN[0m [1mUnable to dial discovery API[0m [36merror=[0m[31m[1m"no connection to dial"[0m[0m
[90m9:39PM[0m [31mERR[0m [1mContext switch failed[0m [36merror=[0m[31m[1m"no connection to cached dial"[0m[0m
[90m9:39PM[0m [31mERR[0m [1mno connection to cached dial[0m
[90m9:39PM[0m [31mERR[0m [1mContext switch failed[0m [36merror=[0m[31m[1m"no connection to cached dial"[0m[0m
[90m9:39PM[0m [31mERR[0m [1mno connection to cached dial[0m
[90m9:39PM[0m [31mERR[0m [1mfailed to list namespaces[0m [36merror=[0m[31m[1m"user not authorized to list all namespaces"[0m[0m
[90m9:39PM[0m [33mWRN[0m [1mnamespace validation failed for: "kube-system"[0m [36merror=[0m[31m[1m"user not authorized to list all namespaces"[0m[0m
[90m9:39PM[0m [33mWRN[0m [1mnamespace validation failed for: "kube-system"[0m [36merror=[0m[31m[1m"user not authorized to list all namespaces"[0m[0m
[90m9:40PM[0m [32mINF[0m [1m🐶 K9s starting up...[0m
[90m9:40PM[0m [32mINF[0m [1m✅ Kubernetes connectivity[0m
[90m9:41PM[0m [32mINF[0m [1m🐶 K9s starting up...[0m
[90m9:41PM[0m [31mERR[0m [1mFail to locate metrics-server[0m [36merror=[0m[31m[1m"Get \"https://192.168.1.100:6443/api\": dial tcp 192.168.1.100:6443: connect: connection refused"[0m[0m
[90m9:41PM[0m [33mWRN[0m [1mnamespace validation failed for: "kube-system"[0m [36merror=[0m[31m[1m"user not authorized to list all namespaces"[0m[0m
[90m9:41PM[0m [31mERR[0m [1mcan't connect to cluster[0m [36merror=[0m[31m[1m"Get \"https://192.168.1.100:6443/version?timeout=15s\": dial tcp 192.168.1.100:6443: connect: connection refused"[0m[0m
[90m9:41PM[0m [32mINF[0m [1m✅ Kubernetes connectivity[0m
[90m9:41PM[0m [33mWRN[0m [1mnamespace validation failed for: "kube-system"[0m [36merror=[0m[31m[1m"user not authorized to list all namespaces"[0m[0m
[90m9:41PM[0m [31mERR[0m [1mFail to load global/context configuration[0m [36merror=[0m[31m[1m"Get \"https://192.168.1.100:6443/api\": dial tcp 192.168.1.100:6443: connect: connection refused\ncannot connect to context: default\nk8s connection failed for context: default"[0m[0m
[90m9:41PM[0m [31mERR[0m [1mLoad cluster resources - No API server connection[0m
[90m9:41PM[0m [31mERR[0m [1mfailed to list contexts[0m [36merror=[0m[31m[1m"no connection"[0m[0m
[90m9:41PM[0m [33mWRN[0m [1mUnable to dial discovery API[0m [36merror=[0m[31m[1m"no connection to dial"[0m[0m
[90m9:41PM[0m [31mERR[0m [1mcan't connect to cluster[0m [36merror=[0m[31m[1m"Get \"https://192.168.1.100:6443/version?timeout=15s\": dial tcp 192.168.1.100:6443: connect: connection refused"[0m[0m
[90m9:41PM[0m [31mERR[0m [1mLoad cluster resources - No API server connection[0m
[90m9:41PM[0m [33mWRN[0m [1mUnable to dial discovery API[0m [36merror=[0m[31m[1m"no connection to dial"[0m[0m
[90m9:41PM[0m [31mERR[0m [1mContext switch failed[0m [36merror=[0m[31m[1m"no connection to cached dial"[0m[0m
[90m9:41PM[0m [31mERR[0m [1mno connection to cached dial[0m
[90m9:41PM[0m [31mERR[0m [1mContext switch failed[0m [36merror=[0m[31m[1m"no connection to cached dial"[0m[0m
[90m9:41PM[0m [31mERR[0m [1mno connection to cached dial[0m
[90m9:41PM[0m [31mERR[0m [1mContext switch failed[0m [36merror=[0m[31m[1m"no connection to cached dial"[0m[0m
[90m9:41PM[0m [31mERR[0m [1mno connection to cached dial[0m
[90m9:41PM[0m [31mERR[0m [1mfailed to list namespaces[0m [36merror=[0m[31m[1m"user not authorized to list all namespaces"[0m[0m
[90m9:41PM[0m [33mWRN[0m [1mnamespace validation failed for: "kube-system"[0m [36merror=[0m[31m[1m"user not authorized to list all namespaces"[0m[0m
[90m9:41PM[0m [33mWRN[0m [1mnamespace validation failed for: "kube-system"[0m [36merror=[0m[31m[1m"user not authorized to list all namespaces"[0m[0m
[90m9:52PM[0m [32mINF[0m [1m🐶 K9s starting up...[0m
[90m9:52PM[0m [31mERR[0m [1mFail to locate metrics-server[0m [36merror=[0m[31m[1m"No metrics api group metrics.k8s.io found on cluster"[0m[0m
[90m9:52PM[0m [32mINF[0m [1m✅ Kubernetes connectivity[0m
[90m9:52PM[0m [33mWRN[0m [1mScan failed for img quay.io/argoproj/argocd:v3.0.6 --[0m [36merror=[0m[31m[1m"failed to catalog quay.io/argoproj/argocd:v3.0.6: errors occurred attempting to resolve 'quay.io/argoproj/argocd:v3.0.6':\n  - no such file or directory\n  - docker not available: failed to connect to Docker daemon. Ensure Docker is running and accessible\n  - podman not available: making http client: connection to bastion host=\"127.0.0.1:49782\" failed: dial tcp 127.0.0.1:49782: connect: connection refused\n  - containerd not available: no grpc connection or services is available: unavailable\n  - unable to populate layer cache dir=\"/var/folders/9k/fl6gd1tx67dgc9b5njv0sjh40000gn/T/stereoscope-3551574996/oci-registry-image-811565639/sha256:ef9896663f24d7c2756a485f96e9567ff35c4c962d7644ee46c6e1d73f7d2f17.tar\" : unexpected EOF"[0m[0m
[90m9:52PM[0m [31mERR[0m [1mcan't connect to cluster[0m [36merror=[0m[31m[1m"Get \"https://192.168.1.100:6443/version?timeout=15s\": dial tcp 192.168.1.100:6443: connect: connection refused"[0m[0m
[90m9:52PM[0m [31mERR[0m [1mClusterUpdater failed[0m [36merror=[0m[31m[1m"conn check failed (1/5)"[0m[0m
[90m9:52PM[0m [31mERR[0m [1mcan't connect to cluster[0m [36merror=[0m[31m[1m"Get \"https://192.168.1.100:6443/version?timeout=15s\": dial tcp 192.168.1.100:6443: connect: connection refused"[0m[0m
[90m9:52PM[0m [31mERR[0m [1mClusterUpdater failed[0m [36merror=[0m[31m[1m"conn check failed (2/5)"[0m[0m
[90m9:53PM[0m [31mERR[0m [1mcan't connect to cluster[0m [36merror=[0m[31m[1m"the server is currently unable to handle the request"[0m[0m
[90m9:53PM[0m [31mERR[0m [1mClusterUpdater failed[0m [36merror=[0m[31m[1m"conn check failed (3/5)"[0m[0m
[90m9:56PM[0m [33mWRN[0m [1mlog-reader canceled[0m [36merror=[0m[31m[1m"Stream canceled context canceled for argocd/argocd-application-controller-0 (application-controller)"[0m[0m
[90m9:57PM[0m [31mERR[0m [1mcan't connect to cluster[0m [36merror=[0m[31m[1m"Get \"https://192.168.1.100:6443/version?timeout=15s\": dial tcp 192.168.1.100:6443: connect: connection refused"[0m[0m
[90m9:57PM[0m [31mERR[0m [1mClusterUpdater failed[0m [36merror=[0m[31m[1m"conn check failed (1/5)"[0m[0m
[90m9:57PM[0m [31mERR[0m [1mcan't connect to cluster[0m [36merror=[0m[31m[1m"Get \"https://192.168.1.100:6443/version?timeout=15s\": dial tcp 192.168.1.100:6443: connect: connection refused"[0m[0m
[90m9:57PM[0m [31mERR[0m [1mClusterUpdater failed[0m [36merror=[0m[31m[1m"conn check failed (2/5)"[0m[0m
[90m10:02PM[0m [31mERR[0m [1mcan't connect to cluster[0m [36merror=[0m[31m[1m"Get \"https://192.168.1.100:6443/version?timeout=15s\": dial tcp 192.168.1.100:6443: connect: connection refused"[0m[0m
[90m10:02PM[0m [31mERR[0m [1mClusterUpdater failed[0m [36merror=[0m[31m[1m"conn check failed (1/5)"[0m[0m
[90m10:13PM[0m [31mERR[0m [1mcan't connect to cluster[0m [36merror=[0m[31m[1m"Get \"https://192.168.1.100:6443/version?timeout=15s\": net/http: request canceled (Client.Timeout exceeded while awaiting headers)"[0m[0m
[90m10:13PM[0m [31mERR[0m [1mClusterUpdater failed[0m [36merror=[0m[31m[1m"conn check failed (1/5)"[0m[0m
[90m7:46AM[0m [31mERR[0m [1mcan't connect to cluster[0m [36merror=[0m[31m[1m"Get \"https://192.168.1.100:6443/version?timeout=15s\": net/http: request canceled (Client.Timeout exceeded while awaiting headers)"[0m[0m
[90m7:46AM[0m [31mERR[0m [1mClusterUpdater failed[0m [36merror=[0m[31m[1m"conn check failed (1/5)"[0m[0m
[90m7:46AM[0m [31mERR[0m [1mcan't connect to cluster[0m [36merror=[0m[31m[1m"Get \"https://192.168.1.100:6443/version?timeout=15s\": http2: client connection lost"[0m[0m
[90m7:46AM[0m [31mERR[0m [1mClusterUpdater failed[0m [36merror=[0m[31m[1m"conn check failed (2/5)"[0m[0m
[90m8:00AM[0m [31mERR[0m [1mcan't connect to cluster[0m [36merror=[0m[31m[1m"Get \"https://192.168.1.100:6443/version?timeout=15s\": http2: client connection lost"[0m[0m
[90m8:00AM[0m [31mERR[0m [1mClusterUpdater failed[0m [36merror=[0m[31m[1m"conn check failed (3/5)"[0m[0m
[90m8:00AM[0m [33mWRN[0m [1mnamespace validation failed for: "kube-system"[0m [36merror=[0m[31m[1m"user not authorized to list all namespaces"[0m[0m
[90m8:00AM[0m [33mWRN[0m [1mnamespace validation failed for: "argocd"[0m [36merror=[0m[31m[1m"user not authorized to list all namespaces"[0m[0m
[90m8:00AM[0m [33mWRN[0m [1mnamespace validation failed for: "default"[0m [36merror=[0m[31m[1m"user not authorized to list all namespaces"[0m[0m
[90m8:00AM[0m [33mWRN[0m [1mnamespace validation failed for: "default"[0m [36merror=[0m[31m[1m"user not authorized to list all namespaces"[0m[0m
[90m8:00AM[0m [33mWRN[0m [1mnamespace validation failed for: "kube-system"[0m [36merror=[0m[31m[1m"user not authorized to list all namespaces"[0m[0m
[90m8:00AM[0m [33mWRN[0m [1mnamespace validation failed for: "default"[0m [36merror=[0m[31m[1m"user not authorized to list all namespaces"[0m[0m
[90m8:00AM[0m [33mWRN[0m [1mnamespace validation failed for: "ingress-nginx"[0m [36merror=[0m[31m[1m"user not authorized to list all namespaces"[0m[0m
[90m8:00AM[0m [33mWRN[0m [1mnamespace validation failed for: "sealed-secrets"[0m [36merror=[0m[31m[1m"user not authorized to list all namespaces"[0m[0m
[90m8:00AM[0m [33mWRN[0m [1mnamespace validation failed for: "frigate"[0m [36merror=[0m[31m[1m"user not authorized to list all namespaces"[0m[0m
[90m8:00AM[0m [33mWRN[0m [1mnamespace validation failed for: "frigate"[0m [36merror=[0m[31m[1m"user not authorized to list all namespaces"[0m[0m
[90m8:00AM[0m [33mWRN[0m [1mnamespace validation failed for: "frigate"[0m [36merror=[0m[31m[1m"user not authorized to list all namespaces"[0m[0m
[90m8:00AM[0m [33mWRN[0m [1mnamespace validation failed for: "frigate"[0m [36merror=[0m[31m[1m"user not authorized to list all namespaces"[0m[0m
[90m9:19PM[0m [32mINF[0m [1m🐶 K9s starting up...[0m
[90m9:19PM[0m [32mINF[0m [1m✅ Kubernetes connectivity[0m
[90m9:20PM[0m [32mINF[0m [1m🐶 K9s starting up...[0m
[90m9:20PM[0m [32mINF[0m [1m✅ Kubernetes connectivity[0m
[90m8:58PM[0m [32mINF[0m [1m🐶 K9s starting up...[0m
[90m8:58PM[0m [32mINF[0m [1m✅ Kubernetes connectivity[0m
[90m8:58PM[0m [33mWRN[0m [1mDeleted (0) portforward for "-/rook-ceph"[0m
[90m8:59PM[0m [32mINF[0m [1mCommand completed successfully: "/usr/local/bin/kubectl patch --context default --namespace - namespaces rook-ceph -p {\"metadata\":{\"finalizers\":null}} --type merge"[0m
[90m9:46PM[0m [32mINF[0m [1m🐶 K9s starting up...[0m
[90m9:46PM[0m [32mINF[0m [1m✅ Kubernetes connectivity[0m
[90m9:59PM[0m [33mWRN[0m [1mlog-reader canceled[0m [36merror=[0m[31m[1m"Stream canceled context canceled for argocd/argocd-application-controller-0 (application-controller)"[0m[0m
[90m9:59PM[0m [32mINF[0m [1m🐶 K9s starting up...[0m
[90m9:59PM[0m [32mINF[0m [1m✅ Kubernetes connectivity[0m
[90m9:59PM[0m [33mWRN[0m [1mlog-reader EOF[0m [36merror=[0m[31m[1m"Stream closed EOF for hajimari/hajimari-7d785d568d-ftzbk (hajimari)"[0m[0m
[90m10:01PM[0m [32mINF[0m [1m🐶 K9s starting up...[0m
[90m10:01PM[0m [32mINF[0m [1m✅ Kubernetes connectivity[0m
[90m10:01PM[0m [33mWRN[0m [1mlog-reader canceled[0m [36merror=[0m[31m[1m"Stream canceled context canceled for kube-system/cilium-2qlz8 (cilium-agent)"[0m[0m
[90m10:02PM[0m [33mWRN[0m [1mlog-reader canceled[0m [36merror=[0m[31m[1m"Stream canceled context canceled for kube-system/cilium-operator-d8946bb45-87m24 (cilium-operator)"[0m[0m
[90m10:03PM[0m [32mINF[0m [1m🐶 K9s starting up...[0m
[90m10:03PM[0m [32mINF[0m [1m✅ Kubernetes connectivity[0m
[90m11:08PM[0m [31mERR[0m [1mcan't connect to cluster[0m [36merror=[0m[31m[1m"Get \"https://192.168.1.100:6443/version?timeout=15s\": net/http: request canceled (Client.Timeout exceeded while awaiting headers)"[0m[0m
[90m11:08PM[0m [31mERR[0m [1mClusterUpdater failed[0m [36merror=[0m[31m[1m"conn check failed (1/5)"[0m[0m
[90m11:08PM[0m [33mWRN[0m [1mreconciler exited[0m [36merror=[0m[31m[1m"context canceled"[0m[0m
[90m4:03AM[0m [31mERR[0m [1mcan't connect to cluster[0m [36merror=[0m[31m[1m"Get \"https://192.168.1.100:6443/version?timeout=15s\": net/http: request canceled (Client.Timeout exceeded while awaiting headers)"[0m[0m
[90m4:03AM[0m [31mERR[0m [1mClusterUpdater failed[0m [36merror=[0m[31m[1m"conn check failed (1/5)"[0m[0m
[90m4:03AM[0m [33mWRN[0m [1mreconciler exited[0m [36merror=[0m[31m[1m"context canceled"[0m[0m
[90m7:37AM[0m [31mERR[0m [1mcan't connect to cluster[0m [36merror=[0m[31m[1m"Get \"https://192.168.1.100:6443/version?timeout=15s\": net/http: request canceled (Client.Timeout exceeded while awaiting headers)"[0m[0m
[90m7:37AM[0m [31mERR[0m [1mClusterUpdater failed[0m [36merror=[0m[31m[1m"conn check failed (1/5)"[0m[0m
[90m7:37AM[0m [33mWRN[0m [1mreconciler exited[0m [36merror=[0m[31m[1m"context canceled"[0m[0m
[90m8:16AM[0m [31mERR[0m [1mcan't connect to cluster[0m [36merror=[0m[31m[1m"Get \"https://192.168.1.100:6443/version?timeout=15s\": net/http: request canceled (Client.Timeout exceeded while awaiting headers)"[0m[0m
[90m8:16AM[0m [31mERR[0m [1mClusterUpdater failed[0m [36merror=[0m[31m[1m"conn check failed (1/5)"[0m[0m
[90m8:16AM[0m [33mWRN[0m [1mreconciler exited[0m [36merror=[0m[31m[1m"context canceled"[0m[0m
[90m8:17AM[0m [31mERR[0m [1mcan't connect to cluster[0m [36merror=[0m[31m[1m"Get \"https://192.168.1.100:6443/version?timeout=15s\": http2: client connection lost"[0m[0m
[90m8:17AM[0m [31mERR[0m [1mClusterUpdater failed[0m [36merror=[0m[31m[1m"conn check failed (2/5)"[0m[0m
[90m8:32AM[0m [31mERR[0m [1mcan't connect to cluster[0m [36merror=[0m[31m[1m"Get \"https://192.168.1.100:6443/version?timeout=15s\": net/http: request canceled (Client.Timeout exceeded while awaiting headers)"[0m[0m
[90m8:32AM[0m [31mERR[0m [1mClusterUpdater failed[0m [36merror=[0m[31m[1m"conn check failed (1/5)"[0m[0m
[90m8:32AM[0m [33mWRN[0m [1mreconciler exited[0m [36merror=[0m[31m[1m"context canceled"[0m[0m
[90m9:03AM[0m [31mERR[0m [1mcan't connect to cluster[0m [36merror=[0m[31m[1m"Get \"https://192.168.1.100:6443/version?timeout=15s\": net/http: request canceled (Client.Timeout exceeded while awaiting headers)"[0m[0m
[90m9:03AM[0m [31mERR[0m [1mClusterUpdater failed[0m [36merror=[0m[31m[1m"conn check failed (1/5)"[0m[0m
[90m9:03AM[0m [33mWRN[0m [1mreconciler exited[0m [36merror=[0m[31m[1m"context canceled"[0m[0m
[90m9:03AM[0m [31mERR[0m [1mcan't connect to cluster[0m [36merror=[0m[31m[1m"Get \"https://192.168.1.100:6443/version?timeout=15s\": http2: client connection lost"[0m[0m
[90m9:03AM[0m [31mERR[0m [1mClusterUpdater failed[0m [36merror=[0m[31m[1m"conn check failed (2/5)"[0m[0m
[90m9:30AM[0m [31mERR[0m [1mcan't connect to cluster[0m [36merror=[0m[31m[1m"Get \"https://192.168.1.100:6443/version?timeout=15s\": net/http: request canceled (Client.Timeout exceeded while awaiting headers)"[0m[0m
[90m9:30AM[0m [31mERR[0m [1mClusterUpdater failed[0m [36merror=[0m[31m[1m"conn check failed (1/5)"[0m[0m
[90m9:30AM[0m [33mWRN[0m [1mreconciler exited[0m [36merror=[0m[31m[1m"context canceled"[0m[0m
[90m9:30AM[0m [31mERR[0m [1mcan't connect to cluster[0m [36merror=[0m[31m[1m"Get \"https://192.168.1.100:6443/version?timeout=15s\": http2: client connection lost"[0m[0m
[90m9:30AM[0m [31mERR[0m [1mClusterUpdater failed[0m [36merror=[0m[31m[1m"conn check failed (2/5)"[0m[0m
[90m10:24AM[0m [31mERR[0m [1mcan't connect to cluster[0m [36merror=[0m[31m[1m"Get \"https://192.168.1.100:6443/version?timeout=15s\": net/http: request canceled (Client.Timeout exceeded while awaiting headers)"[0m[0m
[90m10:24AM[0m [31mERR[0m [1mClusterUpdater failed[0m [36merror=[0m[31m[1m"conn check failed (1/5)"[0m[0m
[90m10:24AM[0m [33mWRN[0m [1mreconciler exited[0m [36merror=[0m[31m[1m"context canceled"[0m[0m
[90m10:24AM[0m [31mERR[0m [1mcan't connect to cluster[0m [36merror=[0m[31m[1m"Get \"https://192.168.1.100:6443/version?timeout=15s\": net/http: request canceled (Client.Timeout exceeded while awaiting headers)"[0m[0m
[90m10:24AM[0m [31mERR[0m [1mClusterUpdater failed[0m [36merror=[0m[31m[1m"conn check failed (2/5)"[0m[0m
[90m11:26AM[0m [31mERR[0m [1mcan't connect to cluster[0m [36merror=[0m[31m[1m"Get \"https://192.168.1.100:6443/version?timeout=15s\": net/http: request canceled (Client.Timeout exceeded while awaiting headers)"[0m[0m
[90m11:26AM[0m [31mERR[0m [1mClusterUpdater failed[0m [36merror=[0m[31m[1m"conn check failed (1/5)"[0m[0m
[90m11:26AM[0m [33mWRN[0m [1mreconciler exited[0m [36merror=[0m[31m[1m"context canceled"[0m[0m
[90m11:26AM[0m [31mERR[0m [1mcan't connect to cluster[0m [36merror=[0m[31m[1m"Get \"https://192.168.1.100:6443/version?timeout=15s\": net/http: request canceled (Client.Timeout exceeded while awaiting headers)"[0m[0m
[90m11:26AM[0m [31mERR[0m [1mClusterUpdater failed[0m [36merror=[0m[31m[1m"conn check failed (2/5)"[0m[0m
[90m12:25PM[0m [31mERR[0m [1mcan't connect to cluster[0m [36merror=[0m[31m[1m"Get \"https://192.168.1.100:6443/version?timeout=15s\": net/http: request canceled (Client.Timeout exceeded while awaiting headers)"[0m[0m
[90m12:25PM[0m [31mERR[0m [1mClusterUpdater failed[0m [36merror=[0m[31m[1m"conn check failed (1/5)"[0m[0m
[90m12:25PM[0m [33mWRN[0m [1mreconciler exited[0m [36merror=[0m[31m[1m"context canceled"[0m[0m
[90m12:26PM[0m [31mERR[0m [1mcan't connect to cluster[0m [36merror=[0m[31m[1m"Get \"https://192.168.1.100:6443/version?timeout=15s\": http2: client connection lost"[0m[0m
[90m12:26PM[0m [31mERR[0m [1mClusterUpdater failed[0m [36merror=[0m[31m[1m"conn check failed (2/5)"[0m[0m
[90m12:41PM[0m [31mERR[0m [1mcan't connect to cluster[0m [36merror=[0m[31m[1m"Get \"https://192.168.1.100:6443/version?timeout=15s\": net/http: request canceled (Client.Timeout exceeded while awaiting headers)"[0m[0m
[90m12:41PM[0m [31mERR[0m [1mClusterUpdater failed[0m [36merror=[0m[31m[1m"conn check failed (3/5)"[0m[0m
[90m12:41PM[0m [33mWRN[0m [1mnamespace validation failed for: "argocd"[0m [36merror=[0m[31m[1m"user not authorized to list all namespaces"[0m[0m
[90m12:41PM[0m [33mWRN[0m [1mnamespace validation failed for: "default"[0m [36merror=[0m[31m[1m"user not authorized to list all namespaces"[0m[0m
[90m12:41PM[0m [33mWRN[0m [1mnamespace validation failed for: "plex"[0m [36merror=[0m[31m[1m"user not authorized to list all namespaces"[0m[0m
[90m12:41PM[0m [33mWRN[0m [1mnamespace validation failed for: "ingress-nginx"[0m [36merror=[0m[31m[1m"user not authorized to list all namespaces"[0m[0m
[90m12:41PM[0m [33mWRN[0m [1mnamespace validation failed for: "ingress-nginx"[0m [36merror=[0m[31m[1m"user not authorized to list all namespaces"[0m[0m
[90m12:41PM[0m [33mWRN[0m [1mnamespace validation failed for: "ingress-nginx"[0m [36merror=[0m[31m[1m"user not authorized to list all namespaces"[0m[0m
[90m12:41PM[0m [33mWRN[0m [1mnamespace validation failed for: "kube-system"[0m [36merror=[0m[31m[1m"user not authorized to list all namespaces"[0m[0m
[90m12:41PM[0m [33mWRN[0m [1mnamespace validation failed for: "argocd"[0m [36merror=[0m[31m[1m"user not authorized to list all namespaces"[0m[0m
[90m12:41PM[0m [33mWRN[0m [1mnamespace validation failed for: "plex"[0m [36merror=[0m[31m[1m"user not authorized to list all namespaces"[0m[0m
[90m12:41PM[0m [33mWRN[0m [1mnamespace validation failed for: "metallb-system"[0m [36merror=[0m[31m[1m"user not authorized to list all namespaces"[0m[0m
[90m12:41PM[0m [33mWRN[0m [1mnamespace validation failed for: "frigate"[0m [36merror=[0m[31m[1m"user not authorized to list all namespaces"[0m[0m
[90m12:41PM[0m [33mWRN[0m [1mnamespace validation failed for: "frigate"[0m [36merror=[0m[31m[1m"user not authorized to list all namespaces"[0m[0m
[90m12:41PM[0m [33mWRN[0m [1mnamespace validation failed for: "frigate"[0m [36merror=[0m[31m[1m"user not authorized to list all namespaces"[0m[0m
[90m12:41PM[0m [33mWRN[0m [1mnamespace validation failed for: "frigate"[0m [36merror=[0m[31m[1m"user not authorized to list all namespaces"[0m[0m
[90m12:41PM[0m [33mWRN[0m [1mnamespace validation failed for: "frigate"[0m [36merror=[0m[31m[1m"user not authorized to list all namespaces"[0m[0m
[90m1:42PM[0m [32mINF[0m [1m🐶 K9s starting up...[0m
[90m1:42PM[0m [32mINF[0m [1m✅ Kubernetes connectivity[0m
[90m1:43PM[0m [33mWRN[0m [1mlog-reader EOF[0m [36merror=[0m[31m[1m"Stream closed EOF for hajimari/hajimari-7d785d568d-ftzbk (hajimari)"[0m[0m
[90m1:43PM[0m [33mWRN[0m [1mlog-reader EOF[0m [36merror=[0m[31m[1m"Stream closed EOF for hajimari/hajimari-7d785d568d-ftzbk (hajimari)"[0m[0m
[90m9:20PM[0m [33mWRN[0m [1mlog-reader EOF[0m [36merror=[0m[31m[1m"Stream closed EOF for hajimari/hajimari-7d785d568d-ftzbk (hajimari)"[0m[0m
[90m9:20PM[0m [33mWRN[0m [1mlog-reader EOF[0m [36merror=[0m[31m[1m"Stream closed EOF for hajimari/hajimari-7d785d568d-ftzbk (hajimari)"[0m[0m
[90m9:35PM[0m [31mERR[0m [1mlogs-stream[0m [36merror=[0m[31m[1m"stream logs failed container \"kindle-weather\" in pod \"kindle-weather-58cd8cb9bb-xfpqs\" is waiting to start: ContainerCreating for kindle-weather/kindle-weather-58cd8cb9bb-xfpqs (kindle-weather)"[0m[0m
[90m9:35PM[0m [31mERR[0m [1mlogs-stream[0m [36merror=[0m[31m[1m"stream logs failed container \"kindle-weather\" in pod \"kindle-weather-58cd8cb9bb-xfpqs\" is waiting to start: ContainerCreating for kindle-weather/kindle-weather-58cd8cb9bb-xfpqs (kindle-weather)"[0m[0m
[90m9:35PM[0m [31mERR[0m [1mlogs-stream[0m [36merror=[0m[31m[1m"stream logs failed container \"kindle-weather\" in pod \"kindle-weather-58cd8cb9bb-xfpqs\" is waiting to start: ContainerCreating for kindle-weather/kindle-weather-58cd8cb9bb-xfpqs (kindle-weather)"[0m[0m
[90m9:35PM[0m [31mERR[0m [1mlogs-stream[0m [36merror=[0m[31m[1m"stream logs failed container \"kindle-weather\" in pod \"kindle-weather-58cd8cb9bb-xfpqs\" is waiting to start: ContainerCreating for kindle-weather/kindle-weather-58cd8cb9bb-xfpqs (kindle-weather)"[0m[0m
[90m9:35PM[0m [31mERR[0m [1mlogs-stream[0m [36merror=[0m[31m[1m"stream logs failed client rate limiter Wait returned an error: context canceled for kindle-weather/kindle-weather-58cd8cb9bb-xfpqs (kindle-weather)"[0m[0m
[90m9:37PM[0m [32mINF[0m [1m🐶 K9s starting up...[0m
[90m9:37PM[0m [32mINF[0m [1m✅ Kubernetes connectivity[0m
[90m9:38PM[0m [32mINF[0m [1m🐶 K9s starting up...[0m
[90m9:38PM[0m [32mINF[0m [1m✅ Kubernetes connectivity[0m
[90m4:19AM[0m [31mERR[0m [1mcan't connect to cluster[0m [36merror=[0m[31m[1m"Get \"https://192.168.1.100:6443/version?timeout=15s\": net/http: request canceled (Client.Timeout exceeded while awaiting headers)"[0m[0m
[90m4:19AM[0m [31mERR[0m [1mClusterUpdater failed[0m [36merror=[0m[31m[1m"conn check failed (1/5)"[0m[0m
[90m8:58AM[0m [31mERR[0m [1mcan't connect to cluster[0m [36merror=[0m[31m[1m"Get \"https://192.168.1.100:6443/version?timeout=15s\": net/http: request canceled (Client.Timeout exceeded while awaiting headers)"[0m[0m
[90m8:58AM[0m [31mERR[0m [1mClusterUpdater failed[0m [36merror=[0m[31m[1m"conn check failed (1/5)"[0m[0m
[90m9:02AM[0m [31mERR[0m [1mcan't connect to cluster[0m [36merror=[0m[31m[1m"Get \"https://192.168.1.100:6443/version?timeout=15s\": net/http: request canceled (Client.Timeout exceeded while awaiting headers)"[0m[0m
[90m9:02AM[0m [31mERR[0m [1mClusterUpdater failed[0m [36merror=[0m[31m[1m"conn check failed (1/5)"[0m[0m
[90m9:02AM[0m [31mERR[0m [1mcan't connect to cluster[0m [36merror=[0m[31m[1m"Get \"https://192.168.1.100:6443/version?timeout=15s\": http2: client connection lost"[0m[0m
[90m9:02AM[0m [31mERR[0m [1mClusterUpdater failed[0m [36merror=[0m[31m[1m"conn check failed (2/5)"[0m[0m
[90m9:19AM[0m [31mERR[0m [1mcan't connect to cluster[0m [36merror=[0m[31m[1m"Get \"https://192.168.1.100:6443/version?timeout=15s\": net/http: request canceled (Client.Timeout exceeded while awaiting headers)"[0m[0m
[90m9:19AM[0m [31mERR[0m [1mClusterUpdater failed[0m [36merror=[0m[31m[1m"conn check failed (3/5)"[0m[0m
[90m9:46AM[0m [31mERR[0m [1mcan't connect to cluster[0m [36merror=[0m[31m[1m"Get \"https://192.168.1.100:6443/version?timeout=15s\": net/http: request canceled (Client.Timeout exceeded while awaiting headers)"[0m[0m
[90m9:46AM[0m [31mERR[0m [1mClusterUpdater failed[0m [36merror=[0m[31m[1m"conn check failed (1/5)"[0m[0m
[90m10:54AM[0m [31mERR[0m [1mcan't connect to cluster[0m [36merror=[0m[31m[1m"Get \"https://192.168.1.100:6443/version?timeout=15s\": net/http: request canceled (Client.Timeout exceeded while awaiting headers)"[0m[0m
[90m10:54AM[0m [31mERR[0m [1mClusterUpdater failed[0m [36merror=[0m[31m[1m"conn check failed (1/5)"[0m[0m
[90m10:54AM[0m [31mERR[0m [1mcan't connect to cluster[0m [36merror=[0m[31m[1m"Get \"https://192.168.1.100:6443/version?timeout=15s\": http2: client connection lost"[0m[0m
[90m10:54AM[0m [31mERR[0m [1mClusterUpdater failed[0m [36merror=[0m[31m[1m"conn check failed (2/5)"[0m[0m
[90m11:17AM[0m [31mERR[0m [1mcan't connect to cluster[0m [36merror=[0m[31m[1m"Get \"https://192.168.1.100:6443/version?timeout=15s\": net/http: request canceled (Client.Timeout exceeded while awaiting headers)"[0m[0m
[90m11:17AM[0m [31mERR[0m [1mClusterUpdater failed[0m [36merror=[0m[31m[1m"conn check failed (1/5)"[0m[0m
[90m11:51AM[0m [31mERR[0m [1mcan't connect to cluster[0m [36merror=[0m[31m[1m"Get \"https://192.168.1.100:6443/version?timeout=15s\": net/http: request canceled (Client.Timeout exceeded while awaiting headers)"[0m[0m
[90m11:51AM[0m [31mERR[0m [1mClusterUpdater failed[0m [36merror=[0m[31m[1m"conn check failed (1/5)"[0m[0m
[90m11:51AM[0m [31mERR[0m [1mcan't connect to cluster[0m [36merror=[0m[31m[1m"Get \"https://192.168.1.100:6443/version?timeout=15s\": http2: client connection lost"[0m[0m
[90m11:51AM[0m [31mERR[0m [1mClusterUpdater failed[0m [36merror=[0m[31m[1m"conn check failed (2/5)"[0m[0m
[90m12:38PM[0m [31mERR[0m [1mcan't connect to cluster[0m [36merror=[0m[31m[1m"Get \"https://192.168.1.100:6443/version?timeout=15s\": read tcp 192.168.1.109:63923->192.168.1.100:6443: read: operation timed out"[0m[0m
[90m12:38PM[0m [31mERR[0m [1mClusterUpdater failed[0m [36merror=[0m[31m[1m"conn check failed (1/5)"[0m[0m
[90m1:55PM[0m [31mERR[0m [1mcan't connect to cluster[0m [36merror=[0m[31m[1m"Get \"https://192.168.1.100:6443/version?timeout=15s\": net/http: request canceled (Client.Timeout exceeded while awaiting headers)"[0m[0m
[90m1:55PM[0m [31mERR[0m [1mClusterUpdater failed[0m [36merror=[0m[31m[1m"conn check failed (1/5)"[0m[0m
[90m2:11PM[0m [31mERR[0m [1mcan't connect to cluster[0m [36merror=[0m[31m[1m"Get \"https://192.168.1.100:6443/version?timeout=15s\": net/http: request canceled (Client.Timeout exceeded while awaiting headers)"[0m[0m
[90m2:11PM[0m [31mERR[0m [1mClusterUpdater failed[0m [36merror=[0m[31m[1m"conn check failed (1/5)"[0m[0m
[90m2:12PM[0m [31mERR[0m [1mcan't connect to cluster[0m [36merror=[0m[31m[1m"Get \"https://192.168.1.100:6443/version?timeout=15s\": http2: client connection lost"[0m[0m
[90m2:12PM[0m [31mERR[0m [1mClusterUpdater failed[0m [36merror=[0m[31m[1m"conn check failed (2/5)"[0m[0m
[90m2:28PM[0m [31mERR[0m [1mcan't connect to cluster[0m [36merror=[0m[31m[1m"Get \"https://192.168.1.100:6443/version?timeout=15s\": net/http: request canceled (Client.Timeout exceeded while awaiting headers)"[0m[0m
[90m2:28PM[0m [31mERR[0m [1mClusterUpdater failed[0m [36merror=[0m[31m[1m"conn check failed (3/5)"[0m[0m
[90m2:28PM[0m [33mWRN[0m [1mnamespace validation failed for: "kindle-weather"[0m [36merror=[0m[31m[1m"user not authorized to list all namespaces"[0m[0m
[90m2:28PM[0m [33mWRN[0m [1mnamespace validation failed for: "kindle-weather"[0m [36merror=[0m[31m[1m"user not authorized to list all namespaces"[0m[0m
[90m9:06PM[0m [32mINF[0m [1m🐶 K9s starting up...[0m
[90m9:06PM[0m [32mINF[0m [1m🐶 K9s starting up...[0m
[90m9:06PM[0m [31mERR[0m [1mFail to locate metrics-server[0m [36merror=[0m[31m[1m"Get \"https://192.168.1.100:6443/api\": dial tcp 192.168.1.100:6443: connect: host is down"[0m[0m
[90m9:06PM[0m [33mWRN[0m [1mnamespace validation failed for: "kindle-weather"[0m [36merror=[0m[31m[1m"user not authorized to list all namespaces"[0m[0m
[90m9:06PM[0m [31mERR[0m [1mcan't connect to cluster[0m [36merror=[0m[31m[1m"Get \"https://192.168.1.100:6443/version?timeout=15s\": dial tcp 192.168.1.100:6443: connect: host is down"[0m[0m
[90m9:06PM[0m [32mINF[0m [1m✅ Kubernetes connectivity[0m
[90m9:06PM[0m [33mWRN[0m [1mnamespace validation failed for: "kindle-weather"[0m [36merror=[0m[31m[1m"user not authorized to list all namespaces"[0m[0m
[90m9:06PM[0m [31mERR[0m [1mFail to load global/context configuration[0m [36merror=[0m[31m[1m"Get \"https://192.168.1.100:6443/api\": dial tcp 192.168.1.100:6443: connect: host is down\ncannot connect to context: default\nk8s connection failed for context: default"[0m[0m
[90m9:06PM[0m [31mERR[0m [1mLoad cluster resources - No API server connection[0m
[90m9:06PM[0m [31mERR[0m [1mfailed to list contexts[0m [36merror=[0m[31m[1m"no connection"[0m[0m
[90m9:06PM[0m [33mWRN[0m [1mUnable to dial discovery API[0m [36merror=[0m[31m[1m"no connection to dial"[0m[0m
[90m9:06PM[0m [31mERR[0m [1mcan't connect to cluster[0m [36merror=[0m[31m[1m"Get \"https://192.168.1.100:6443/version?timeout=15s\": dial tcp 192.168.1.100:6443: connect: host is down"[0m[0m
[90m9:06PM[0m [31mERR[0m [1mLoad cluster resources - No API server connection[0m
[90m9:06PM[0m [33mWRN[0m [1mUnable to dial discovery API[0m [36merror=[0m[31m[1m"no connection to dial"[0m[0m
[90m9:06PM[0m [31mERR[0m [1mContext switch failed[0m [36merror=[0m[31m[1m"no connection to cached dial"[0m[0m
[90m9:06PM[0m [31mERR[0m [1mno connection to cached dial[0m
[90m9:06PM[0m [31mERR[0m [1mfailed to list namespaces[0m [36merror=[0m[31m[1m"user not authorized to list all namespaces"[0m[0m
[90m9:06PM[0m [33mWRN[0m [1mnamespace validation failed for: "kindle-weather"[0m [36merror=[0m[31m[1m"user not authorized to list all namespaces"[0m[0m
[90m9:07PM[0m [31mERR[0m [1mcan't connect to cluster[0m [36merror=[0m[31m[1m"Get \"https://192.168.1.100:6443/version?timeout=15s\": net/http: request canceled while waiting for connection (Client.Timeout exceeded while awaiting headers)"[0m[0m
[90m9:07PM[0m [31mERR[0m [1mClusterUpdater failed[0m [36merror=[0m[31m[1m"conn check failed (1/5)"[0m[0m
[90m9:07PM[0m [31mERR[0m [1mcan't connect to cluster[0m [36merror=[0m[31m[1m"Get \"https://192.168.1.100:6443/version?timeout=15s\": dial tcp 192.168.1.100:6443: connect: host is down"[0m[0m
[90m9:07PM[0m [31mERR[0m [1mClusterUpdater failed[0m [36merror=[0m[31m[1m"conn check failed (2/5)"[0m[0m
[90m9:07PM[0m [31mERR[0m [1mcan't connect to cluster[0m [36merror=[0m[31m[1m"Get \"https://192.168.1.100:6443/version?timeout=15s\": dial tcp 192.168.1.100:6443: connect: host is down"[0m[0m
[90m9:07PM[0m [31mERR[0m [1mClusterUpdater failed[0m [36merror=[0m[31m[1m"conn check failed (3/5)"[0m[0m
[90m9:07PM[0m [31mERR[0m [1mcan't connect to cluster[0m [36merror=[0m[31m[1m"Get \"https://192.168.1.100:6443/version?timeout=15s\": dial tcp 192.168.1.100:6443: connect: host is down"[0m[0m
[90m9:07PM[0m [31mERR[0m [1mClusterUpdater failed[0m [36merror=[0m[31m[1m"conn check failed (4/5)"[0m[0m
[90m9:07PM[0m [31mERR[0m [1mcan't connect to cluster[0m [36merror=[0m[31m[1m"Get \"https://192.168.1.100:6443/version?timeout=15s\": dial tcp 192.168.1.100:6443: connect: host is down"[0m[0m
[90m9:07PM[0m [31mERR[0m [1mConn check failed (5/5). Bailing out![0m
[90m9:07PM[0m [33mWRN[0m [1mnamespace validation failed for: "kindle-weather"[0m [36merror=[0m[31m[1m"user not authorized to list all namespaces"[0m[0m
[90m9:08PM[0m [33mWRN[0m [1mnamespace validation failed for: "kindle-weather"[0m [36merror=[0m[31m[1m"user not authorized to list all namespaces"[0m[0m
[90m9:08PM[0m [33mWRN[0m [1mnamespace validation failed for: "kindle-weather"[0m [36merror=[0m[31m[1m"user not authorized to list all namespaces"[0m[0m
[90m9:18PM[0m [32mINF[0m [1m🐶 K9s starting up...[0m
[90m9:18PM[0m [31mERR[0m [1mFail to locate metrics-server[0m [36merror=[0m[31m[1m"No metrics api group metrics.k8s.io found on cluster"[0m[0m
[90m9:18PM[0m [32mINF[0m [1m✅ Kubernetes connectivity[0m
[90m9:18PM[0m [33mWRN[0m [1mUnable to validate namespace: "kindle-weather". Using "kindle-weather" as active namespace[0m
[90m9:19PM[0m [32mINF[0m [1m🐶 K9s starting up...[0m
[90m9:19PM[0m [31mERR[0m [1mFail to locate metrics-server[0m [36merror=[0m[31m[1m"No metrics api group metrics.k8s.io found on cluster"[0m[0m
[90m9:19PM[0m [32mINF[0m [1m✅ Kubernetes connectivity[0m
[90m9:37PM[0m [31mERR[0m [1mWatcher failed for containers -- pods "kindle-weather-58cd8cb9bb-ntzqz" not found[0m [36merror=[0m[31m[1m"pods \"kindle-weather-58cd8cb9bb-ntzqz\" not found"[0m[0m
[90m9:38PM[0m [31mERR[0m [1mcan't connect to cluster[0m [36merror=[0m[31m[1m"Get \"https://192.168.1.100:6443/version?timeout=15s\": dial tcp 192.168.1.100:6443: connect: connection refused"[0m[0m
[90m9:38PM[0m [31mERR[0m [1mClusterUpdater failed[0m [36merror=[0m[31m[1m"conn check failed (1/5)"[0m[0m
[90m9:38PM[0m [31mERR[0m [1mcan't connect to cluster[0m [36merror=[0m[31m[1m"Get \"https://192.168.1.100:6443/version?timeout=15s\": dial tcp 192.168.1.100:6443: connect: connection refused"[0m[0m
[90m9:38PM[0m [31mERR[0m [1mClusterUpdater failed[0m [36merror=[0m[31m[1m"conn check failed (2/5)"[0m[0m
[90m9:42PM[0m [33mWRN[0m [1mlog-reader canceled[0m [36merror=[0m[31m[1m"Stream canceled context canceled for cert-manager/cert-manager-5cb959fc96-hmk6v (cert-manager-controller)"[0m[0m
[90m9:42PM[0m [31mERR[0m [1mCommand failed[0m [36merror=[0m[31m[1m"exit status 1"[0m[0m
[90m9:42PM[0m [31mERR[0m [1mExec failed "dive quay.io/jetstack/cert-manager-controller:v1.18.2": exit status 1
[0m [36merror=[0m[31m[1m"exit status 1\n"[0m[0m
[90m9:42PM[0m [33mWRN[0m [1mDeleted (0) portforward for "cert-manager/cert-manager-5cb959fc96-hmk6v"[0m
[90m9:42PM[0m [33mWRN[0m [1mlog-reader EOF[0m [36merror=[0m[31m[1m"Stream closed EOF for budget/budget-6658897bfb-jvfqc (main)"[0m[0m
[90m9:42PM[0m [33mWRN[0m [1mlog-reader canceled[0m [36merror=[0m[31m[1m"Stream canceled context canceled for argocd/argocd-server-654b757df-n8jpt (server)"[0m[0m
[90m9:43PM[0m [31mERR[0m [1mlogs-stream[0m [36merror=[0m[31m[1m"stream logs failed Get \"https://192.168.1.100:6443/api/v1/namespaces/argocd/pods/argocd-repo-server-645469ff6f-bwhmk/log?container=copyutil&follow=true&tailLines=100&timestamps=true\": context canceled for argocd/argocd-repo-server-645469ff6f-bwhmk (copyutil)"[0m[0m
[90m9:43PM[0m [33mWRN[0m [1mlog-reader canceled[0m [36merror=[0m[31m[1m"Stream canceled context canceled for argocd/argocd-repo-server-645469ff6f-bwhmk (repo-server)"[0m[0m
[90m9:43PM[0m [33mWRN[0m [1mlog-reader canceled[0m [36merror=[0m[31m[1m"Stream canceled context canceled for argocd/argocd-server-654b757df-n8jpt (server)"[0m[0m
[90m9:43PM[0m [33mWRN[0m [1mlog-reader canceled[0m [36merror=[0m[31m[1m"Stream canceled context canceled for cert-manager/cert-manager-5cb959fc96-g7kb6 (cert-manager-controller)"[0m[0m
[90m9:44PM[0m [33mWRN[0m [1m  Dial Failed![0m [36merror=[0m[31m[1m"Post \"https://192.168.1.100:6443/apis/authorization.k8s.io/v1/selfsubjectaccessreviews\": dial tcp 192.168.1.100:6443: connect: connection refused"[0m[0m
[90m9:44PM[0m [31mERR[0m [1mWatcher failed for v1/pods -- Post "https://192.168.1.100:6443/apis/authorization.k8s.io/v1/selfsubjectaccessreviews": dial tcp 192.168.1.100:6443: connect: connection refused[0m [36merror=[0m[31m[1m"Post \"https://192.168.1.100:6443/apis/authorization.k8s.io/v1/selfsubjectaccessreviews\": dial tcp 192.168.1.100:6443: connect: connection refused"[0m[0m
[90m9:44PM[0m [31mERR[0m [1mcan't connect to cluster[0m [36merror=[0m[31m[1m"Get \"https://192.168.1.100:6443/version?timeout=15s\": dial tcp 192.168.1.100:6443: connect: connection refused"[0m[0m
[90m9:44PM[0m [31mERR[0m [1mClusterUpdater failed[0m [36merror=[0m[31m[1m"conn check failed (1/5)"[0m[0m
[90m9:44PM[0m [31mERR[0m [1mfailed to list namespaces[0m [36merror=[0m[31m[1m"user not authorized to list all namespaces"[0m[0m
[90m9:44PM[0m [31mERR[0m [1mfailed to list namespaces[0m [36merror=[0m[31m[1m"user not authorized to list all namespaces"[0m[0m
[90m9:44PM[0m [31mERR[0m [1mfailed to list namespaces[0m [36merror=[0m[31m[1m"user not authorized to list all namespaces"[0m[0m
[90m9:44PM[0m [31mERR[0m [1mfailed to list namespaces[0m [36merror=[0m[31m[1m"user not authorized to list all namespaces"[0m[0m
[90m9:44PM[0m [31mERR[0m [1mfailed to list namespaces[0m [36merror=[0m[31m[1m"user not authorized to list all namespaces"[0m[0m
[90m9:44PM[0m [31mERR[0m [1mfailed to list namespaces[0m [36merror=[0m[31m[1m"user not authorized to list all namespaces"[0m[0m
[90m9:44PM[0m [31mERR[0m [1mfailed to list namespaces[0m [36merror=[0m[31m[1m"user not authorized to list all namespaces"[0m[0m
[90m9:44PM[0m [33mWRN[0m [1mUnable to dial discovery API[0m [36merror=[0m[31m[1m"no connection to dial"[0m[0m
[90m9:44PM[0m [31mERR[0m [1mWatcher failed for v1/secrets -- ACCESS -- No API server connection[0m [36merror=[0m[31m[1m"ACCESS -- No API server connection"[0m[0m
[90m9:44PM[0m [31mERR[0m [1mfailed to list namespaces[0m [36merror=[0m[31m[1m"user not authorized to list all namespaces"[0m[0m
[90m9:44PM[0m [31mERR[0m [1mfailed to list namespaces[0m [36merror=[0m[31m[1m"user not authorized to list all namespaces"[0m[0m
[90m9:44PM[0m [31mERR[0m [1mfailed to list namespaces[0m [36merror=[0m[31m[1m"user not authorized to list all namespaces"[0m[0m
[90m9:44PM[0m [31mERR[0m [1mfailed to list namespaces[0m [36merror=[0m[31m[1m"user not authorized to list all namespaces"[0m[0m
[90m9:44PM[0m [31mERR[0m [1mWatcher failed for v1/namespaces -- ACCESS -- No API server connection[0m [36merror=[0m[31m[1m"ACCESS -- No API server connection"[0m[0m
[90m9:44PM[0m [31mERR[0m [1mfailed to list namespaces[0m [36merror=[0m[31m[1m"user not authorized to list all namespaces"[0m[0m
[90m9:44PM[0m [31mERR[0m [1mfailed to list namespaces[0m [36merror=[0m[31m[1m"user not authorized to list all namespaces"[0m[0m
[90m9:44PM[0m [31mERR[0m [1mfailed to list namespaces[0m [36merror=[0m[31m[1m"user not authorized to list all namespaces"[0m[0m
[90m9:44PM[0m [31mERR[0m [1mfailed to list namespaces[0m [36merror=[0m[31m[1m"user not authorized to list all namespaces"[0m[0m
[90m9:44PM[0m [31mERR[0m [1mfailed to list namespaces[0m [36merror=[0m[31m[1m"user not authorized to list all namespaces"[0m[0m
[90m9:44PM[0m [31mERR[0m [1mfailed to list namespaces[0m [36merror=[0m[31m[1m"user not authorized to list all namespaces"[0m[0m
[90m9:44PM[0m [31mERR[0m [1mWatcher failed for v1/namespaces -- ACCESS -- No API server connection[0m [36merror=[0m[31m[1m"ACCESS -- No API server connection"[0m[0m
[90m9:44PM[0m [31mERR[0m [1mcan't connect to cluster[0m [36merror=[0m[31m[1m"the server is currently unable to handle the request"[0m[0m
[90m9:44PM[0m [31mERR[0m [1mClusterUpdater failed[0m [36merror=[0m[31m[1m"conn check failed (2/5)"[0m[0m
[90m9:44PM[0m [31mERR[0m [1mfailed to list namespaces[0m [36merror=[0m[31m[1m"user not authorized to list all namespaces"[0m[0m
[90m9:44PM[0m [31mERR[0m [1mfailed to list namespaces[0m [36merror=[0m[31m[1m"user not authorized to list all namespaces"[0m[0m
[90m9:44PM[0m [31mERR[0m [1mfailed to list namespaces[0m [36merror=[0m[31m[1m"user not authorized to list all namespaces"[0m[0m
[90m9:44PM[0m [31mERR[0m [1mfailed to list namespaces[0m [36merror=[0m[31m[1m"user not authorized to list all namespaces"[0m[0m
[90m9:44PM[0m [31mERR[0m [1mfailed to list namespaces[0m [36merror=[0m[31m[1m"user not authorized to list all namespaces"[0m[0m
[90m9:44PM[0m [31mERR[0m [1mfailed to list namespaces[0m [36merror=[0m[31m[1m"user not authorized to list all namespaces"[0m[0m
[90m9:44PM[0m [31mERR[0m [1mfailed to list namespaces[0m [36merror=[0m[31m[1m"user not authorized to list all namespaces"[0m[0m
[90m9:44PM[0m [31mERR[0m [1mfailed to list namespaces[0m [36merror=[0m[31m[1m"user not authorized to list all namespaces"[0m[0m
[90m9:44PM[0m [31mERR[0m [1mfailed to list namespaces[0m [36merror=[0m[31m[1m"user not authorized to list all namespaces"[0m[0m
[90m9:44PM[0m [31mERR[0m [1mfailed to list namespaces[0m [36merror=[0m[31m[1m"user not authorized to list all namespaces"[0m[0m
[90m9:44PM[0m [31mERR[0m [1mfailed to list namespaces[0m [36merror=[0m[31m[1m"user not authorized to list all namespaces"[0m[0m
[90m9:44PM[0m [31mERR[0m [1mfailed to list namespaces[0m [36merror=[0m[31m[1m"user not authorized to list all namespaces"[0m[0m
[90m9:44PM[0m [31mERR[0m [1mfailed to list namespaces[0m [36merror=[0m[31m[1m"user not authorized to list all namespaces"[0m[0m
[90m9:44PM[0m [33mWRN[0m [1mUnable to dial discovery API[0m [36merror=[0m[31m[1m"no connection to dial"[0m[0m
[90m9:44PM[0m [31mERR[0m [1mWatcher failed for v1/namespaces -- ACCESS -- No API server connection[0m [36merror=[0m[31m[1m"ACCESS -- No API server connection"[0m[0m
[90m9:44PM[0m [31mERR[0m [1mfailed to list namespaces[0m [36merror=[0m[31m[1m"user not authorized to list all namespaces"[0m[0m
[90m9:44PM[0m [33mWRN[0m [1mnamespace validation failed for: "default"[0m [36merror=[0m[31m[1m"user not authorized to list all namespaces"[0m[0m
[90m9:44PM[0m [33mWRN[0m [1mnamespace validation failed for: "argocd"[0m [36merror=[0m[31m[1m"user not authorized to list all namespaces"[0m[0m
[90m9:44PM[0m [33mWRN[0m [1mnamespace validation failed for: "argocd"[0m [36merror=[0m[31m[1m"user not authorized to list all namespaces"[0m[0m
[90m9:44PM[0m [33mWRN[0m [1mnamespace validation failed for: "kube-system"[0m [36merror=[0m[31m[1m"user not authorized to list all namespaces"[0m[0m
[90m9:44PM[0m [33mWRN[0m [1mnamespace validation failed for: "argocd"[0m [36merror=[0m[31m[1m"user not authorized to list all namespaces"[0m[0m
[90m9:44PM[0m [33mWRN[0m [1mnamespace validation failed for: "plex"[0m [36merror=[0m[31m[1m"user not authorized to list all namespaces"[0m[0m
[90m9:44PM[0m [33mWRN[0m [1mnamespace validation failed for: "kindle-weather"[0m [36merror=[0m[31m[1m"user not authorized to list all namespaces"[0m[0m
[90m9:44PM[0m [33mWRN[0m [1mnamespace validation failed for: "sealed-secrets"[0m [36merror=[0m[31m[1m"user not authorized to list all namespaces"[0m[0m
[90m9:44PM[0m [33mWRN[0m [1mnamespace validation failed for: "frigate"[0m [36merror=[0m[31m[1m"user not authorized to list all namespaces"[0m[0m
[90m9:44PM[0m [33mWRN[0m [1mnamespace validation failed for: "frigate"[0m [36merror=[0m[31m[1m"user not authorized to list all namespaces"[0m[0m
[90m9:44PM[0m [33mWRN[0m [1mnamespace validation failed for: "frigate"[0m [36merror=[0m[31m[1m"user not authorized to list all namespaces"[0m[0m
[90m9:44PM[0m [33mWRN[0m [1mnamespace validation failed for: "frigate"[0m [36merror=[0m[31m[1m"user not authorized to list all namespaces"[0m[0m
[90m9:44PM[0m [33mWRN[0m [1mnamespace validation failed for: "frigate"[0m [36merror=[0m[31m[1m"user not authorized to list all namespaces"[0m[0m
[90m9:45PM[0m [32mINF[0m [1m🐶 K9s starting up...[0m
[90m9:45PM[0m [32mINF[0m [1m✅ Kubernetes connectivity[0m
[90m9:46PM[0m [33mWRN[0m [1mlog-reader canceled[0m [36merror=[0m[31m[1m"Stream canceled context canceled for external-dns/external-dns-75999cb54b-4kg9w (external-dns)"[0m[0m
[90m9:46PM[0m [32mINF[0m [1m🐶 K9s starting up...[0m
[90m9:46PM[0m [32mINF[0m [1m✅ Kubernetes connectivity[0m
[90m9:47PM[0m [33mWRN[0m [1mlog-reader canceled[0m [36merror=[0m[31m[1m"Stream canceled context canceled for cert-manager/cert-manager-5cb959fc96-g7kb6 (cert-manager-controller)"[0m[0m
[90m9:50PM[0m [32mINF[0m [1m🐶 K9s starting up...[0m
[90m9:50PM[0m [32mINF[0m [1m✅ Kubernetes connectivity[0m
[90m9:51PM[0m [33mWRN[0m [1mlog-reader canceled[0m [36merror=[0m[31m[1m"Stream canceled context canceled for cert-manager/cert-manager-5cb959fc96-g7kb6 (cert-manager-controller)"[0m[0m
[90m10:02PM[0m [33mWRN[0m [1mlog-reader canceled[0m [36merror=[0m[31m[1m"Stream canceled context canceled for rook-ceph/csi-cephfsplugin-f7cp6 (csi-cephfsplugin)"[0m[0m
[90m10:03PM[0m [33mWRN[0m [1mlog-reader canceled[0m [36merror=[0m[31m[1m"Stream canceled context canceled for rook-ceph/csi-cephfsplugin-f7cp6 (driver-registrar)"[0m[0m
[90m10:06PM[0m [33mWRN[0m [1mlog-reader canceled[0m [36merror=[0m[31m[1m"Stream canceled context canceled for rook-ceph/csi-cephfsplugin-f7cp6 (csi-cephfsplugin)"[0m[0m
[90m10:12PM[0m [33mWRN[0m [1mlog-reader canceled[0m [36merror=[0m[31m[1m"Stream canceled context canceled for rook-ceph/rook-ceph-operator-54bbc49cbc-zjgqn (rook-ceph-operator)"[0m[0m
[90m12:03AM[0m [33mWRN[0m [1m  Dial Failed![0m [36merror=[0m[31m[1m"Post \"https://192.168.1.100:6443/apis/authorization.k8s.io/v1/selfsubjectaccessreviews\": read tcp 192.168.1.60:56316->192.168.1.100:6443: read: connection reset by peer"[0m[0m
[90m12:04AM[0m [33mWRN[0m [1mreconciler exited[0m [36merror=[0m[31m[1m"[list] access denied on resource \"\":\"v1/pods\""[0m[0m
[90m12:04AM[0m [31mERR[0m [1m[list] access denied on resource "":"v1/pods"[0m
[90m3:24AM[0m [31mERR[0m [1mcan't connect to cluster[0m [36merror=[0m[31m[1m"Get \"https://192.168.1.100:6443/version?timeout=15s\": net/http: request canceled (Client.Timeout exceeded while awaiting headers)"[0m[0m
[90m3:24AM[0m [31mERR[0m [1mClusterUpdater failed[0m [36merror=[0m[31m[1m"conn check failed (1/5)"[0m[0m
[90m3:56AM[0m [31mERR[0m [1mcan't connect to cluster[0m [36merror=[0m[31m[1m"Get \"https://192.168.1.100:6443/version?timeout=15s\": net/http: request canceled (Client.Timeout exceeded while awaiting headers)"[0m[0m
[90m3:56AM[0m [31mERR[0m [1mClusterUpdater failed[0m [36merror=[0m[31m[1m"conn check failed (1/5)"[0m[0m
[90m6:06AM[0m [31mERR[0m [1mcan't connect to cluster[0m [36merror=[0m[31m[1m"Get \"https://192.168.1.100:6443/version?timeout=15s\": net/http: request canceled (Client.Timeout exceeded while awaiting headers)"[0m[0m
[90m6:06AM[0m [31mERR[0m [1mClusterUpdater failed[0m [36merror=[0m[31m[1m"conn check failed (1/5)"[0m[0m
[90m8:23AM[0m [31mERR[0m [1mcan't connect to cluster[0m [36merror=[0m[31m[1m"Get \"https://192.168.1.100:6443/version?timeout=15s\": net/http: request canceled (Client.Timeout exceeded while awaiting headers)"[0m[0m
[90m8:23AM[0m [31mERR[0m [1mClusterUpdater failed[0m [36merror=[0m[31m[1m"conn check failed (1/5)"[0m[0m
[90m9:10PM[0m [32mINF[0m [1m🐶 K9s starting up...[0m
[90m9:10PM[0m [32mINF[0m [1m✅ Kubernetes connectivity[0m
[90m9:10PM[0m [33mWRN[0m [1mScan failed for img quay.io/cephcsi/cephcsi:v3.10.2 --[0m [36merror=[0m[31m[1m"failed to catalog quay.io/cephcsi/cephcsi:v3.10.2: errors occurred attempting to resolve 'quay.io/cephcsi/cephcsi:v3.10.2':\n  - no such file or directory\n  - docker not available: failed to connect to Docker daemon. Ensure Docker is running and accessible\n  - podman not available: making http client: connection to bastion host=\"127.0.0.1:49782\" failed: dial tcp 127.0.0.1:49782: connect: connection refused\n  - containerd not available: no grpc connection or services is available: unavailable\n  - unable to populate layer cache dir=\"/var/folders/9k/fl6gd1tx67dgc9b5njv0sjh40000gn/T/stereoscope-3502661927/oci-registry-image-984457267/sha256:cd009618c29e34421dffca8b777ead2ca01b9569474cba30bb67bed13adfb5b4.tar\" : unexpected EOF"[0m[0m
[90m9:11PM[0m [31mERR[0m [1mCommand failed[0m [36merror=[0m[31m[1m"exit status 130"[0m[0m
[90m9:11PM[0m [31mERR[0m [1mExec failed "/usr/local/bin/kubectl exec --context default -it -n rook-ceph csi-cephfsplugin-dz2bj -c csi-cephfsplugin -- sh -c command -v bash >/dev/null && exec bash || exec sh": exit status 130
[0m [36merror=[0m[31m[1m"exit status 130\n"[0m[0m
[90m9:11PM[0m [31mERR[0m [1mShell exec failed: exit status 130
[0m [36merror=[0m[31m[1m"exit status 130\n"[0m[0m
[90m9:11PM[0m [31mERR[0m [1mCommand failed[0m [36merror=[0m[31m[1m"exit status 130"[0m[0m
[90m9:11PM[0m [31mERR[0m [1mExec failed "/usr/local/bin/kubectl exec --context default -it -n rook-ceph csi-cephfsplugin-dz2bj -c csi-cephfsplugin -- sh -c command -v bash >/dev/null && exec bash || exec sh": exit status 130
[0m [36merror=[0m[31m[1m"exit status 130\n"[0m[0m
[90m9:11PM[0m [31mERR[0m [1mShell exec failed: exit status 130
[0m [36merror=[0m[31m[1m"exit status 130\n"[0m[0m
[90m8:44PM[0m [32mINF[0m [1m🐶 K9s starting up...[0m
[90m8:44PM[0m [32mINF[0m [1m✅ Kubernetes connectivity[0m
[90m8:47PM[0m [32mINF[0m [1m🐶 K9s starting up...[0m
[90m8:47PM[0m [32mINF[0m [1m✅ Kubernetes connectivity[0m
[90m9:10PM[0m [32mINF[0m [1m🐶 K9s starting up...[0m
[90m9:10PM[0m [31mERR[0m [1mFail to locate metrics-server[0m [36merror=[0m[31m[1m"Get \"https://192.168.1.100:6443/api\": dial tcp 192.168.1.100:6443: connect: no route to host"[0m[0m
[90m9:10PM[0m [33mWRN[0m [1mnamespace validation failed for: "rook-ceph"[0m [36merror=[0m[31m[1m"user not authorized to list all namespaces"[0m[0m
[90m9:10PM[0m [31mERR[0m [1mcan't connect to cluster[0m [36merror=[0m[31m[1m"Get \"https://192.168.1.100:6443/version?timeout=15s\": dial tcp 192.168.1.100:6443: connect: no route to host"[0m[0m
[90m9:10PM[0m [32mINF[0m [1m✅ Kubernetes connectivity[0m
[90m9:10PM[0m [33mWRN[0m [1mnamespace validation failed for: "rook-ceph"[0m [36merror=[0m[31m[1m"user not authorized to list all namespaces"[0m[0m
[90m9:10PM[0m [31mERR[0m [1mFail to load global/context configuration[0m [36merror=[0m[31m[1m"Get \"https://192.168.1.100:6443/api\": dial tcp 192.168.1.100:6443: connect: no route to host\ncannot connect to context: default\nk8s connection failed for context: default"[0m[0m
[90m9:10PM[0m [31mERR[0m [1mLoad cluster resources - No API server connection[0m
[90m9:10PM[0m [31mERR[0m [1mfailed to list contexts[0m [36merror=[0m[31m[1m"no connection"[0m[0m
[90m9:10PM[0m [33mWRN[0m [1mUnable to dial discovery API[0m [36merror=[0m[31m[1m"no connection to dial"[0m[0m
[90m9:10PM[0m [31mERR[0m [1mcan't connect to cluster[0m [36merror=[0m[31m[1m"Get \"https://192.168.1.100:6443/version?timeout=15s\": dial tcp 192.168.1.100:6443: connect: no route to host"[0m[0m
[90m9:10PM[0m [31mERR[0m [1mLoad cluster resources - No API server connection[0m
[90m9:10PM[0m [33mWRN[0m [1mUnable to dial discovery API[0m [36merror=[0m[31m[1m"no connection to dial"[0m[0m
[90m9:11PM[0m [31mERR[0m [1mContext switch failed[0m [36merror=[0m[31m[1m"no connection to cached dial"[0m[0m
[90m9:11PM[0m [31mERR[0m [1mno connection to cached dial[0m
[90m9:11PM[0m [31mERR[0m [1mContext switch failed[0m [36merror=[0m[31m[1m"no connection to cached dial"[0m[0m
[90m9:11PM[0m [31mERR[0m [1mno connection to cached dial[0m
[90m9:11PM[0m [31mERR[0m [1mfailed to list namespaces[0m [36merror=[0m[31m[1m"user not authorized to list all namespaces"[0m[0m
[90m9:11PM[0m [33mWRN[0m [1mnamespace validation failed for: "rook-ceph"[0m [36merror=[0m[31m[1m"user not authorized to list all namespaces"[0m[0m
[90m9:11PM[0m [33mWRN[0m [1mnamespace validation failed for: "rook-ceph"[0m [36merror=[0m[31m[1m"user not authorized to list all namespaces"[0m[0m
[90m8:36PM[0m [32mINF[0m [1m🐶 K9s starting up...[0m
[90m8:36PM[0m [31mERR[0m [1mFail to locate metrics-server[0m [36merror=[0m[31m[1m"Get \"https://127.0.0.1:6443/api\": dial tcp 127.0.0.1:6443: connect: connection refused"[0m[0m
[90m8:36PM[0m [33mWRN[0m [1mnamespace validation failed for: "default"[0m [36merror=[0m[31m[1m"user not authorized to list all namespaces"[0m[0m
[90m8:36PM[0m [31mERR[0m [1mcan't connect to cluster[0m [36merror=[0m[31m[1m"Get \"https://127.0.0.1:6443/version?timeout=15s\": dial tcp 127.0.0.1:6443: connect: connection refused"[0m[0m
[90m8:36PM[0m [32mINF[0m [1m✅ Kubernetes connectivity[0m
[90m8:36PM[0m [33mWRN[0m [1mnamespace validation failed for: "default"[0m [36merror=[0m[31m[1m"user not authorized to list all namespaces"[0m[0m
[90m8:36PM[0m [31mERR[0m [1mFail to load global/context configuration[0m [36merror=[0m[31m[1m"Get \"https://127.0.0.1:6443/api\": dial tcp 127.0.0.1:6443: connect: connection refused\ncannot connect to context: docker-desktop\nk8s connection failed for context: docker-desktop"[0m[0m
[90m8:36PM[0m [31mERR[0m [1mLoad cluster resources - No API server connection[0m
[90m8:36PM[0m [31mERR[0m [1mfailed to list contexts[0m [36merror=[0m[31m[1m"no connection"[0m[0m
[90m8:36PM[0m [33mWRN[0m [1mUnable to dial discovery API[0m [36merror=[0m[31m[1m"no connection to dial"[0m[0m
[90m8:36PM[0m [31mERR[0m [1mcan't connect to cluster[0m [36merror=[0m[31m[1m"Get \"https://127.0.0.1:6443/version?timeout=15s\": dial tcp 127.0.0.1:6443: connect: connection refused"[0m[0m
[90m8:36PM[0m [31mERR[0m [1mLoad cluster resources - No API server connection[0m
[90m8:36PM[0m [33mWRN[0m [1mUnable to dial discovery API[0m [36merror=[0m[31m[1m"no connection to dial"[0m[0m
[90m8:36PM[0m [31mERR[0m [1mContext switch failed[0m [36merror=[0m[31m[1m"no connection to cached dial"[0m[0m
[90m8:36PM[0m [31mERR[0m [1mno connection to cached dial[0m
[90m8:36PM[0m [31mERR[0m [1mfailed to list namespaces[0m [36merror=[0m[31m[1m"user not authorized to list all namespaces"[0m[0m
[90m8:36PM[0m [33mWRN[0m [1mnamespace validation failed for: "default"[0m [36merror=[0m[31m[1m"user not authorized to list all namespaces"[0m[0m
[2m2026-02-18T21:58:06-05:00[0m [92mINF[0m 🐶 K9s starting up...
[2m2026-02-18T21:58:06-05:00[0m [93mWRN[0m Fail to locate metrics-server [2merror=[0m"Get \"https://127.0.0.1:6443/api\": dial tcp 127.0.0.1:6443: connect: connection refused"
[2m2026-02-18T21:58:06-05:00[0m [93mWRN[0m Validation failed. Please update your config and restart! [2mpath=[0m"/Users/joe/Library/Application Support/k9s/clusters/docker-desktop/docker-desktop/config.yaml" [2merror=[0m"Additional property portForwardAddress is not allowed"
[2m2026-02-18T21:58:06-05:00[0m [93mWRN[0m Namespace validation failed [2mns=[0mdefault [2merror=[0m"user not authorized to list all namespaces"
[2m2026-02-18T21:58:06-05:00[0m [91mERR[0m Unable to fetch server version [2merror=[0m"Get \"https://127.0.0.1:6443/version?timeout=2m0s\": dial tcp 127.0.0.1:6443: connect: connection refused"
[2m2026-02-18T21:58:06-05:00[0m [93mWRN[0m 💣 Kubernetes connectivity toast!
[2m2026-02-18T21:58:06-05:00[0m [93mWRN[0m Namespace validation failed [2mns=[0mdefault [2merror=[0m"user not authorized to list all namespaces"
[2m2026-02-18T21:58:06-05:00[0m [93mWRN[0m Fail to load global/context configuration [2merror=[0m"Get \"https://127.0.0.1:6443/api\": dial tcp 127.0.0.1:6443: connect: connection refused\ncannot connect to context: docker-desktop\nk8s connection failed for context: docker-desktop"
[2m2026-02-18T21:58:06-05:00[0m [91mERR[0m Load cluster resources - No API server connection
[2m2026-02-18T21:58:06-05:00[0m [93mWRN[0m Unable to dial API client for metrics [2merror=[0m"no connection to dial"
[2m2026-02-18T21:58:08-05:00[0m [93mWRN[0m Validation failed. Please update your config and restart! [2mpath=[0m"/Users/joe/Library/Application Support/k9s/clusters/docker-desktop/docker-desktop/config.yaml" [2merror=[0m"Additional property portForwardAddress is not allowed"
[2m2026-02-18T21:58:38-05:00[0m [91mERR[0m Unable to fetch server version [2merror=[0m"Get \"https://192.168.1.100:6443/version?timeout=2m0s\": dial tcp 192.168.1.100:6443: i/o timeout"
[2m2026-02-18T21:58:38-05:00[0m [93mWRN[0m Validation failed. Please update your config and restart! [2mpath=[0m"/Users/joe/Library/Application Support/k9s/clusters/default/default/config.yaml" [2merror=[0m"Additional property portForwardAddress is not allowed"
[2m2026-02-18T21:59:08-05:00[0m [93mWRN[0m Auth request failed [2msubsys=[0mclient [2msubsys=[0mcan [2merror=[0m"Post \"https://192.168.1.100:6443/apis/authorization.k8s.io/v1/selfsubjectaccessreviews?timeout=2m0s\": dial tcp 192.168.1.100:6443: i/o timeout"
[2m2026-02-18T21:59:08-05:00[0m [93mWRN[0m Namespace validation failed [2mns=[0mrook-ceph [2merror=[0m"user not authorized to list all namespaces"
[2m2026-02-18T21:59:08-05:00[0m [93mWRN[0m Unable to validate namespace [2mns=[0mrook-ceph
[2m2026-02-18T21:59:08-05:00[0m [93mWRN[0m Validation failed. Please update your config and restart! [2mpath=[0m"/Users/joe/Library/Application Support/k9s/clusters/default/default/config.yaml" [2merror=[0m"Additional property portForwardAddress is not allowed"
[2m2026-02-18T22:00:08-05:00[0m [93mWRN[0m Auth request failed [2msubsys=[0mclient [2msubsys=[0mcan [2merror=[0m"Post \"https://192.168.1.100:6443/apis/authorization.k8s.io/v1/selfsubjectaccessreviews?timeout=2m0s\": dial tcp 192.168.1.100:6443: i/o timeout"
[2m2026-02-18T22:00:08-05:00[0m [93mWRN[0m CRDs load Fail [2merror=[0m"Post \"https://192.168.1.100:6443/apis/authorization.k8s.io/v1/selfsubjectaccessreviews?timeout=2m0s\": dial tcp 192.168.1.100:6443: i/o timeout"
[2m2026-02-18T22:01:08-05:00[0m [93mWRN[0m Auth request failed [2msubsys=[0mclient [2msubsys=[0mcan [2merror=[0m"Post \"https://192.168.1.100:6443/apis/authorization.k8s.io/v1/selfsubjectaccessreviews?timeout=2m0s\": dial tcp 192.168.1.100:6443: i/o timeout"
[2m2026-02-18T22:02:08-05:00[0m [91mERR[0m Unable to fetch server version [2merror=[0m"Get \"https://192.168.1.100:6443/version?timeout=2m0s\": dial tcp 192.168.1.100:6443: i/o timeout"
[2m2026-02-18T22:02:08-05:00[0m [91mERR[0m Cluster updater failed! [2merror=[0m"conn check failed (1/5)"
[2m2026-02-18T22:02:08-05:00[0m [91mERR[0m Unable to fetch server version [2merror=[0m"Get \"https://192.168.1.100:6443/version?timeout=2m0s\": dial tcp 192.168.1.100:6443: i/o timeout"
[2m2026-02-18T22:02:38-05:00[0m [93mWRN[0m Auth request failed [2msubsys=[0mclient [2msubsys=[0mcan [2merror=[0m"Post \"https://192.168.1.100:6443/apis/authorization.k8s.io/v1/selfsubjectaccessreviews?timeout=2m0s\": dial tcp 192.168.1.100:6443: i/o timeout"
[2m2026-02-18T22:02:38-05:00[0m [93mWRN[0m Namespace validation failed [2mns=[0mrook-ceph [2merror=[0m"user not authorized to list all namespaces"
[2m2026-02-18T22:02:38-05:00[0m [93mWRN[0m Unable to validate namespace [2mns=[0mrook-ceph
[2m2026-02-18T22:03:38-05:00[0m [93mWRN[0m Auth request failed [2msubsys=[0mclient [2msubsys=[0mcan [2merror=[0m"Post \"https://192.168.1.100:6443/apis/authorization.k8s.io/v1/selfsubjectaccessreviews?timeout=2m0s\": dial tcp 192.168.1.100:6443: i/o timeout"
[2m2026-02-18T22:03:38-05:00[0m [93mWRN[0m CRDs load Fail [2merror=[0m"Post \"https://192.168.1.100:6443/apis/authorization.k8s.io/v1/selfsubjectaccessreviews?timeout=2m0s\": dial tcp 192.168.1.100:6443: i/o timeout"
[2m2026-02-18T22:04:38-05:00[0m [93mWRN[0m Auth request failed [2msubsys=[0mclient [2msubsys=[0mcan [2merror=[0m"Post \"https://192.168.1.100:6443/apis/authorization.k8s.io/v1/selfsubjectaccessreviews?timeout=2m0s\": dial tcp 192.168.1.100:6443: i/o timeout"
[2m2026-02-18T22:05:38-05:00[0m [91mERR[0m Unable to fetch server version [2merror=[0m"Get \"https://192.168.1.100:6443/version?timeout=2m0s\": dial tcp 192.168.1.100:6443: i/o timeout"
[2m2026-02-18T22:05:38-05:00[0m [91mERR[0m Cluster updater failed! [2merror=[0m"conn check failed (2/5)"
[2m2026-02-18T22:05:38-05:00[0m [91mERR[0m Unable to fetch server version [2merror=[0m"Get \"https://192.168.1.100:6443/version?timeout=2m0s\": dial tcp 192.168.1.100:6443: i/o timeout"
[2m2026-02-18T22:06:08-05:00[0m [93mWRN[0m Auth request failed [2msubsys=[0mclient [2msubsys=[0mcan [2merror=[0m"Post \"https://192.168.1.100:6443/apis/authorization.k8s.io/v1/selfsubjectaccessreviews?timeout=2m0s\": dial tcp 192.168.1.100:6443: i/o timeout"
[2m2026-02-18T22:06:08-05:00[0m [93mWRN[0m Namespace validation failed [2mns=[0mrook-ceph [2merror=[0m"user not authorized to list all namespaces"
[2m2026-02-18T22:06:08-05:00[0m [93mWRN[0m Unable to validate namespace [2mns=[0mrook-ceph
[2m2026-02-19T00:07:35-05:00[0m [93mWRN[0m Auth request failed [2msubsys=[0mclient [2msubsys=[0mcan [2merror=[0m"Post \"https://192.168.1.100:6443/apis/authorization.k8s.io/v1/selfsubjectaccessreviews?timeout=2m0s\": dial tcp 192.168.1.100:6443: connect: operation timed out"
[2m2026-02-19T00:07:35-05:00[0m [93mWRN[0m CRDs load Fail [2merror=[0m"Post \"https://192.168.1.100:6443/apis/authorization.k8s.io/v1/selfsubjectaccessreviews?timeout=2m0s\": dial tcp 192.168.1.100:6443: connect: operation timed out"
[2m2026-02-19T02:17:56-05:00[0m [93mWRN[0m Auth request failed [2msubsys=[0mclient [2msubsys=[0mcan [2merror=[0m"Post \"https://192.168.1.100:6443/apis/authorization.k8s.io/v1/selfsubjectaccessreviews?timeout=2m0s\": dial tcp 192.168.1.100:6443: connect: operation timed out"
[2m2026-02-19T03:39:10-05:00[0m [91mERR[0m Unable to fetch server version [2merror=[0m"Get \"https://192.168.1.100:6443/version?timeout=2m0s\": dial tcp 192.168.1.100:6443: connect: operation timed out"
[2m2026-02-19T03:39:10-05:00[0m [91mERR[0m Cluster updater failed! [2merror=[0m"conn check failed (3/5)"
[2m2026-02-19T03:39:10-05:00[0m [91mERR[0m Unable to fetch server version [2merror=[0m"Get \"https://192.168.1.100:6443/version?timeout=2m0s\": dial tcp 192.168.1.100:6443: connect: operation timed out"
[2m2026-02-19T04:03:46-05:00[0m [93mWRN[0m Auth request failed [2msubsys=[0mclient [2msubsys=[0mcan [2merror=[0m"Post \"https://192.168.1.100:6443/apis/authorization.k8s.io/v1/selfsubjectaccessreviews?timeout=2m0s\": dial tcp 192.168.1.100:6443: connect: operation timed out"
[2m2026-02-19T04:03:46-05:00[0m [93mWRN[0m Namespace validation failed [2mns=[0mrook-ceph [2merror=[0m"user not authorized to list all namespaces"
[2m2026-02-19T04:03:46-05:00[0m [93mWRN[0m Unable to validate namespace [2mns=[0mrook-ceph
[2m2026-02-19T08:00:02-05:00[0m [93mWRN[0m Auth request failed [2msubsys=[0mclient [2msubsys=[0mcan [2merror=[0m"Post \"https://192.168.1.100:6443/apis/authorization.k8s.io/v1/selfsubjectaccessreviews?timeout=2m0s\": dial tcp 192.168.1.100:6443: i/o timeout"
[2m2026-02-19T08:00:02-05:00[0m [93mWRN[0m CRDs load Fail [2merror=[0m"Post \"https://192.168.1.100:6443/apis/authorization.k8s.io/v1/selfsubjectaccessreviews?timeout=2m0s\": dial tcp 192.168.1.100:6443: i/o timeout"
[2m2026-02-19T08:03:09-05:00[0m [93mWRN[0m Auth request failed [2msubsys=[0mclient [2msubsys=[0mcan [2merror=[0m"Post \"https://192.168.1.100:6443/apis/authorization.k8s.io/v1/selfsubjectaccessreviews?timeout=2m0s\": dial tcp 192.168.1.100:6443: i/o timeout"
[2m2026-02-19T08:04:09-05:00[0m [91mERR[0m Unable to fetch server version [2merror=[0m"Get \"https://192.168.1.100:6443/version?timeout=2m0s\": dial tcp 192.168.1.100:6443: i/o timeout"
[2m2026-02-19T08:04:09-05:00[0m [91mERR[0m Cluster updater failed! [2merror=[0m"conn check failed (4/5)"
[2m2026-02-19T08:04:09-05:00[0m [91mERR[0m Failed to obtain list of namespaces [2merror=[0m"user not authorized to list all namespaces"
[2m2026-02-22T19:37:12-05:00[0m [92mINF[0m 🐶 K9s starting up...
[2m2026-02-22T19:37:13-05:00[0m [92mINF[0m ✅ Kubernetes connectivity OK
[2m2026-02-22T19:37:16-05:00[0m [93mWRN[0m No resources found for v1/pods in "default" namespace
[2m2026-02-22T19:37:50-05:00[0m [93mWRN[0m Scan failed for image [2msubsys=[0mvul [2mimage=[0mdocker.io/bitnami/mariadb:10.6.8-debian-11-r9 [2merror=[0m"failed to analyze image packages: errors occurred attempting to resolve 'docker.io/bitnami/mariadb:10.6.8-debian-11-r9':\n  - snap: snap file \"docker.io/bitnami/mariadb:10.6.8-debian-11-r9\" does not exist\n  - docker: docker not available: failed to connect to Docker daemon. Ensure Docker is running and accessible\n  - podman: podman not available: making http client: connection to bastion host=\"127.0.0.1:49782\" failed: dial tcp 127.0.0.1:49782: connect: connection refused\n  - containerd: containerd not available: no grpc connection or services is available: unavailable\n  - oci-registry: failed to get image descriptor from registry: GET https://index.docker.io/v2/bitnami/mariadb/manifests/10.6.8-debian-11-r9: MANIFEST_UNKNOWN: manifest unknown; unknown tag=10.6.8-debian-11-r9\n  - snap: no snap found with name 'docker.io/bitnami/mariadb:10.6.8-debian-11-r9'\n  - additionally, the following providers failed with file does not exist: docker-archive, oci-archive, oci-dir, singularity, local-file, local-directory"
[2m2026-02-23T19:25:33-05:00[0m [92mINF[0m 🐶 K9s starting up...
[2m2026-02-23T19:25:33-05:00[0m [92mINF[0m ✅ Kubernetes connectivity OK
[2m2026-02-23T19:25:36-05:00[0m [93mWRN[0m No resources found for v1/pods in "default" namespace
[2m2026-02-23T19:26:04-05:00[0m [92mINF[0m 🐶 K9s starting up...
[2m2026-02-23T19:26:04-05:00[0m [92mINF[0m ✅ Kubernetes connectivity OK
[2m2026-02-23T19:26:07-05:00[0m [93mWRN[0m No resources found for v1/pods in "default" namespace
[2m2026-02-23T19:29:29-05:00[0m [93mWRN[0m Scan failed for image [2msubsys=[0mvul [2mimage=[0mdocker.io/bitnami/mariadb:latest [2merror=[0m"failed to analyze image packages: errors occurred attempting to resolve 'docker.io/bitnami/mariadb:latest':\n  - snap: snap file \"docker.io/bitnami/mariadb:latest\" does not exist\n  - docker: docker not available: failed to connect to Docker daemon. Ensure Docker is running and accessible\n  - podman: podman not available: making http client: connection to bastion host=\"127.0.0.1:49782\" failed: dial tcp 127.0.0.1:49782: connect: connection refused\n  - containerd: containerd not available: no grpc connection or services is available: unavailable\n  - oci-registry: unable to populate layer cache dir=\"/var/folders/9k/fl6gd1tx67dgc9b5njv0sjh40000gn/T/stereoscope-1408006086/oci-registry-image-2094417343/sha256:c623d760d775e8603b8786b28d5956abcf2b5a6f9d95ed79e0a88da3f1f57522\" : stream error: stream ID 3; INTERNAL_ERROR; received from peer\n  - snap: no snap found with name 'docker.io/bitnami/mariadb:latest'\n  - additionally, the following providers failed with file does not exist: docker-archive, oci-archive, oci-dir, singularity, local-file, local-directory"
[2m2026-02-23T20:12:37-05:00[0m [92mINF[0m 🐶 K9s starting up...
[2m2026-02-23T20:12:38-05:00[0m [92mINF[0m ✅ Kubernetes connectivity OK
[2m2026-02-23T20:12:53-05:00[0m [93mWRN[0m No resources found for v1/pods in "arc" namespace
[2m2026-02-23T20:32:59-05:00[0m [92mINF[0m 🐶 K9s starting up...
[2m2026-02-23T20:32:59-05:00[0m [92mINF[0m ✅ Kubernetes connectivity OK
[2m2026-02-23T20:33:00-05:00[0m [93mWRN[0m Plugins load failed [2merror=[0m"invalid key specified: \"Ctrl-H\""
[2m2026-02-23T20:33:02-05:00[0m [93mWRN[0m Plugins load failed [2merror=[0m"invalid key specified: \"Ctrl-H\""
[2m2026-02-23T20:33:04-05:00[0m [93mWRN[0m Plugins load failed [2merror=[0m"invalid key specified: \"Ctrl-H\""
[2m2026-02-23T20:33:06-05:00[0m [93mWRN[0m Plugins load failed [2merror=[0m"invalid key specified: \"Ctrl-H\""
[2m2026-02-23T20:33:08-05:00[0m [93mWRN[0m Plugins load failed [2merror=[0m"invalid key specified: \"Ctrl-H\""
[2m2026-02-23T20:33:10-05:00[0m [93mWRN[0m Plugins load failed [2merror=[0m"invalid key specified: \"Ctrl-H\""
[2m2026-02-23T20:33:12-05:00[0m [93mWRN[0m Plugins load failed [2merror=[0m"invalid key specified: \"Ctrl-H\""
[2m2026-02-23T20:33:14-05:00[0m [93mWRN[0m Plugins load failed [2merror=[0m"invalid key specified: \"Ctrl-H\""
[2m2026-02-23T20:33:16-05:00[0m [93mWRN[0m Plugins load failed [2merror=[0m"invalid key specified: \"Ctrl-H\""
[2m2026-02-23T20:33:18-05:00[0m [93mWRN[0m Plugins load failed [2merror=[0m"invalid key specified: \"Ctrl-H\""
[2m2026-02-23T20:33:22-05:00[0m [92mINF[0m 🐶 K9s starting up...
[2m2026-02-23T20:33:22-05:00[0m [92mINF[0m ✅ Kubernetes connectivity OK
[2m2026-02-23T20:33:23-05:00[0m [93mWRN[0m Plugins load failed [2merror=[0m"invalid key specified: \"Ctrl-H\""
[2m2026-02-23T20:33:25-05:00[0m [93mWRN[0m Plugins load failed [2merror=[0m"invalid key specified: \"Ctrl-H\""
[2m2026-02-23T20:33:27-05:00[0m [93mWRN[0m Plugins load failed [2merror=[0m"invalid key specified: \"Ctrl-H\""
[2m2026-02-23T20:33:29-05:00[0m [93mWRN[0m Plugins load failed [2merror=[0m"invalid key specified: \"Ctrl-H\""
[2m2026-02-23T20:33:31-05:00[0m [93mWRN[0m Plugins load failed [2merror=[0m"invalid key specified: \"Ctrl-H\""
[2m2026-02-23T20:33:33-05:00[0m [93mWRN[0m Plugins load failed [2merror=[0m"invalid key specified: \"Ctrl-H\""
[2m2026-02-23T20:33:35-05:00[0m [93mWRN[0m Plugins load failed [2merror=[0m"invalid key specified: \"Ctrl-H\""
[2m2026-02-23T20:33:37-05:00[0m [93mWRN[0m Plugins load failed [2merror=[0m"invalid key specified: \"Ctrl-H\""
[2m2026-02-23T20:33:37-05:00[0m [93mWRN[0m No resources found for v1/pods in "arc" namespace
[2m2026-02-23T20:33:37-05:00[0m [93mWRN[0m Plugins load failed [2merror=[0m"invalid key specified: \"Ctrl-H\""
[2m2026-02-23T20:33:39-05:00[0m [93mWRN[0m Plugins load failed [2merror=[0m"invalid key specified: \"Ctrl-H\""
[2m2026-02-23T20:33:40-05:00[0m [93mWRN[0m Plugins load failed [2merror=[0m"invalid key specified: \"Ctrl-H\""
[2m2026-02-23T20:33:40-05:00[0m [93mWRN[0m Plugins load failed [2merror=[0m"invalid key specified: \"Ctrl-H\""
[2m2026-02-23T20:33:42-05:00[0m [93mWRN[0m Plugins load failed [2merror=[0m"invalid key specified: \"Ctrl-H\""
[2m2026-02-23T20:33:44-05:00[0m [93mWRN[0m Plugins load failed [2merror=[0m"invalid key specified: \"Ctrl-H\""
[2m2026-02-23T20:33:46-05:00[0m [93mWRN[0m Plugins load failed [2merror=[0m"invalid key specified: \"Ctrl-H\""
[2m2026-02-23T20:33:48-05:00[0m [93mWRN[0m Plugins load failed [2merror=[0m"invalid key specified: \"Ctrl-H\""
[2m2026-02-23T20:33:50-05:00[0m [93mWRN[0m Plugins load failed [2merror=[0m"invalid key specified: \"Ctrl-H\""
[2m2026-02-23T20:33:52-05:00[0m [93mWRN[0m Plugins load failed [2merror=[0m"invalid key specified: \"Ctrl-H\""
[2m2026-02-23T20:33:54-05:00[0m [93mWRN[0m Plugins load failed [2merror=[0m"invalid key specified: \"Ctrl-H\""
[2m2026-02-23T20:33:56-05:00[0m [93mWRN[0m Plugins load failed [2merror=[0m"invalid key specified: \"Ctrl-H\""
[2m2026-02-23T20:33:58-05:00[0m [93mWRN[0m Plugins load failed [2merror=[0m"invalid key specified: \"Ctrl-H\""
[2m2026-02-23T20:34:00-05:00[0m [93mWRN[0m Plugins load failed [2merror=[0m"invalid key specified: \"Ctrl-H\""
[2m2026-02-23T20:34:02-05:00[0m [93mWRN[0m Plugins load failed [2merror=[0m"invalid key specified: \"Ctrl-H\""
[2m2026-02-23T20:34:04-05:00[0m [93mWRN[0m Plugins load failed [2merror=[0m"invalid key specified: \"Ctrl-H\""
[2m2026-02-23T20:34:06-05:00[0m [93mWRN[0m Plugins load failed [2merror=[0m"invalid key specified: \"Ctrl-H\""
[2m2026-02-23T20:34:08-05:00[0m [93mWRN[0m Plugins load failed [2merror=[0m"invalid key specified: \"Ctrl-H\""
[2m2026-02-23T20:34:10-05:00[0m [93mWRN[0m Plugins load failed [2merror=[0m"invalid key specified: \"Ctrl-H\""
[2m2026-02-23T20:34:12-05:00[0m [93mWRN[0m Plugins load failed [2merror=[0m"invalid key specified: \"Ctrl-H\""
[2m2026-02-23T20:34:14-05:00[0m [93mWRN[0m Plugins load failed [2merror=[0m"invalid key specified: \"Ctrl-H\""
[2m2026-02-23T20:34:16-05:00[0m [93mWRN[0m Plugins load failed [2merror=[0m"invalid key specified: \"Ctrl-H\""
[2m2026-02-23T20:34:18-05:00[0m [93mWRN[0m Plugins load failed [2merror=[0m"invalid key specified: \"Ctrl-H\""
[2m2026-02-23T20:34:20-05:00[0m [93mWRN[0m Plugins load failed [2merror=[0m"invalid key specified: \"Ctrl-H\""
[2m2026-02-23T20:34:22-05:00[0m [93mWRN[0m Plugins load failed [2merror=[0m"invalid key specified: \"Ctrl-H\""
[2m2026-02-23T20:34:24-05:00[0m [93mWRN[0m Plugins load failed [2merror=[0m"invalid key specified: \"Ctrl-H\""
[2m2026-02-23T20:35:00-05:00[0m [92mINF[0m 🐶 K9s starting up...
[2m2026-02-23T20:35:01-05:00[0m [92mINF[0m ✅ Kubernetes connectivity OK
[2m2026-02-23T20:35:24-05:00[0m [91mERR[0m Pipe Exec failed [2merror=[0m"command failed. Check k9s logs: exit status 20" [2mcmd=[0m"[/opt/homebrew/bin/argocd --core --kube-context freshlab app list]"
[2m2026-02-23T20:35:24-05:00[0m [91mERR[0m Flash error [2merror=[0m"command failed. Check k9s logs: exit status 20\n" [2mmessage=[0m"Exec failed \"argocd --core --kube-context freshlab app list\": command failed. Check k9s logs: exit status 20\n"
[2m2026-02-23T20:35:24-05:00[0m [91mERR[0m Plugin command failed [2merror=[0m"command failed. Check k9s logs: exit status 20\n"
[2m2026-02-23T20:39:12-05:00[0m [92mINF[0m 🐶 K9s starting up...
[2m2026-02-23T20:39:12-05:00[0m [92mINF[0m ✅ Kubernetes connectivity OK
[2m2026-02-23T20:45:03-05:00[0m [93mWRN[0m No resources found for v1/pods in "all" namespace
[2m2026-02-23T20:45:23-05:00[0m [93mWRN[0m Scan failed for image [2msubsys=[0mvul [2mimage=[0mecr-public.aws.com/docker/library/redis:8.2.3-alpine [2merror=[0m"failed to analyze image packages: errors occurred attempting to resolve 'ecr-public.aws.com/docker/library/redis:8.2.3-alpine':\n  - snap: snap file \"ecr-public.aws.com/docker/library/redis:8.2.3-alpine\" does not exist\n  - docker: docker not available: failed to connect to Docker daemon. Ensure Docker is running and accessible\n  - podman: podman not available: making http client: connection to bastion host=\"127.0.0.1:49782\" failed: dial tcp 127.0.0.1:49782: connect: connection refused\n  - containerd: containerd not available: no grpc connection or services is available: unavailable\n  - oci-registry: failed to get image from registry: GET https://ecr-public.aws.com/v2/docker/library/redis/manifests/sha256:2fe148588d93987cea3533873195ec2450f5dbf420c78606aaacad7b78bb5489: TOOMANYREQUESTS: Rate exceeded\n  - snap: no snap found with name 'ecr-public.aws.com/docker/library/redis:8.2.3-alpine'\n  - additionally, the following providers failed with file does not exist: docker-archive, oci-archive, oci-dir, singularity, local-file, local-directory"
[2m2026-02-23T20:48:38-05:00[0m [92mINF[0m 🐶 K9s starting up...
[2m2026-02-23T20:48:38-05:00[0m [92mINF[0m ✅ Kubernetes connectivity OK
[2m2026-02-23T20:49:51-05:00[0m [91mERR[0m Pipe Exec failed [2merror=[0m"command failed. Check k9s logs: exit status 1" [2mcmd=[0m"[/opt/homebrew/bin/holmes ask --no-interactive Investigate Kubernetes resource pods/prometheus-kube-prometheus-stack-prometheus-0 in namespace kube-prometheus-stack on context freshlab. Give likely root causes, checks to run, and remediation steps.]"
[2m2026-02-23T20:49:51-05:00[0m [91mERR[0m Flash error [2merror=[0m"command failed. Check k9s logs: exit status 1\n" [2mmessage=[0m"Exec failed \"holmes ask --no-interactive Investigate Kubernetes resource pods/prometheus-kube-prometheus-stack-prometheus-0 in namespace kube-prometheus-stack on context freshlab. Give likely root causes, checks to run, and remediation steps.\": command failed. Check k9s logs: exit status 1\n"
[2m2026-02-23T20:49:51-05:00[0m [91mERR[0m Plugin command failed [2merror=[0m"command failed. Check k9s logs: exit status 1\n"
[2m2026-02-23T20:50:58-05:00[0m [92mINF[0m 🐶 K9s starting up...
[2m2026-02-23T20:50:58-05:00[0m [92mINF[0m ✅ Kubernetes connectivity OK
[2m2026-02-23T20:51:32-05:00[0m [92mINF[0m 🐶 K9s starting up...
[2m2026-02-23T20:51:35-05:00[0m [92mINF[0m ✅ Kubernetes connectivity OK
[2m2026-02-23T20:51:39-05:00[0m [93mWRN[0m No resources found for v1/namespaces in "-" namespace
[2m2026-02-23T20:53:08-05:00[0m [91mERR[0m Pipe Exec failed [2merror=[0m"command failed. Check k9s logs: exit status 1" [2mcmd=[0m"[/opt/homebrew/bin/holmes ask --no-interactive Investigate Kubernetes resource pods/prometheus-kube-prometheus-stack-prometheus-0 in namespace kube-prometheus-stack on context freshlab. Give likely root causes, checks to run, and remediation steps.]"
[2m2026-02-23T20:53:08-05:00[0m [91mERR[0m Flash error [2merror=[0m"command failed. Check k9s logs: exit status 1\n" [2mmessage=[0m"Exec failed \"holmes ask --no-interactive Investigate Kubernetes resource pods/prometheus-kube-prometheus-stack-prometheus-0 in namespace kube-prometheus-stack on context freshlab. Give likely root causes, checks to run, and remediation steps.\": command failed. Check k9s logs: exit status 1\n"
[2m2026-02-23T20:53:08-05:00[0m [91mERR[0m Plugin command failed [2merror=[0m"command failed. Check k9s logs: exit status 1\n"
[2m2026-02-23T21:29:18-05:00[0m [93mWRN[0m Scan failed for image [2msubsys=[0mvul [2mimage=[0mquay.io/argoproj/argocd:v3.3.2 [2merror=[0m"failed to analyze image packages: errors occurred attempting to resolve 'quay.io/argoproj/argocd:v3.3.2':\n  - snap: snap file \"quay.io/argoproj/argocd:v3.3.2\" does not exist\n  - docker: docker not available: failed to connect to Docker daemon. Ensure Docker is running and accessible\n  - podman: podman not available: making http client: connection to bastion host=\"127.0.0.1:49782\" failed: dial tcp 127.0.0.1:49782: connect: connection refused\n  - containerd: containerd not available: no grpc connection or services is available: unavailable\n  - oci-registry: unable to populate layer cache dir=\"/var/folders/9k/fl6gd1tx67dgc9b5njv0sjh40000gn/T/stereoscope-446833949/oci-registry-image-2474119420/sha256:1634758912c3f84c42ebef6445b07a4fa8393cac323eadd4d2581e9c71aed5c9\" : read tcp 192.168.1.109:54733->23.219.2.75:443: read: connection reset by peer\n  - snap: no snap found with name 'quay.io/argoproj/argocd:v3.3.2'\n  - additionally, the following providers failed with file does not exist: docker-archive, oci-archive, oci-dir, singularity, local-file, local-directory"
[2m2026-02-23T21:29:18-05:00[0m [93mWRN[0m Scan failed for image [2msubsys=[0mvul [2mimage=[0mghcr.io/immich-app/immich-server:v2.0.0 [2merror=[0m"failed to analyze image packages: errors occurred attempting to resolve 'ghcr.io/immich-app/immich-server:v2.0.0':\n  - snap: snap file \"ghcr.io/immich-app/immich-server:v2.0.0\" does not exist\n  - docker: docker not available: failed to connect to Docker daemon. Ensure Docker is running and accessible\n  - podman: podman not available: making http client: connection to bastion host=\"127.0.0.1:49782\" failed: dial tcp 127.0.0.1:49782: connect: connection refused\n  - containerd: containerd not available: no grpc connection or services is available: unavailable\n  - oci-registry: unable to populate layer cache dir=\"/var/folders/9k/fl6gd1tx67dgc9b5njv0sjh40000gn/T/stereoscope-1489896523/oci-registry-image-3981031843/sha256:2a7f563c8c5a6f6ea12726995d454456dcf25752712a1cdf1d7e1b47c23179af\" : read tcp 192.168.1.109:54486->185.199.109.154:443: read: connection reset by peer\n  - snap: no snap found with name 'ghcr.io/immich-app/immich-server:v2.0.0'\n  - additionally, the following providers failed with file does not exist: docker-archive, oci-archive, oci-dir, singularity, local-file, local-directory"
[2m2026-02-23T21:29:18-05:00[0m [93mWRN[0m Scan failed for image [2msubsys=[0mvul [2mimage=[0mghcr.io/tensorchord/cloudnative-vectorchord:16.9-0.4.3 [2merror=[0m"failed to analyze image packages: errors occurred attempting to resolve 'ghcr.io/tensorchord/cloudnative-vectorchord:16.9-0.4.3':\n  - snap: snap file \"ghcr.io/tensorchord/cloudnative-vectorchord:16.9-0.4.3\" does not exist\n  - docker: docker not available: failed to connect to Docker daemon. Ensure Docker is running and accessible\n  - podman: podman not available: making http client: connection to bastion host=\"127.0.0.1:49782\" failed: dial tcp 127.0.0.1:49782: connect: connection refused\n  - containerd: containerd not available: no grpc connection or services is available: unavailable\n  - oci-registry: unable to populate layer cache dir=\"/var/folders/9k/fl6gd1tx67dgc9b5njv0sjh40000gn/T/stereoscope-1076262967/oci-registry-image-3581950159/sha256:6edfb9bfff297d06f01fa2685d7162e3d1b2ecdcc73666de3aa8b78c0ba0471d\" : read tcp 192.168.1.109:54498->185.199.109.154:443: read: connection reset by peer\n  - snap: no snap found with name 'ghcr.io/tensorchord/cloudnative-vectorchord:16.9-0.4.3'\n  - additionally, the following providers failed with file does not exist: docker-archive, oci-archive, oci-dir, singularity, local-file, local-directory"
[2m2026-02-23T21:29:18-05:00[0m [93mWRN[0m Scan failed for image [2msubsys=[0mvul [2mimage=[0mghcr.io/kubereboot/kured:1.17.1 [2merror=[0m"failed to analyze image packages: errors occurred attempting to resolve 'ghcr.io/kubereboot/kured:1.17.1':\n  - snap: snap file \"ghcr.io/kubereboot/kured:1.17.1\" does not exist\n  - docker: docker not available: failed to connect to Docker daemon. Ensure Docker is running and accessible\n  - podman: podman not available: making http client: connection to bastion host=\"127.0.0.1:49782\" failed: dial tcp 127.0.0.1:49782: connect: connection refused\n  - containerd: containerd not available: no grpc connection or services is available: unavailable\n  - oci-registry: unable to populate layer cache dir=\"/var/folders/9k/fl6gd1tx67dgc9b5njv0sjh40000gn/T/stereoscope-608978849/oci-registry-image-2614113346/sha256:eec2f08dced612bdbb083f392fed7101720793e17ae25f1dceca1da17b16e6ba\" : read tcp 192.168.1.109:54505->185.199.109.154:443: read: connection reset by peer\n  - snap: no snap found with name 'ghcr.io/kubereboot/kured:1.17.1'\n  - additionally, the following providers failed with file does not exist: docker-archive, oci-archive, oci-dir, singularity, local-file, local-directory"
[2m2026-02-23T21:29:18-05:00[0m [93mWRN[0m Scan failed for image [2msubsys=[0mvul [2mimage=[0mlouislam/uptime-kuma:1.17.1 [2merror=[0m"failed to analyze image packages: errors occurred attempting to resolve 'louislam/uptime-kuma:1.17.1':\n  - snap: snap file \"louislam/uptime-kuma:1.17.1\" does not exist\n  - docker: docker not available: failed to connect to Docker daemon. Ensure Docker is running and accessible\n  - podman: podman not available: making http client: connection to bastion host=\"127.0.0.1:49782\" failed: dial tcp 127.0.0.1:49782: connect: connection refused\n  - containerd: containerd not available: no grpc connection or services is available: unavailable\n  - oci-registry: unable to populate layer cache dir=\"/var/folders/9k/fl6gd1tx67dgc9b5njv0sjh40000gn/T/stereoscope-2597878922/oci-registry-image-1623132495/sha256:ca6f47c37daec7bd0074152434fe81e943611434b68d3b58e56c1fe10bce34bf\" : read tcp 192.168.1.109:54846->104.16.98.215:443: read: connection reset by peer\n  - snap: no snap found with name 'louislam/uptime-kuma:1.17.1'\n  - additionally, the following providers failed with file does not exist: docker-archive, oci-archive, oci-dir, singularity, local-file, local-directory"
[2m2026-02-23T21:29:18-05:00[0m [93mWRN[0m Scan failed for image [2msubsys=[0mvul [2mimage=[0mxasag94215/flask-cache [2merror=[0m"failed to analyze image packages: errors occurred attempting to resolve 'xasag94215/flask-cache':\n  - snap: snap file \"xasag94215/flask-cache\" does not exist\n  - docker: docker not available: failed to connect to Docker daemon. Ensure Docker is running and accessible\n  - podman: podman not available: making http client: connection to bastion host=\"127.0.0.1:49782\" failed: dial tcp 127.0.0.1:49782: connect: connection refused\n  - containerd: containerd not available: no grpc connection or services is available: unavailable\n  - oci-registry: unable to populate layer cache dir=\"/var/folders/9k/fl6gd1tx67dgc9b5njv0sjh40000gn/T/stereoscope-4242123411/oci-registry-image-1225260638/sha256:4dd93d17b7916e5edb13d55bea9f0604743a64bf8feb10e8892ba41e14a8fdfa\" : read tcp 192.168.1.109:54855->104.16.98.215:443: read: connection reset by peer\n  - snap: no snap found with name 'xasag94215/flask-cache'\n  - additionally, the following providers failed with file does not exist: docker-archive, oci-archive, oci-dir, singularity, local-file, local-directory"
[2m2026-02-23T21:29:18-05:00[0m [93mWRN[0m Scan failed for image [2msubsys=[0mvul [2mimage=[0mdocker.io/longhornio/longhorn-ui:v1.11.0 [2merror=[0m"failed to analyze image packages: errors occurred attempting to resolve 'docker.io/longhornio/longhorn-ui:v1.11.0':\n  - snap: snap file \"docker.io/longhornio/longhorn-ui:v1.11.0\" does not exist\n  - docker: docker not available: failed to connect to Docker daemon. Ensure Docker is running and accessible\n  - podman: podman not available: making http client: connection to bastion host=\"127.0.0.1:49782\" failed: dial tcp 127.0.0.1:49782: connect: connection refused\n  - containerd: containerd not available: no grpc connection or services is available: unavailable\n  - oci-registry: unable to populate layer cache dir=\"/var/folders/9k/fl6gd1tx67dgc9b5njv0sjh40000gn/T/stereoscope-3907111561/oci-registry-image-2768292345/sha256:8588ca68a4cb750e2a4880517331bc3352ea7480685ff258fe0f67bd9b41eb74\" : read tcp 192.168.1.109:54814->104.16.98.215:443: read: connection reset by peer\n  - snap: no snap found with name 'docker.io/longhornio/longhorn-ui:v1.11.0'\n  - additionally, the following providers failed with file does not exist: docker-archive, oci-archive, oci-dir, singularity, local-file, local-directory"
[2m2026-02-23T21:29:19-05:00[0m [93mWRN[0m Scan failed for image [2msubsys=[0mvul [2mimage=[0mghcr.io/blakeblackshear/frigate:0.14.1 [2merror=[0m"failed to analyze image packages: errors occurred attempting to resolve 'ghcr.io/blakeblackshear/frigate:0.14.1':\n  - snap: snap file \"ghcr.io/blakeblackshear/frigate:0.14.1\" does not exist\n  - docker: docker not available: failed to connect to Docker daemon. Ensure Docker is running and accessible\n  - podman: podman not available: making http client: connection to bastion host=\"127.0.0.1:49782\" failed: dial tcp 127.0.0.1:49782: connect: connection refused\n  - containerd: containerd not available: no grpc connection or services is available: unavailable\n  - oci-registry: unable to populate layer cache dir=\"/var/folders/9k/fl6gd1tx67dgc9b5njv0sjh40000gn/T/stereoscope-2341785085/oci-registry-image-4010980406/sha256:4810a0e3496bd2dbd602356de034796e6d5bd4965fdcf5d34522927fdb7cff64\" : read tcp 192.168.1.109:54799->185.199.108.154:443: read: connection reset by peer\n  - snap: no snap found with name 'ghcr.io/blakeblackshear/frigate:0.14.1'\n  - additionally, the following providers failed with file does not exist: docker-archive, oci-archive, oci-dir, singularity, local-file, local-directory"
[2m2026-02-23T21:29:19-05:00[0m [93mWRN[0m Scan failed for image [2msubsys=[0mvul [2mimage=[0mghcr.io/dexidp/dex:v2.42.0 [2merror=[0m"failed to analyze image packages: errors occurred attempting to resolve 'ghcr.io/dexidp/dex:v2.42.0':\n  - snap: snap file \"ghcr.io/dexidp/dex:v2.42.0\" does not exist\n  - docker: docker not available: failed to connect to Docker daemon. Ensure Docker is running and accessible\n  - podman: podman not available: making http client: connection to bastion host=\"127.0.0.1:49782\" failed: dial tcp 127.0.0.1:49782: connect: connection refused\n  - containerd: containerd not available: no grpc connection or services is available: unavailable\n  - oci-registry: unable to populate layer cache dir=\"/var/folders/9k/fl6gd1tx67dgc9b5njv0sjh40000gn/T/stereoscope-3232360621/oci-registry-image-3501225853/sha256:3ff593694dc1bea447a6032ba530a19d162504255f6f19a0b9f430282f04749b\" : read tcp 192.168.1.109:54840->185.199.109.154:443: read: connection reset by peer\n  - snap: no snap found with name 'ghcr.io/dexidp/dex:v2.42.0'\n  - additionally, the following providers failed with file does not exist: docker-archive, oci-archive, oci-dir, singularity, local-file, local-directory"
[2m2026-02-23T21:29:19-05:00[0m [93mWRN[0m Scan failed for image [2msubsys=[0mvul [2mimage=[0mdocker.io/grafana/promtail:2.9.3 [2merror=[0m"failed to analyze image packages: errors occurred attempting to resolve 'docker.io/grafana/promtail:2.9.3':\n  - snap: snap file \"docker.io/grafana/promtail:2.9.3\" does not exist\n  - docker: docker not available: failed to connect to Docker daemon. Ensure Docker is running and accessible\n  - podman: podman not available: making http client: connection to bastion host=\"127.0.0.1:49782\" failed: dial tcp 127.0.0.1:49782: connect: connection refused\n  - containerd: containerd not available: no grpc connection or services is available: unavailable\n  - oci-registry: unable to populate layer cache dir=\"/var/folders/9k/fl6gd1tx67dgc9b5njv0sjh40000gn/T/stereoscope-1995368493/oci-registry-image-2825184973/sha256:076efd7f4e8953f0affac9b73bfecf312bf4f5867f0d807d98308934dbe20941\" : read tcp 192.168.1.109:54773->104.16.98.215:443: read: connection reset by peer\n  - snap: no snap found with name 'docker.io/grafana/promtail:2.9.3'\n  - additionally, the following providers failed with file does not exist: docker-archive, oci-archive, oci-dir, singularity, local-file, local-directory"
[2m2026-02-23T21:29:19-05:00[0m [93mWRN[0m Scan failed for image [2msubsys=[0mvul [2mimage=[0mlscr.io/linuxserver/plex:latest [2merror=[0m"failed to analyze image packages: errors occurred attempting to resolve 'lscr.io/linuxserver/plex:latest':\n  - snap: snap file \"lscr.io/linuxserver/plex:latest\" does not exist\n  - docker: docker not available: failed to connect to Docker daemon. Ensure Docker is running and accessible\n  - podman: podman not available: making http client: connection to bastion host=\"127.0.0.1:49782\" failed: dial tcp 127.0.0.1:49782: connect: connection refused\n  - containerd: containerd not available: no grpc connection or services is available: unavailable\n  - oci-registry: unable to populate layer cache dir=\"/var/folders/9k/fl6gd1tx67dgc9b5njv0sjh40000gn/T/stereoscope-355175805/oci-registry-image-2956097364/sha256:7aaca4d76d45577781ef36a2ae325f4c5b29b28ef0f21f13752b5dcdd5c12c87\" : read tcp 192.168.1.109:54891->185.199.109.154:443: read: connection reset by peer\n  - snap: no snap found with name 'lscr.io/linuxserver/plex:latest'\n  - additionally, the following providers failed with file does not exist: docker-archive, oci-archive, oci-dir, singularity, local-file, local-directory"
[2m2026-02-23T21:29:19-05:00[0m [93mWRN[0m Scan failed for image [2msubsys=[0mvul [2mimage=[0mdocker.io/longhornio/longhorn-instance-manager:v1.11.0 [2merror=[0m"failed to analyze image packages: errors occurred attempting to resolve 'docker.io/longhornio/longhorn-instance-manager:v1.11.0':\n  - snap: snap file \"docker.io/longhornio/longhorn-instance-manager:v1.11.0\" does not exist\n  - docker: docker not available: failed to connect to Docker daemon. Ensure Docker is running and accessible\n  - podman: podman not available: making http client: connection to bastion host=\"127.0.0.1:49782\" failed: dial tcp 127.0.0.1:49782: connect: connection refused\n  - containerd: containerd not available: no grpc connection or services is available: unavailable\n  - oci-registry: unable to populate layer cache dir=\"/var/folders/9k/fl6gd1tx67dgc9b5njv0sjh40000gn/T/stereoscope-1977051492/oci-registry-image-941598418/sha256:9ae9ef18b97ea9aa19030cc32dba249a213a94be6197770354595ab714ba4c8d\" : read tcp 192.168.1.109:54571->104.16.100.215:443: read: connection reset by peer\n  - snap: no snap found with name 'docker.io/longhornio/longhorn-instance-manager:v1.11.0'\n  - additionally, the following providers failed with file does not exist: docker-archive, oci-archive, oci-dir, singularity, local-file, local-directory"
[2m2026-02-23T22:04:19-05:00[0m [93mWRN[0m Scan failed for image [2msubsys=[0mvul [2mimage=[0mdocker.io/longhornio/longhorn-engine:v1.11.0 [2merror=[0m"failed to analyze image packages: errors occurred attempting to resolve 'docker.io/longhornio/longhorn-engine:v1.11.0':\n  - snap: snap file \"docker.io/longhornio/longhorn-engine:v1.11.0\" does not exist\n  - docker: docker not available: failed to connect to Docker daemon. Ensure Docker is running and accessible\n  - podman: podman not available: making http client: connection to bastion host=\"127.0.0.1:49782\" failed: dial tcp 127.0.0.1:49782: connect: connection refused\n  - containerd: containerd not available: no grpc connection or services is available: unavailable\n  - oci-registry: unable to populate layer cache dir=\"/var/folders/9k/fl6gd1tx67dgc9b5njv0sjh40000gn/T/stereoscope-2921041618/oci-registry-image-158811629/sha256:a44f71b4cae716254a89c16c7120181f8c1dbbbc08cf53c600180cde8e860dae\" : read tcp 192.168.1.109:54720->104.16.98.215:443: read: operation timed out\n  - snap: no snap found with name 'docker.io/longhornio/longhorn-engine:v1.11.0'\n  - additionally, the following providers failed with file does not exist: docker-archive, oci-archive, oci-dir, singularity, local-file, local-directory"
[2m2026-02-23T22:04:20-05:00[0m [93mWRN[0m Scan failed for image [2msubsys=[0mvul [2mimage=[0mdocker.io/longhornio/longhorn-engine:v1.11.0 [2merror=[0m"failed to analyze image packages: errors occurred attempting to resolve 'docker.io/longhornio/longhorn-engine:v1.11.0':\n  - snap: snap file \"docker.io/longhornio/longhorn-engine:v1.11.0\" does not exist\n  - docker: docker not available: failed to connect to Docker daemon. Ensure Docker is running and accessible\n  - podman: podman not available: making http client: connection to bastion host=\"127.0.0.1:49782\" failed: dial tcp 127.0.0.1:49782: connect: connection refused\n  - containerd: containerd not available: no grpc connection or services is available: unavailable\n  - oci-registry: unable to populate layer cache dir=\"/var/folders/9k/fl6gd1tx67dgc9b5njv0sjh40000gn/T/stereoscope-2724417013/oci-registry-image-114718451/sha256:fd5625be05285458ed970589e213c21822fde915037322d5bf07d75a1612a170\" : read tcp 192.168.1.109:54887->104.16.98.215:443: read: operation timed out\n  - snap: no snap found with name 'docker.io/longhornio/longhorn-engine:v1.11.0'\n  - additionally, the following providers failed with file does not exist: docker-archive, oci-archive, oci-dir, singularity, local-file, local-directory"
[2m2026-02-23T22:04:20-05:00[0m [93mWRN[0m Scan failed for image [2msubsys=[0mvul [2mimage=[0mseafileltd/seafile-mc:8.0.7 [2merror=[0m"failed to analyze image packages: errors occurred attempting to resolve 'seafileltd/seafile-mc:8.0.7':\n  - snap: snap file \"seafileltd/seafile-mc:8.0.7\" does not exist\n  - docker: docker not available: failed to connect to Docker daemon. Ensure Docker is running and accessible\n  - podman: podman not available: making http client: connection to bastion host=\"127.0.0.1:49782\" failed: dial tcp 127.0.0.1:49782: connect: connection refused\n  - containerd: containerd not available: no grpc connection or services is available: unavailable\n  - oci-registry: unable to populate layer cache dir=\"/var/folders/9k/fl6gd1tx67dgc9b5njv0sjh40000gn/T/stereoscope-492425819/oci-registry-image-1560810537/sha256:3b6418367581c8d72dcc18256d286a3598a8d30acb2aa66b98dc9b06a6b0f652\" : read tcp 192.168.1.109:54786->104.16.98.215:443: read: operation timed out\n  - snap: no snap found with name 'seafileltd/seafile-mc:8.0.7'\n  - additionally, the following providers failed with file does not exist: docker-archive, oci-archive, oci-dir, singularity, local-file, local-directory"
[2m2026-02-23T22:04:21-05:00[0m [93mWRN[0m Scan failed for image [2msubsys=[0mvul [2mimage=[0mdocker.io/longhornio/longhorn-manager:v1.11.0 [2merror=[0m"failed to analyze image packages: errors occurred attempting to resolve 'docker.io/longhornio/longhorn-manager:v1.11.0':\n  - snap: snap file \"docker.io/longhornio/longhorn-manager:v1.11.0\" does not exist\n  - docker: docker not available: failed to connect to Docker daemon. Ensure Docker is running and accessible\n  - podman: podman not available: making http client: connection to bastion host=\"127.0.0.1:49782\" failed: dial tcp 127.0.0.1:49782: connect: connection refused\n  - containerd: containerd not available: no grpc connection or services is available: unavailable\n  - oci-registry: unable to populate layer cache dir=\"/var/folders/9k/fl6gd1tx67dgc9b5njv0sjh40000gn/T/stereoscope-2902653780/oci-registry-image-2777510659/sha256:11405a0503fd0cd44a9e9e6cfb0cf30f13e746ac4aef4f5ed13ca1aea74189ee\" : read tcp 192.168.1.109:54808->104.16.98.215:443: read: operation timed out\n  - snap: no snap found with name 'docker.io/longhornio/longhorn-manager:v1.11.0'\n  - additionally, the following providers failed with file does not exist: docker-archive, oci-archive, oci-dir, singularity, local-file, local-directory"
[2m2026-02-23T22:04:21-05:00[0m [93mWRN[0m Scan failed for image [2msubsys=[0mvul [2mimage=[0mdocker.io/grafana/grafana:12.1.1 [2merror=[0m"failed to analyze image packages: errors occurred attempting to resolve 'docker.io/grafana/grafana:12.1.1':\n  - snap: snap file \"docker.io/grafana/grafana:12.1.1\" does not exist\n  - docker: docker not available: failed to connect to Docker daemon. Ensure Docker is running and accessible\n  - podman: podman not available: making http client: connection to bastion host=\"127.0.0.1:49782\" failed: dial tcp 127.0.0.1:49782: connect: connection refused\n  - containerd: containerd not available: no grpc connection or services is available: unavailable\n  - oci-registry: unable to populate layer cache dir=\"/var/folders/9k/fl6gd1tx67dgc9b5njv0sjh40000gn/T/stereoscope-1758610170/oci-registry-image-3030109749/sha256:972267a5371bf848ca3c1f6914ac09062ebd4bc9d482aa9619b90ade0528bac4\" : read tcp 192.168.1.109:54718->104.16.98.215:443: read: operation timed out\n  - snap: no snap found with name 'docker.io/grafana/grafana:12.1.1'\n  - additionally, the following providers failed with file does not exist: docker-archive, oci-archive, oci-dir, singularity, local-file, local-directory"
[2m2026-02-23T22:04:21-05:00[0m [93mWRN[0m Scan failed for image [2msubsys=[0mvul [2mimage=[0mdocker.io/longhornio/longhorn-manager:v1.11.0 [2merror=[0m"failed to analyze image packages: errors occurred attempting to resolve 'docker.io/longhornio/longhorn-manager:v1.11.0':\n  - snap: snap file \"docker.io/longhornio/longhorn-manager:v1.11.0\" does not exist\n  - docker: docker not available: failed to connect to Docker daemon. Ensure Docker is running and accessible\n  - podman: podman not available: making http client: connection to bastion host=\"127.0.0.1:49782\" failed: dial tcp 127.0.0.1:49782: connect: connection refused\n  - containerd: containerd not available: no grpc connection or services is available: unavailable\n  - oci-registry: unable to populate layer cache dir=\"/var/folders/9k/fl6gd1tx67dgc9b5njv0sjh40000gn/T/stereoscope-3725872228/oci-registry-image-3402616702/sha256:b539794ade5d10d0e76abbe8bc26ba459eeb38e21f746e473798931879a2b07a\" : read tcp 192.168.1.109:54771->104.16.98.215:443: read: operation timed out\n  - snap: no snap found with name 'docker.io/longhornio/longhorn-manager:v1.11.0'\n  - additionally, the following providers failed with file does not exist: docker-archive, oci-archive, oci-dir, singularity, local-file, local-directory"
[2m2026-02-23T22:04:22-05:00[0m [93mWRN[0m Scan failed for image [2msubsys=[0mvul [2mimage=[0mdocker.io/longhornio/longhorn-instance-manager:v1.11.0 [2merror=[0m"failed to analyze image packages: errors occurred attempting to resolve 'docker.io/longhornio/longhorn-instance-manager:v1.11.0':\n  - snap: snap file \"docker.io/longhornio/longhorn-instance-manager:v1.11.0\" does not exist\n  - docker: docker not available: failed to connect to Docker daemon. Ensure Docker is running and accessible\n  - podman: podman not available: making http client: connection to bastion host=\"127.0.0.1:49782\" failed: dial tcp 127.0.0.1:49782: connect: connection refused\n  - containerd: containerd not available: no grpc connection or services is available: unavailable\n  - oci-registry: unable to populate layer cache dir=\"/var/folders/9k/fl6gd1tx67dgc9b5njv0sjh40000gn/T/stereoscope-2951442756/oci-registry-image-2471151274/sha256:9ae9ef18b97ea9aa19030cc32dba249a213a94be6197770354595ab714ba4c8d\" : read tcp 192.168.1.109:54797->104.16.98.215:443: read: operation timed out\n  - snap: no snap found with name 'docker.io/longhornio/longhorn-instance-manager:v1.11.0'\n  - additionally, the following providers failed with file does not exist: docker-archive, oci-archive, oci-dir, singularity, local-file, local-directory"
[2m2026-02-23T22:04:22-05:00[0m [93mWRN[0m Scan failed for image [2msubsys=[0mvul [2mimage=[0mdocker.io/longhornio/longhorn-manager:v1.11.0 [2merror=[0m"failed to analyze image packages: errors occurred attempting to resolve 'docker.io/longhornio/longhorn-manager:v1.11.0':\n  - snap: snap file \"docker.io/longhornio/longhorn-manager:v1.11.0\" does not exist\n  - docker: docker not available: failed to connect to Docker daemon. Ensure Docker is running and accessible\n  - podman: podman not available: making http client: connection to bastion host=\"127.0.0.1:49782\" failed: dial tcp 127.0.0.1:49782: connect: connection refused\n  - containerd: containerd not available: no grpc connection or services is available: unavailable\n  - oci-registry: unable to populate layer cache dir=\"/var/folders/9k/fl6gd1tx67dgc9b5njv0sjh40000gn/T/stereoscope-501762592/oci-registry-image-1027535935/sha256:b539794ade5d10d0e76abbe8bc26ba459eeb38e21f746e473798931879a2b07a\" : read tcp 192.168.1.109:54772->104.16.98.215:443: read: operation timed out\n  - snap: no snap found with name 'docker.io/longhornio/longhorn-manager:v1.11.0'\n  - additionally, the following providers failed with file does not exist: docker-archive, oci-archive, oci-dir, singularity, local-file, local-directory"
[2m2026-02-23T22:04:22-05:00[0m [93mWRN[0m Scan failed for image [2msubsys=[0mvul [2mimage=[0mdocker.io/longhornio/longhorn-instance-manager:v1.11.0 [2merror=[0m"failed to analyze image packages: errors occurred attempting to resolve 'docker.io/longhornio/longhorn-instance-manager:v1.11.0':\n  - snap: snap file \"docker.io/longhornio/longhorn-instance-manager:v1.11.0\" does not exist\n  - docker: docker not available: failed to connect to Docker daemon. Ensure Docker is running and accessible\n  - podman: podman not available: making http client: connection to bastion host=\"127.0.0.1:49782\" failed: dial tcp 127.0.0.1:49782: connect: connection refused\n  - containerd: containerd not available: no grpc connection or services is available: unavailable\n  - oci-registry: unable to populate layer cache dir=\"/var/folders/9k/fl6gd1tx67dgc9b5njv0sjh40000gn/T/stereoscope-2275175738/oci-registry-image-2380327335/sha256:9ae9ef18b97ea9aa19030cc32dba249a213a94be6197770354595ab714ba4c8d\" : read tcp 192.168.1.109:54601->104.16.98.215:443: read: operation timed out\n  - snap: no snap found with name 'docker.io/longhornio/longhorn-instance-manager:v1.11.0'\n  - additionally, the following providers failed with file does not exist: docker-archive, oci-archive, oci-dir, singularity, local-file, local-directory"
[2m2026-02-23T22:04:22-05:00[0m [93mWRN[0m Scan failed for image [2msubsys=[0mvul [2mimage=[0mdocker.io/longhornio/longhorn-manager:v1.11.0 [2merror=[0m"failed to analyze image packages: errors occurred attempting to resolve 'docker.io/longhornio/longhorn-manager:v1.11.0':\n  - snap: snap file \"docker.io/longhornio/longhorn-manager:v1.11.0\" does not exist\n  - docker: docker not available: failed to connect to Docker daemon. Ensure Docker is running and accessible\n  - podman: podman not available: making http client: connection to bastion host=\"127.0.0.1:49782\" failed: dial tcp 127.0.0.1:49782: connect: connection refused\n  - containerd: containerd not available: no grpc connection or services is available: unavailable\n  - oci-registry: unable to populate layer cache dir=\"/var/folders/9k/fl6gd1tx67dgc9b5njv0sjh40000gn/T/stereoscope-1329845464/oci-registry-image-60421783/sha256:b539794ade5d10d0e76abbe8bc26ba459eeb38e21f746e473798931879a2b07a\" : read tcp 192.168.1.109:54591->104.16.98.215:443: read: operation timed out\n  - snap: no snap found with name 'docker.io/longhornio/longhorn-manager:v1.11.0'\n  - additionally, the following providers failed with file does not exist: docker-archive, oci-archive, oci-dir, singularity, local-file, local-directory"
[2m2026-02-23T22:04:23-05:00[0m [93mWRN[0m Scan failed for image [2msubsys=[0mvul [2mimage=[0mdocker.io/grafana/grafana:12.1.0 [2merror=[0m"failed to analyze image packages: errors occurred attempting to resolve 'docker.io/grafana/grafana:12.1.0':\n  - snap: snap file \"docker.io/grafana/grafana:12.1.0\" does not exist\n  - docker: docker not available: failed to connect to Docker daemon. Ensure Docker is running and accessible\n  - podman: podman not available: making http client: connection to bastion host=\"127.0.0.1:49782\" failed: dial tcp 127.0.0.1:49782: connect: connection refused\n  - containerd: containerd not available: no grpc connection or services is available: unavailable\n  - oci-registry: unable to populate layer cache dir=\"/var/folders/9k/fl6gd1tx67dgc9b5njv0sjh40000gn/T/stereoscope-3576411952/oci-registry-image-2943977418/sha256:da2289d891984fdb26cca98b7df95153df633e75ebd1984a2658301bac6d1b73\" : read tcp 192.168.1.109:54544->104.16.97.215:443: read: operation timed out\n  - snap: no snap found with name 'docker.io/grafana/grafana:12.1.0'\n  - additionally, the following providers failed with file does not exist: docker-archive, oci-archive, oci-dir, singularity, local-file, local-directory"
[2m2026-02-23T22:04:23-05:00[0m [93mWRN[0m Scan failed for image [2msubsys=[0mvul [2mimage=[0mdocker.io/longhornio/longhorn-share-manager:v1.11.0 [2merror=[0m"failed to analyze image packages: errors occurred attempting to resolve 'docker.io/longhornio/longhorn-share-manager:v1.11.0':\n  - snap: snap file \"docker.io/longhornio/longhorn-share-manager:v1.11.0\" does not exist\n  - docker: docker not available: failed to connect to Docker daemon. Ensure Docker is running and accessible\n  - podman: podman not available: making http client: connection to bastion host=\"127.0.0.1:49782\" failed: dial tcp 127.0.0.1:49782: connect: connection refused\n  - containerd: containerd not available: no grpc connection or services is available: unavailable\n  - oci-registry: unable to populate layer cache dir=\"/var/folders/9k/fl6gd1tx67dgc9b5njv0sjh40000gn/T/stereoscope-1796212347/oci-registry-image-2313689405/sha256:1c5fcdd783ded2292ca2eba1d5f3d8f5698ef73d982c1ba36f2acdc3c6a682c5\" : read tcp 192.168.1.109:54716->104.16.98.215:443: read: operation timed out\n  - snap: no snap found with name 'docker.io/longhornio/longhorn-share-manager:v1.11.0'\n  - additionally, the following providers failed with file does not exist: docker-archive, oci-archive, oci-dir, singularity, local-file, local-directory"
[2m2026-02-23T22:04:24-05:00[0m [93mWRN[0m Scan failed for image [2msubsys=[0mvul [2mimage=[0mdocker.io/longhornio/longhorn-engine:v1.11.0 [2merror=[0m"failed to analyze image packages: errors occurred attempting to resolve 'docker.io/longhornio/longhorn-engine:v1.11.0':\n  - snap: snap file \"docker.io/longhornio/longhorn-engine:v1.11.0\" does not exist\n  - docker: docker not available: failed to connect to Docker daemon. Ensure Docker is running and accessible\n  - podman: podman not available: making http client: connection to bastion host=\"127.0.0.1:49782\" failed: dial tcp 127.0.0.1:49782: connect: connection refused\n  - containerd: containerd not available: no grpc connection or services is available: unavailable\n  - oci-registry: unable to populate layer cache dir=\"/var/folders/9k/fl6gd1tx67dgc9b5njv0sjh40000gn/T/stereoscope-4081710069/oci-registry-image-2128747871/sha256:a44f71b4cae716254a89c16c7120181f8c1dbbbc08cf53c600180cde8e860dae\" : read tcp 192.168.1.109:54560->104.16.100.215:443: read: operation timed out\n  - snap: no snap found with name 'docker.io/longhornio/longhorn-engine:v1.11.0'\n  - additionally, the following providers failed with file does not exist: docker-archive, oci-archive, oci-dir, singularity, local-file, local-directory"
[2m2026-02-23T22:39:22-05:00[0m [93mWRN[0m Scan failed for image [2msubsys=[0mvul [2mimage=[0mdocker.io/bitnami/mariadb:latest [2merror=[0m"failed to analyze image packages: errors occurred attempting to resolve 'docker.io/bitnami/mariadb:latest':\n  - snap: snap file \"docker.io/bitnami/mariadb:latest\" does not exist\n  - docker: docker not available: failed to connect to Docker daemon. Ensure Docker is running and accessible\n  - podman: podman not available: making http client: connection to bastion host=\"127.0.0.1:49782\" failed: dial tcp 127.0.0.1:49782: connect: connection refused\n  - containerd: containerd not available: no grpc connection or services is available: unavailable\n  - oci-registry: unable to populate layer cache dir=\"/var/folders/9k/fl6gd1tx67dgc9b5njv0sjh40000gn/T/stereoscope-1735855571/oci-registry-image-894505003/sha256:c623d760d775e8603b8786b28d5956abcf2b5a6f9d95ed79e0a88da3f1f57522\" : read tcp 192.168.1.109:54864->104.16.98.215:443: read: operation timed out\n  - snap: no snap found with name 'docker.io/bitnami/mariadb:latest'\n  - additionally, the following providers failed with file does not exist: docker-archive, oci-archive, oci-dir, singularity, local-file, local-directory"
[2m2026-02-23T22:39:22-05:00[0m [93mWRN[0m Scan failed for image [2msubsys=[0mvul [2mimage=[0mdocker.io/longhornio/longhorn-share-manager:v1.11.0 [2merror=[0m"failed to analyze image packages: errors occurred attempting to resolve 'docker.io/longhornio/longhorn-share-manager:v1.11.0':\n  - snap: snap file \"docker.io/longhornio/longhorn-share-manager:v1.11.0\" does not exist\n  - docker: docker not available: failed to connect to Docker daemon. Ensure Docker is running and accessible\n  - podman: podman not available: making http client: connection to bastion host=\"127.0.0.1:49782\" failed: dial tcp 127.0.0.1:49782: connect: connection refused\n  - containerd: containerd not available: no grpc connection or services is available: unavailable\n  - oci-registry: unable to populate layer cache dir=\"/var/folders/9k/fl6gd1tx67dgc9b5njv0sjh40000gn/T/stereoscope-540098965/oci-registry-image-1607396729/sha256:1c5fcdd783ded2292ca2eba1d5f3d8f5698ef73d982c1ba36f2acdc3c6a682c5\" : read tcp 192.168.1.109:54588->104.16.98.215:443: read: operation timed out\n  - snap: no snap found with name 'docker.io/longhornio/longhorn-share-manager:v1.11.0'\n  - additionally, the following providers failed with file does not exist: docker-archive, oci-archive, oci-dir, singularity, local-file, local-directory"
[2m2026-02-23T22:39:23-05:00[0m [93mWRN[0m Scan failed for image [2msubsys=[0mvul [2mimage=[0mquay.io/argoproj/argocd:v3.3.2 [2merror=[0m"failed to analyze image packages: errors occurred attempting to resolve 'quay.io/argoproj/argocd:v3.3.2':\n  - snap: snap file \"quay.io/argoproj/argocd:v3.3.2\" does not exist\n  - docker: docker not available: failed to connect to Docker daemon. Ensure Docker is running and accessible\n  - podman: podman not available: making http client: connection to bastion host=\"127.0.0.1:49782\" failed: dial tcp 127.0.0.1:49782: connect: connection refused\n  - containerd: containerd not available: no grpc connection or services is available: unavailable\n  - oci-registry: unable to populate layer cache dir=\"/var/folders/9k/fl6gd1tx67dgc9b5njv0sjh40000gn/T/stereoscope-3992149566/oci-registry-image-3258364591/sha256:4f4889d68f46ba5351a381396633429081552baaaaf3f6a6d328a5fc85787209\" : read tcp 192.168.1.109:54866->23.219.2.75:443: read: connection reset by peer\n  - snap: no snap found with name 'quay.io/argoproj/argocd:v3.3.2'\n  - additionally, the following providers failed with file does not exist: docker-archive, oci-archive, oci-dir, singularity, local-file, local-directory"
[2m2026-02-23T22:39:23-05:00[0m [93mWRN[0m Scan failed for image [2msubsys=[0mvul [2mimage=[0mghcr.io/kube-vip/kube-vip:v0.6.4 [2merror=[0m"failed to analyze image packages: errors occurred attempting to resolve 'ghcr.io/kube-vip/kube-vip:v0.6.4':\n  - snap: snap file \"ghcr.io/kube-vip/kube-vip:v0.6.4\" does not exist\n  - docker: docker not available: failed to connect to Docker daemon. Ensure Docker is running and accessible\n  - podman: podman not available: making http client: connection to bastion host=\"127.0.0.1:49782\" failed: dial tcp 127.0.0.1:49782: connect: connection refused\n  - containerd: containerd not available: no grpc connection or services is available: unavailable\n  - oci-registry: unable to populate layer cache dir=\"/var/folders/9k/fl6gd1tx67dgc9b5njv0sjh40000gn/T/stereoscope-1236918013/oci-registry-image-3580851199/sha256:57160dfd7e1013c6d794cda1224d70da3f334b82348ab889a79115f4affdefad\" : read tcp 192.168.1.109:54879->185.199.109.154:443: read: connection reset by peer\n  - snap: no snap found with name 'ghcr.io/kube-vip/kube-vip:v0.6.4'\n  - additionally, the following providers failed with file does not exist: docker-archive, oci-archive, oci-dir, singularity, local-file, local-directory"
[2m2026-02-23T22:39:23-05:00[0m [93mWRN[0m Scan failed for image [2msubsys=[0mvul [2mimage=[0mregistry.k8s.io/external-dns/external-dns:v0.18.0 [2merror=[0m"failed to analyze image packages: errors occurred attempting to resolve 'registry.k8s.io/external-dns/external-dns:v0.18.0':\n  - snap: snap file \"registry.k8s.io/external-dns/external-dns:v0.18.0\" does not exist\n  - docker: docker not available: failed to connect to Docker daemon. Ensure Docker is running and accessible\n  - podman: podman not available: making http client: connection to bastion host=\"127.0.0.1:49782\" failed: dial tcp 127.0.0.1:49782: connect: connection refused\n  - containerd: containerd not available: no grpc connection or services is available: unavailable\n  - oci-registry: unable to populate layer cache dir=\"/var/folders/9k/fl6gd1tx67dgc9b5njv0sjh40000gn/T/stereoscope-157008109/oci-registry-image-606264626/sha256:6c5a72175c5720c7990ad3ed33b8b8fe667c060ecfed6f3f2f26078cc7ab7920\" : read tcp 192.168.1.109:54875->52.217.45.72:443: read: connection reset by peer\n  - snap: no snap found with name 'registry.k8s.io/external-dns/external-dns:v0.18.0'\n  - additionally, the following providers failed with file does not exist: docker-archive, oci-archive, oci-dir, singularity, local-file, local-directory"
[2m2026-02-23T22:39:23-05:00[0m [93mWRN[0m Scan failed for image [2msubsys=[0mvul [2mimage=[0mquay.io/argoproj/argo-events:v1.9.7 [2merror=[0m"failed to analyze image packages: errors occurred attempting to resolve 'quay.io/argoproj/argo-events:v1.9.7':\n  - snap: snap file \"quay.io/argoproj/argo-events:v1.9.7\" does not exist\n  - docker: docker not available: failed to connect to Docker daemon. Ensure Docker is running and accessible\n  - podman: podman not available: making http client: connection to bastion host=\"127.0.0.1:49782\" failed: dial tcp 127.0.0.1:49782: connect: connection refused\n  - containerd: containerd not available: no grpc connection or services is available: unavailable\n  - oci-registry: unable to populate layer cache dir=\"/var/folders/9k/fl6gd1tx67dgc9b5njv0sjh40000gn/T/stereoscope-1505937919/oci-registry-image-3587648983/sha256:6f5daa35f14870b90d53205e2306488bd153098b0c81f77a0323df3af0933d97\" : read tcp 192.168.1.109:54594->23.219.2.75:443: read: connection reset by peer\n  - snap: no snap found with name 'quay.io/argoproj/argo-events:v1.9.7'\n  - additionally, the following providers failed with file does not exist: docker-archive, oci-archive, oci-dir, singularity, local-file, local-directory"
[2m2026-02-23T22:39:23-05:00[0m [93mWRN[0m Scan failed for image [2msubsys=[0mvul [2mimage=[0mdocker.io/longhornio/longhorn-manager:v1.11.0 [2merror=[0m"failed to analyze image packages: errors occurred attempting to resolve 'docker.io/longhornio/longhorn-manager:v1.11.0':\n  - snap: snap file \"docker.io/longhornio/longhorn-manager:v1.11.0\" does not exist\n  - docker: docker not available: failed to connect to Docker daemon. Ensure Docker is running and accessible\n  - podman: podman not available: making http client: connection to bastion host=\"127.0.0.1:49782\" failed: dial tcp 127.0.0.1:49782: connect: connection refused\n  - containerd: containerd not available: no grpc connection or services is available: unavailable\n  - oci-registry: unable to populate layer cache dir=\"/var/folders/9k/fl6gd1tx67dgc9b5njv0sjh40000gn/T/stereoscope-1826660445/oci-registry-image-1445858009/sha256:b539794ade5d10d0e76abbe8bc26ba459eeb38e21f746e473798931879a2b07a\" : read tcp 192.168.1.109:54516->104.16.97.215:443: read: connection reset by peer\n  - snap: no snap found with name 'docker.io/longhornio/longhorn-manager:v1.11.0'\n  - additionally, the following providers failed with file does not exist: docker-archive, oci-archive, oci-dir, singularity, local-file, local-directory"
[2m2026-02-23T22:39:23-05:00[0m [93mWRN[0m Scan failed for image [2msubsys=[0mvul [2mimage=[0mghcr.io/toboshii/hajimari:v0.3.1 [2merror=[0m"failed to analyze image packages: errors occurred attempting to resolve 'ghcr.io/toboshii/hajimari:v0.3.1':\n  - snap: snap file \"ghcr.io/toboshii/hajimari:v0.3.1\" does not exist\n  - docker: docker not available: failed to connect to Docker daemon. Ensure Docker is running and accessible\n  - podman: podman not available: making http client: connection to bastion host=\"127.0.0.1:49782\" failed: dial tcp 127.0.0.1:49782: connect: connection refused\n  - containerd: containerd not available: no grpc connection or services is available: unavailable\n  - oci-registry: unable to populate layer cache dir=\"/var/folders/9k/fl6gd1tx67dgc9b5njv0sjh40000gn/T/stereoscope-2860371602/oci-registry-image-1357000816/sha256:f9b0112e995a7c95e68d32ca104120cfbc70229582f038e1b389f6dcd2df0905\" : read tcp 192.168.1.109:54722->185.199.111.154:443: read: connection reset by peer\n  - snap: no snap found with name 'ghcr.io/toboshii/hajimari:v0.3.1'\n  - additionally, the following providers failed with file does not exist: docker-archive, oci-archive, oci-dir, singularity, local-file, local-directory"
[2m2026-02-23T22:39:23-05:00[0m [93mWRN[0m Scan failed for image [2msubsys=[0mvul [2mimage=[0mregistry.k8s.io/sig-storage/snapshot-controller:v7.0.1 [2merror=[0m"failed to analyze image packages: errors occurred attempting to resolve 'registry.k8s.io/sig-storage/snapshot-controller:v7.0.1':\n  - snap: snap file \"registry.k8s.io/sig-storage/snapshot-controller:v7.0.1\" does not exist\n  - docker: docker not available: failed to connect to Docker daemon. Ensure Docker is running and accessible\n  - podman: podman not available: making http client: connection to bastion host=\"127.0.0.1:49782\" failed: dial tcp 127.0.0.1:49782: connect: connection refused\n  - containerd: containerd not available: no grpc connection or services is available: unavailable\n  - oci-registry: unable to populate layer cache dir=\"/var/folders/9k/fl6gd1tx67dgc9b5njv0sjh40000gn/T/stereoscope-4231700358/oci-registry-image-1507084821/sha256:7df4dc382dc14f8c75a70c0e22d79acf5e5cb9a542995b65afcac2a40b8665b1\" : read tcp 192.168.1.109:54888->52.216.57.202:443: read: connection reset by peer\n  - snap: no snap found with name 'registry.k8s.io/sig-storage/snapshot-controller:v7.0.1'\n  - additionally, the following providers failed with file does not exist: docker-archive, oci-archive, oci-dir, singularity, local-file, local-directory"
[2m2026-02-23T22:39:23-05:00[0m [93mWRN[0m Scan failed for image [2msubsys=[0mvul [2mimage=[0mquay.io/cilium/cilium-envoy:v1.35.9-1770979049-232ed4a26881e4ab4f766f251f258ed424fff663@sha256:8188114a2768b5f49d6ce58e168b20d765e0fbc64eee0d83241aa2b150ccd788 [2merror=[0m"failed to analyze image packages: errors occurred attempting to resolve 'quay.io/cilium/cilium-envoy:v1.35.9-1770979049-232ed4a26881e4ab4f766f251f258ed424fff663@sha256:8188114a2768b5f49d6ce58e168b20d765e0fbc64eee0d83241aa2b150ccd788':\n  - snap: snap file \"quay.io/cilium/cilium-envoy:v1.35.9-1770979049-232ed4a26881e4ab4f766f251f258ed424fff663@sha256:8188114a2768b5f49d6ce58e168b20d765e0fbc64eee0d83241aa2b150ccd788\" does not exist\n  - docker: docker not available: failed to connect to Docker daemon. Ensure Docker is running and accessible\n  - podman: podman not available: making http client: connection to bastion host=\"127.0.0.1:49782\" failed: dial tcp 127.0.0.1:49782: connect: connection refused\n  - containerd: containerd not available: no grpc connection or services is available: unavailable\n  - oci-registry: unable to populate layer cache dir=\"/var/folders/9k/fl6gd1tx67dgc9b5njv0sjh40000gn/T/stereoscope-4135734102/oci-registry-image-281842458/sha256:2e2861f79f6a0e99f08f9fed5cef35e795a3f6b8fe72c2323cd4a14de4073f90\" : read tcp 192.168.1.109:54593->23.219.2.75:443: read: connection reset by peer\n  - snap: no snap found with name 'quay.io/cilium/cilium-envoy:v1.35.9-1770979049-232ed4a26881e4ab4f766f251f258ed424fff663'\n  - additionally, the following providers failed with file does not exist: docker-archive, oci-archive, oci-dir, singularity, local-file, local-directory"
[2m2026-02-23T22:39:32-05:00[0m [93mWRN[0m Scan failed for image [2msubsys=[0mvul [2mimage=[0mhjacobs/kube-ops-view:20.4.0 [2merror=[0m"failed to analyze image packages: errors occurred attempting to resolve 'hjacobs/kube-ops-view:20.4.0':\n  - snap: snap file \"hjacobs/kube-ops-view:20.4.0\" does not exist\n  - docker: docker not available: failed to connect to Docker daemon. Ensure Docker is running and accessible\n  - podman: podman not available: making http client: connection to bastion host=\"127.0.0.1:49782\" failed: dial tcp 127.0.0.1:49782: connect: connection refused\n  - containerd: containerd not available: no grpc connection or services is available: unavailable\n  - oci-registry: unable to populate layer cache dir=\"/var/folders/9k/fl6gd1tx67dgc9b5njv0sjh40000gn/T/stereoscope-1687206726/oci-registry-image-1499738759/sha256:a155b2731c53367b83963d0ccff6010fa04017769a1bfd4a7d4c50fcb3b59ce0\" : read tcp 192.168.1.109:54784->104.16.98.215:443: read: operation timed out\n  - snap: no snap found with name 'hjacobs/kube-ops-view:20.4.0'\n  - additionally, the following providers failed with file does not exist: docker-archive, oci-archive, oci-dir, singularity, local-file, local-directory"
[2m2026-02-23T22:39:32-05:00[0m [93mWRN[0m Scan failed for image [2msubsys=[0mvul [2mimage=[0mdocker.io/longhornio/longhorn-manager:v1.11.0 [2merror=[0m"failed to analyze image packages: errors occurred attempting to resolve 'docker.io/longhornio/longhorn-manager:v1.11.0':\n  - snap: snap file \"docker.io/longhornio/longhorn-manager:v1.11.0\" does not exist\n  - docker: docker not available: failed to connect to Docker daemon. Ensure Docker is running and accessible\n  - podman: podman not available: making http client: connection to bastion host=\"127.0.0.1:49782\" failed: dial tcp 127.0.0.1:49782: connect: connection refused\n  - containerd: containerd not available: no grpc connection or services is available: unavailable\n  - oci-registry: unable to populate layer cache dir=\"/var/folders/9k/fl6gd1tx67dgc9b5njv0sjh40000gn/T/stereoscope-1103037879/oci-registry-image-3156218484/sha256:b539794ade5d10d0e76abbe8bc26ba459eeb38e21f746e473798931879a2b07a\" : read tcp 192.168.1.109:54602->104.16.98.215:443: read: operation timed out\n  - snap: no snap found with name 'docker.io/longhornio/longhorn-manager:v1.11.0'\n  - additionally, the following providers failed with file does not exist: docker-archive, oci-archive, oci-dir, singularity, local-file, local-directory"
[2m2026-02-23T22:55:03-05:00[0m [93mWRN[0m Scan failed for image [2msubsys=[0mvul [2mimage=[0mrommapp/romm:latest [2merror=[0m"failed to analyze image packages: errors occurred attempting to resolve 'rommapp/romm:latest':\n  - snap: snap file \"rommapp/romm:latest\" does not exist\n  - docker: docker not available: failed to connect to Docker daemon. Ensure Docker is running and accessible\n  - podman: podman not available: making http client: connection to bastion host=\"127.0.0.1:49782\" failed: dial tcp 127.0.0.1:49782: connect: connection refused\n  - containerd: containerd not available: no grpc connection or services is available: unavailable\n  - oci-registry: unable to populate layer cache dir=\"/var/folders/9k/fl6gd1tx67dgc9b5njv0sjh40000gn/T/stereoscope-3784503594/oci-registry-image-402385923/sha256:bafbca2a460beea955835e37c16de55f82073d5a5518141d1ebcc9bd4a6dd204\" : read tcp 192.168.1.109:54876->104.16.98.215:443: read: operation timed out\n  - snap: no snap found with name 'rommapp/romm:latest'\n  - additionally, the following providers failed with file does not exist: docker-archive, oci-archive, oci-dir, singularity, local-file, local-directory"
[2m2026-02-24T02:09:24-05:00[0m [93mWRN[0m Auth request failed [2msubsys=[0mclient [2msubsys=[0mcan [2merror=[0m"Post \"https://192.168.1.101:6443/apis/authorization.k8s.io/v1/selfsubjectaccessreviews\": read tcp 192.168.1.109:55136->192.168.1.101:6443: read: connection reset by peer"
[2m2026-02-24T02:09:24-05:00[0m [91mERR[0m Refresh failed [2mgvr=[0mv1/pods
[2m2026-02-24T02:09:25-05:00[0m [91mERR[0m Refresh failed [2mgvr=[0mv1/pods
[2m2026-02-24T02:09:25-05:00[0m [91mERR[0m Refresh failed [2mgvr=[0mv1/pods
[2m2026-02-24T02:09:26-05:00[0m [91mERR[0m Refresh failed [2mgvr=[0mv1/pods
[2m2026-02-24T02:09:27-05:00[0m [91mERR[0m Refresh failed [2mgvr=[0mv1/pods
[2m2026-02-24T02:44:16-05:00[0m [91mERR[0m Refresh failed [2mgvr=[0mv1/pods
[2m2026-02-24T02:44:18-05:00[0m [91mERR[0m Refresh failed [2mgvr=[0mv1/pods
[2m2026-02-24T02:44:21-05:00[0m [91mERR[0m Refresh failed [2mgvr=[0mv1/pods
[2m2026-02-24T02:44:28-05:00[0m [91mERR[0m Refresh failed [2mgvr=[0mv1/pods
[2m2026-02-24T03:19:22-05:00[0m [91mERR[0m Refresh failed [2mgvr=[0mv1/pods
[2m2026-02-24T03:54:19-05:00[0m [91mERR[0m Refresh failed [2mgvr=[0mv1/pods
[2m2026-02-24T04:29:37-05:00[0m [93mWRN[0m Auth request failed [2msubsys=[0mclient [2msubsys=[0mcan [2merror=[0m"Post \"https://192.168.1.101:6443/apis/authorization.k8s.io/v1/selfsubjectaccessreviews\": read tcp 192.168.1.109:55175->192.168.1.101:6443: read: connection reset by peer"
[2m2026-02-24T04:29:37-05:00[0m [91mERR[0m Refresh failed [2mgvr=[0mv1/pods
[2m2026-02-24T04:29:37-05:00[0m [91mERR[0m Refresh failed [2mgvr=[0mv1/pods
[2m2026-02-24T04:29:38-05:00[0m [91mERR[0m Refresh failed [2mgvr=[0mv1/pods
[2m2026-02-24T04:29:39-05:00[0m [91mERR[0m Refresh failed [2mgvr=[0mv1/pods
[2m2026-02-24T04:29:40-05:00[0m [91mERR[0m Refresh failed [2mgvr=[0mv1/pods
[2m2026-02-24T04:29:42-05:00[0m [91mERR[0m Refresh failed [2mgvr=[0mv1/pods
[2m2026-02-24T04:29:42-05:00[0m [91mERR[0m Refresh failed [2mgvr=[0mv1/pods
[2m2026-02-24T04:29:44-05:00[0m [91mERR[0m Refresh failed [2mgvr=[0mv1/pods
[2m2026-02-24T05:04:20-05:00[0m [91mERR[0m Refresh failed [2mgvr=[0mv1/pods
[2m2026-02-24T05:04:27-05:00[0m [93mWRN[0m Scan failed for image [2msubsys=[0mvul [2mimage=[0mghcr.io/immich-app/immich-machine-learning:v2.0.0 [2merror=[0m"failed to analyze image packages: errors occurred attempting to resolve 'ghcr.io/immich-app/immich-machine-learning:v2.0.0':\n  - snap: snap file \"ghcr.io/immich-app/immich-machine-learning:v2.0.0\" does not exist\n  - docker: docker not available: failed to connect to Docker daemon. Ensure Docker is running and accessible\n  - podman: podman not available: making http client: connection to bastion host=\"127.0.0.1:49782\" failed: dial tcp 127.0.0.1:49782: connect: connection refused\n  - containerd: containerd not available: no grpc connection or services is available: unavailable\n  - oci-registry: unable to populate layer cache dir=\"/var/folders/9k/fl6gd1tx67dgc9b5njv0sjh40000gn/T/stereoscope-37081457/oci-registry-image-814213683/sha256:07d4c428e5bd1876bbc1c2412d105f749f49898b64c684185c5123c73c8e9e7e\" : read tcp 192.168.1.109:54568->185.199.110.154:443: read: operation timed out\n  - snap: no snap found with name 'ghcr.io/immich-app/immich-machine-learning:v2.0.0'\n  - additionally, the following providers failed with file does not exist: docker-archive, oci-archive, oci-dir, singularity, local-file, local-directory"
[2m2026-02-24T05:04:27-05:00[0m [93mWRN[0m Scan failed for image [2msubsys=[0mvul [2mimage=[0mquay.io/argoproj/argocd:v3.3.2 [2merror=[0m"failed to analyze image packages: errors occurred attempting to resolve 'quay.io/argoproj/argocd:v3.3.2':\n  - snap: snap file \"quay.io/argoproj/argocd:v3.3.2\" does not exist\n  - docker: docker not available: failed to connect to Docker daemon. Ensure Docker is running and accessible\n  - podman: podman not available: making http client: connection to bastion host=\"127.0.0.1:49782\" failed: dial tcp 127.0.0.1:49782: connect: connection refused\n  - containerd: containerd not available: no grpc connection or services is available: unavailable\n  - oci-registry: unable to populate layer cache dir=\"/var/folders/9k/fl6gd1tx67dgc9b5njv0sjh40000gn/T/stereoscope-1521813671/oci-registry-image-1812070684/sha256:4f4889d68f46ba5351a381396633429081552baaaaf3f6a6d328a5fc85787209\" : read tcp 192.168.1.109:54834->23.219.2.75:443: read: operation timed out\n  - snap: no snap found with name 'quay.io/argoproj/argocd:v3.3.2'\n  - additionally, the following providers failed with file does not exist: docker-archive, oci-archive, oci-dir, singularity, local-file, local-directory"
[2m2026-02-24T05:04:27-05:00[0m [91mERR[0m Refresh failed [2mgvr=[0mv1/pods
[2m2026-02-24T05:04:27-05:00[0m [93mWRN[0m Scan failed for image [2msubsys=[0mvul [2mimage=[0mghcr.io/tailscale/tailscale:latest [2merror=[0m"failed to analyze image packages: errors occurred attempting to resolve 'ghcr.io/tailscale/tailscale:latest':\n  - snap: snap file \"ghcr.io/tailscale/tailscale:latest\" does not exist\n  - docker: docker not available: failed to connect to Docker daemon. Ensure Docker is running and accessible\n  - podman: podman not available: making http client: connection to bastion host=\"127.0.0.1:49782\" failed: dial tcp 127.0.0.1:49782: connect: connection refused\n  - containerd: containerd not available: no grpc connection or services is available: unavailable\n  - oci-registry: unable to populate layer cache dir=\"/var/folders/9k/fl6gd1tx67dgc9b5njv0sjh40000gn/T/stereoscope-374880259/oci-registry-image-4048361/sha256:af44d6d464620d382f597768b7bacf1326b8bb72118dff5edc2d40c772cc62b7\" : read tcp 192.168.1.109:54732->185.199.111.154:443: read: operation timed out\n  - snap: no snap found with name 'ghcr.io/tailscale/tailscale:latest'\n  - additionally, the following providers failed with file does not exist: docker-archive, oci-archive, oci-dir, singularity, local-file, local-directory"
[2m2026-02-24T05:04:28-05:00[0m [93mWRN[0m Scan failed for image [2msubsys=[0mvul [2mimage=[0mquay.io/argoproj/argocd:v3.3.2 [2merror=[0m"failed to analyze image packages: errors occurred attempting to resolve 'quay.io/argoproj/argocd:v3.3.2':\n  - snap: snap file \"quay.io/argoproj/argocd:v3.3.2\" does not exist\n  - docker: docker not available: failed to connect to Docker daemon. Ensure Docker is running and accessible\n  - podman: podman not available: making http client: connection to bastion host=\"127.0.0.1:49782\" failed: dial tcp 127.0.0.1:49782: connect: connection refused\n  - containerd: containerd not available: no grpc connection or services is available: unavailable\n  - oci-registry: unable to populate layer cache dir=\"/var/folders/9k/fl6gd1tx67dgc9b5njv0sjh40000gn/T/stereoscope-995501787/oci-registry-image-968218701/sha256:1634758912c3f84c42ebef6445b07a4fa8393cac323eadd4d2581e9c71aed5c9\" : read tcp 192.168.1.109:54841->23.219.2.75:443: read: operation timed out\n  - snap: no snap found with name 'quay.io/argoproj/argocd:v3.3.2'\n  - additionally, the following providers failed with file does not exist: docker-archive, oci-archive, oci-dir, singularity, local-file, local-directory"
[2m2026-02-24T05:04:30-05:00[0m [93mWRN[0m Scan failed for image [2msubsys=[0mvul [2mimage=[0mquay.io/cilium/cilium:v1.19.1@sha256:41f1f74a0000de8656f1de4088ea00c8f2d49d6edea579034c73c5fd5fe01792 [2merror=[0m"failed to analyze image packages: errors occurred attempting to resolve 'quay.io/cilium/cilium:v1.19.1@sha256:41f1f74a0000de8656f1de4088ea00c8f2d49d6edea579034c73c5fd5fe01792':\n  - snap: snap file \"quay.io/cilium/cilium:v1.19.1@sha256:41f1f74a0000de8656f1de4088ea00c8f2d49d6edea579034c73c5fd5fe01792\" does not exist\n  - docker: docker not available: failed to connect to Docker daemon. Ensure Docker is running and accessible\n  - podman: podman not available: making http client: connection to bastion host=\"127.0.0.1:49782\" failed: dial tcp 127.0.0.1:49782: connect: connection refused\n  - containerd: containerd not available: no grpc connection or services is available: unavailable\n  - oci-registry: unable to populate layer cache dir=\"/var/folders/9k/fl6gd1tx67dgc9b5njv0sjh40000gn/T/stereoscope-3372806394/oci-registry-image-1487330354/sha256:5690be5440e1fe7edf4a3c8dddf03cea41a0dd904945f185e54cc6b40e1fd922\" : read tcp 192.168.1.109:54641->23.219.2.75:443: read: operation timed out\n  - snap: no snap found with name 'quay.io/cilium/cilium:v1.19.1'\n  - additionally, the following providers failed with file does not exist: docker-archive, oci-archive, oci-dir, singularity, local-file, local-directory"
[2m2026-02-24T05:04:31-05:00[0m [93mWRN[0m Scan failed for image [2msubsys=[0mvul [2mimage=[0mregistry.k8s.io/sig-storage/snapshot-validation-webhook:v7.0.1 [2merror=[0m"failed to analyze image packages: errors occurred attempting to resolve 'registry.k8s.io/sig-storage/snapshot-validation-webhook:v7.0.1':\n  - snap: snap file \"registry.k8s.io/sig-storage/snapshot-validation-webhook:v7.0.1\" does not exist\n  - docker: docker not available: failed to connect to Docker daemon. Ensure Docker is running and accessible\n  - podman: podman not available: making http client: connection to bastion host=\"127.0.0.1:49782\" failed: dial tcp 127.0.0.1:49782: connect: connection refused\n  - containerd: containerd not available: no grpc connection or services is available: unavailable\n  - oci-registry: unable to populate layer cache dir=\"/var/folders/9k/fl6gd1tx67dgc9b5njv0sjh40000gn/T/stereoscope-2034012359/oci-registry-image-1607627039/sha256:b60a559bb067b654ba0011034bb5f506aac4cc12cc810264adfd39a1d547d504\" : read tcp 192.168.1.109:54659->52.217.45.72:443: read: operation timed out\n  - snap: no snap found with name 'registry.k8s.io/sig-storage/snapshot-validation-webhook:v7.0.1'\n  - additionally, the following providers failed with file does not exist: docker-archive, oci-archive, oci-dir, singularity, local-file, local-directory"
[2m2026-02-24T05:39:31-05:00[0m [93mWRN[0m Scan failed for image [2msubsys=[0mvul [2mimage=[0mmariadb:latest [2merror=[0m"failed to analyze image packages: errors occurred attempting to resolve 'mariadb:latest':\n  - snap: snap file \"mariadb:latest\" does not exist\n  - docker: docker not available: failed to connect to Docker daemon. Ensure Docker is running and accessible\n  - podman: podman not available: making http client: connection to bastion host=\"127.0.0.1:49782\" failed: dial tcp 127.0.0.1:49782: connect: connection refused\n  - containerd: containerd not available: no grpc connection or services is available: unavailable\n  - oci-registry: unable to populate layer cache dir=\"/var/folders/9k/fl6gd1tx67dgc9b5njv0sjh40000gn/T/stereoscope-2527549701/oci-registry-image-1089001284/sha256:58d47207ce82871ddb06f4b814b23ff0af2c0bb1f2f08529f43eba6eade4ea78\" : read tcp 192.168.1.109:54806->172.64.66.1:443: read: operation timed out\n  - snap: no snap found with name 'mariadb:latest'\n  - additionally, the following providers failed with file does not exist: docker-archive, oci-archive, oci-dir, singularity, local-file, local-directory"
[2m2026-02-24T05:39:31-05:00[0m [91mERR[0m Refresh failed [2mgvr=[0mv1/pods
[2m2026-02-24T05:39:31-05:00[0m [93mWRN[0m Scan failed for image [2msubsys=[0mvul [2mimage=[0mquay.io/cilium/cilium:v1.19.1@sha256:41f1f74a0000de8656f1de4088ea00c8f2d49d6edea579034c73c5fd5fe01792 [2merror=[0m"failed to analyze image packages: errors occurred attempting to resolve 'quay.io/cilium/cilium:v1.19.1@sha256:41f1f74a0000de8656f1de4088ea00c8f2d49d6edea579034c73c5fd5fe01792':\n  - snap: snap file \"quay.io/cilium/cilium:v1.19.1@sha256:41f1f74a0000de8656f1de4088ea00c8f2d49d6edea579034c73c5fd5fe01792\" does not exist\n  - docker: docker not available: failed to connect to Docker daemon. Ensure Docker is running and accessible\n  - podman: podman not available: making http client: connection to bastion host=\"127.0.0.1:49782\" failed: dial tcp 127.0.0.1:49782: connect: connection refused\n  - containerd: containerd not available: no grpc connection or services is available: unavailable\n  - oci-registry: unable to populate layer cache dir=\"/var/folders/9k/fl6gd1tx67dgc9b5njv0sjh40000gn/T/stereoscope-2860634742/oci-registry-image-652417216/sha256:cba4d87b57fc0c6865e5c5432931e4879d990a9bb61d50dc584cd62aa809d4c9\" : read tcp 192.168.1.109:54592->23.219.2.75:443: read: operation timed out\n  - snap: no snap found with name 'quay.io/cilium/cilium:v1.19.1'\n  - additionally, the following providers failed with file does not exist: docker-archive, oci-archive, oci-dir, singularity, local-file, local-directory"
[2m2026-02-24T05:39:33-05:00[0m [93mWRN[0m Scan failed for image [2msubsys=[0mvul [2mimage=[0mquay.io/cilium/cilium:v1.19.1@sha256:41f1f74a0000de8656f1de4088ea00c8f2d49d6edea579034c73c5fd5fe01792 [2merror=[0m"failed to analyze image packages: errors occurred attempting to resolve 'quay.io/cilium/cilium:v1.19.1@sha256:41f1f74a0000de8656f1de4088ea00c8f2d49d6edea579034c73c5fd5fe01792':\n  - snap: snap file \"quay.io/cilium/cilium:v1.19.1@sha256:41f1f74a0000de8656f1de4088ea00c8f2d49d6edea579034c73c5fd5fe01792\" does not exist\n  - docker: docker not available: failed to connect to Docker daemon. Ensure Docker is running and accessible\n  - podman: podman not available: making http client: connection to bastion host=\"127.0.0.1:49782\" failed: dial tcp 127.0.0.1:49782: connect: connection refused\n  - containerd: containerd not available: no grpc connection or services is available: unavailable\n  - oci-registry: unable to populate layer cache dir=\"/var/folders/9k/fl6gd1tx67dgc9b5njv0sjh40000gn/T/stereoscope-3676083787/oci-registry-image-2950930507/sha256:6f074d5efea5abd3d995a29feaafeb5c5e33a811a7d11f2d2517605c4835c0ba\" : read tcp 192.168.1.109:54757->23.219.2.75:443: read: operation timed out\n  - snap: no snap found with name 'quay.io/cilium/cilium:v1.19.1'\n  - additionally, the following providers failed with file does not exist: docker-archive, oci-archive, oci-dir, singularity, local-file, local-directory"
[2m2026-02-24T05:39:33-05:00[0m [93mWRN[0m Scan failed for image [2msubsys=[0mvul [2mimage=[0mquay.io/argoproj/argocd:v3.3.2 [2merror=[0m"failed to analyze image packages: errors occurred attempting to resolve 'quay.io/argoproj/argocd:v3.3.2':\n  - snap: snap file \"quay.io/argoproj/argocd:v3.3.2\" does not exist\n  - docker: docker not available: failed to connect to Docker daemon. Ensure Docker is running and accessible\n  - podman: podman not available: making http client: connection to bastion host=\"127.0.0.1:49782\" failed: dial tcp 127.0.0.1:49782: connect: connection refused\n  - containerd: containerd not available: no grpc connection or services is available: unavailable\n  - oci-registry: unable to populate layer cache dir=\"/var/folders/9k/fl6gd1tx67dgc9b5njv0sjh40000gn/T/stereoscope-3282320181/oci-registry-image-1529545795/sha256:4f4889d68f46ba5351a381396633429081552baaaaf3f6a6d328a5fc85787209\" : read tcp 192.168.1.109:54597->23.219.2.75:443: read: operation timed out\n  - snap: no snap found with name 'quay.io/argoproj/argocd:v3.3.2'\n  - additionally, the following providers failed with file does not exist: docker-archive, oci-archive, oci-dir, singularity, local-file, local-directory"
[2m2026-02-24T05:39:37-05:00[0m [91mERR[0m Refresh failed [2mgvr=[0mv1/pods
[2m2026-02-24T05:39:38-05:00[0m [93mWRN[0m Scan failed for image [2msubsys=[0mvul [2mimage=[0mquay.io/backube/volsync:0.13.0 [2merror=[0m"failed to analyze image packages: errors occurred attempting to resolve 'quay.io/backube/volsync:0.13.0':\n  - snap: snap file \"quay.io/backube/volsync:0.13.0\" does not exist\n  - docker: docker not available: failed to connect to Docker daemon. Ensure Docker is running and accessible\n  - podman: podman not available: making http client: connection to bastion host=\"127.0.0.1:49782\" failed: dial tcp 127.0.0.1:49782: connect: connection refused\n  - containerd: containerd not available: no grpc connection or services is available: unavailable\n  - oci-registry: unable to populate layer cache dir=\"/var/folders/9k/fl6gd1tx67dgc9b5njv0sjh40000gn/T/stereoscope-3660641891/oci-registry-image-3228327575/sha256:9dcb6699044a1678922d312f75d64d61a5b8682ac182f2860bd0b924d18938f5\" : read tcp 192.168.1.109:54493->23.219.2.75:443: read: operation timed out\n  - snap: no snap found with name 'quay.io/backube/volsync:0.13.0'\n  - additionally, the following providers failed with file does not exist: docker-archive, oci-archive, oci-dir, singularity, local-file, local-directory"
[2m2026-02-24T06:14:34-05:00[0m [91mERR[0m Refresh failed [2mgvr=[0mv1/pods
[2m2026-02-24T06:49:34-05:00[0m [91mERR[0m Refresh failed [2mgvr=[0mv1/pods
[2m2026-02-24T07:20:05-05:00[0m [91mERR[0m Refresh failed [2mgvr=[0mv1/pods
[2m2026-02-24T07:20:05-05:00[0m [93mWRN[0m Reconciler exited [2merror=[0m"[list] access denied on resource \"\":\"v1/pods\""
[2m2026-02-24T07:20:05-05:00[0m [91mERR[0m Flash error [2merror=[0m"[list] access denied on resource \"\":\"v1/pods\""
[2m2026-02-24T07:20:20-05:00[0m [91mERR[0m Refresh failed [2mgvr=[0mv1/pods
[2m2026-02-24T07:20:20-05:00[0m [93mWRN[0m Reconciler exited [2merror=[0m"[list] access denied on resource \"authelia\":\"v1/pods\""
[2m2026-02-24T07:20:20-05:00[0m [91mERR[0m Flash error [2merror=[0m"[list] access denied on resource \"authelia\":\"v1/pods\""
[2m2026-02-25T00:54:17-05:00[0m [93mWRN[0m Auth request failed [2msubsys=[0mclient [2msubsys=[0mcan [2merror=[0m"Post \"https://192.168.1.101:6443/apis/authorization.k8s.io/v1/selfsubjectaccessreviews\": read tcp 192.168.1.109:57997->192.168.1.101:6443: read: connection reset by peer"
[2m2026-02-25T12:39:07-05:00[0m [91mERR[0m Unable to fetch server version [2merror=[0m"Get \"https://192.168.1.101:6443/version?timeout=2m0s\": dial tcp 192.168.1.101:6443: connect: connection refused"
[2m2026-02-25T12:39:07-05:00[0m [91mERR[0m Cluster updates failed. Giving up ;( [2merror=[0m"conn check failed (1/5)"
[2m2026-02-25T12:39:07-05:00[0m [91mERR[0m Unable to fetch server version [2merror=[0m"Get \"https://192.168.1.101:6443/version?timeout=2m0s\": dial tcp 192.168.1.101:6443: connect: connection refused"
[2m2026-02-25T12:39:07-05:00[0m [91mERR[0m Cluster updates failed. Giving up ;( [2merror=[0m"conn check failed (1/5)"
[2m2026-02-25T12:39:15-05:00[0m [91mERR[0m Unable to fetch server version [2merror=[0m"Get \"https://192.168.1.101:6443/version?timeout=2m0s\": dial tcp 192.168.1.101:6443: connect: connection refused"
[2m2026-02-25T12:39:15-05:00[0m [91mERR[0m Cluster updates failed. Giving up ;( [2merror=[0m"conn check failed (2/5)"
[2m2026-02-25T12:39:21-05:00[0m [91mERR[0m Unable to fetch server version [2merror=[0m"Get \"https://192.168.1.101:6443/version?timeout=2m0s\": dial tcp 192.168.1.101:6443: connect: connection refused"
[2m2026-02-25T12:39:21-05:00[0m [91mERR[0m Cluster updates failed. Giving up ;( [2merror=[0m"conn check failed (2/5)"
[2m2026-02-25T12:39:35-05:00[0m [91mERR[0m Unable to fetch server version [2merror=[0m"Get \"https://192.168.1.101:6443/version?timeout=2m0s\": dial tcp 192.168.1.101:6443: connect: connection refused"
[2m2026-02-25T12:39:35-05:00[0m [91mERR[0m Cluster updates failed. Giving up ;( [2merror=[0m"conn check failed (3/5)"
[2m2026-02-25T12:39:44-05:00[0m [91mERR[0m Unable to fetch server version [2merror=[0m"Get \"https://192.168.1.101:6443/version?timeout=2m0s\": dial tcp 192.168.1.101:6443: connect: connection refused"
[2m2026-02-25T12:39:44-05:00[0m [91mERR[0m Cluster updates failed. Giving up ;( [2merror=[0m"conn check failed (3/5)"
[2m2026-02-25T12:40:13-05:00[0m [91mERR[0m Unable to fetch server version [2merror=[0m"Get \"https://192.168.1.101:6443/version?timeout=2m0s\": dial tcp 192.168.1.101:6443: connect: connection refused"
[2m2026-02-25T12:40:13-05:00[0m [91mERR[0m Cluster updates failed. Giving up ;( [2merror=[0m"conn check failed (4/5)"
[2m2026-02-25T12:40:13-05:00[0m [93mWRN[0m Namespace validation failed [2mns=[0mauthelia [2merror=[0m"user not authorized to list all namespaces"
[2m2026-02-25T12:40:16-05:00[0m [91mERR[0m Unable to fetch server version [2merror=[0m"Get \"https://192.168.1.101:6443/version?timeout=2m0s\": dial tcp 192.168.1.101:6443: connect: connection refused"
[2m2026-02-25T12:40:16-05:00[0m [91mERR[0m Cluster updates failed. Giving up ;( [2merror=[0m"conn check failed (4/5)"
[2m2026-02-25T12:40:50-05:00[0m [91mERR[0m Unable to fetch server version [2merror=[0m"Get \"https://192.168.1.101:6443/version?timeout=2m0s\": dial tcp 192.168.1.101:6443: connect: connection refused"
[2m2026-02-25T12:40:50-05:00[0m [91mERR[0m Conn check failed. Bailing out! [2mretry=[0m5 [2mmax-retries=[0m5
[2m2026-02-25T12:40:50-05:00[0m [93mWRN[0m Namespace validation failed [2mns=[0mbudget [2merror=[0m"user not authorized to list all namespaces"
